open_year,cards,customers,pct_of_cards,mean_y1_value,ci_low,ci_high,median_y1_value,pct_of_y1_value,pct_credit,mean_purchase_volume,mean_y1_interchange,mean_y1_amex_fee,mean_active_months,pct_first_card,n_credit,mean_credit,n_debit,mean_debit,n_prepaid,mean_prepaid,median_credit_limit_credit,mix_adjusted_mean
2010,471,398,0.2954830614805521,205.39319554140127,185.52162851428196,228.0389837539172,130.19634,0.3254267401655031,0.37579617834394907,21358.05632696391,199.54393864118896,5.849256900212314,11.768577494692144,0.12526539278131635,177,394.2145907344633,255,105.74200996078432,39,0.0,10900.0,190.09047712635328
2011,289,250,0.18130489335006272,183.3701211245675,157.7646949428539,212.89199592100044,100.352645,0.17826771242496597,0.33217993079584773,19217.407508650518,177.12444638408306,6.2456747404844295,11.70242214532872,0.09342560553633218,96,392.07639895833336,166,92.49777533132531,27,0.0,10850.0,181.4840480278407
2012,161,154,0.10100376411543287,176.2496,150.42128917293857,204.74163827546295,113.879355,0.09545535409137593,0.32298136645962733,20067.216335403726,169.1688546583851,7.080745341614906,11.869565217391305,0.08074534161490683,52,346.6284588461539,95,108.96321831578948,14,0.0,8550.0,176.70159751758115
2013,168,154,0.1053952321204517,204.8883152380952,157.11957828154385,259.6167883571691,105.373365,0.11579045219805569,0.2619047619047619,21136.62869047619,199.2335533333333,5.654761904761905,11.577380952380953,0.08928571428571429,44,537.5242627272727,113,95.31123362831859,11,0.0,7200.0,229.97587981610945
2014,146,139,0.09159347553324969,139.50300674657535,109.18114217396888,178.3673971351292,91.0959475,0.06851453284290858,0.2671232876712329,16915.535410958903,135.59889715753425,3.904109589041096,11.650684931506849,0.03424657534246575,39,284.0095230769231,100,92.91067584999999,7,0.0,8400.0,146.95154292566596
2015,125,119,0.07841907151819323,186.08695211999998,146.61460115342854,231.6828507290215,90.166315,0.07824781383936041,0.328,18418.093760000003,176.96695211999997,9.12,11.416,0.088,41,412.908643902439,72,87.939091875,12,0.0,7200.0,185.46304195660366
2016,98,94,0.06148055207026349,188.73108596938778,142.23669787685532,246.8197018134075,99.360185,0.06221796345479452,0.2857142857142857,18261.749795918367,182.91475943877555,5.816326530612245,11.846938775510203,0.061224489795918366,28,439.7487085714286,66,93.67700886363637,4,0.0,9150.0,197.53154137025618
2017,74,72,0.04642409033877039,158.46074939189188,113.02471812561426,212.9301806678082,87.502745,0.0394457031520931,0.28378378378378377,15631.548108108105,150.75804668918917,7.702702702702703,11.45945945945946,0.04054054054054054,21,384.09580857142856,49,74.69558112244897,4,0.0,7100.0,168.2722952364095
2018,62,58,0.03889585947302384,175.64797532258063,108.5617001226206,272.3456611965516,77.9248575,0.03663372783094258,0.24193548387096775,19504.99080645161,166.45442693548387,9.193548387096774,11.435483870967742,0.0,15,514.92824,37,85.57434783783783,10,0.0,12400.0,216.88239686917154
