state_abbr,cards,customers,pct_of_cards,mean_y1_value,ci_low,ci_high,median_y1_value,pct_of_y1_value,pct_credit,mean_purchase_volume,mean_y1_interchange,mean_y1_amex_fee,mean_active_months,pct_first_card,n_credit,mean_credit,n_debit,mean_debit,n_prepaid,mean_prepaid,median_credit_limit_credit
CA,217,115,0.13613550815558345,209.81415960829491,170.61608313873822,254.20311225353814,111.458515,0.15315839430646921,0.33640552995391704,21191.36866359447,203.68512735023043,6.129032258064516,11.751152073732719,0.09216589861751152,73,450.54906630136986,128,98.7468030859375,16,0.0,11000.0
TX,130,75,0.08155583437892096,193.3626201538462,154.02229605070715,240.14673072827415,112.97592,0.08455945039797068,0.4076923076923077,19466.087846153845,184.59338938461542,8.76923076923077,11.823076923076924,0.05384615384615385,53,347.05875849056605,70,96.32894885714286,7,0.0,9200.0
NY,121,64,0.07590966122961104,178.02337528925622,141.02900814238578,219.8578661852503,96.65693,0.07246172661409857,0.24793388429752067,21717.805289256197,175.66800338842978,2.3553719008264467,11.809917355371901,0.08264462809917356,30,445.3124059999999,81,101.0056324691358,10,0.0,8850.0
FL,97,59,0.06085319949811794,156.8731413917526,124.25719526318217,195.85371420319143,124.237715,0.05118781652318675,0.4020618556701031,16768.970721649483,150.0174712886598,6.855670103092783,11.793814432989691,0.08247422680412371,39,263.73357435897435,51,96.68794735294118,7,0.0,6900.0
NC,67,39,0.04203262233375157,147.27501634328357,112.19934790704087,188.71676932886902,84.431775,0.03319327922173965,0.2537313432835821,16405.67567164179,141.6033745522388,5.671641791044777,11.776119402985074,0.1044776119402985,17,372.8777835294118,43,82.05822732558141,7,0.0,9500.0
OH,66,43,0.04140526976160602,174.48928575757574,125.64988047457285,229.6800412850449,97.91810000000001,0.03873994300246205,0.3333333333333333,18647.481363636365,170.17110393939393,4.318181818181818,11.590909090909092,0.06060606060606061,22,355.8982527272727,39,94.52644358974358,5,0.0,9700.0
PA,64,34,0.04015056461731493,160.05655171875,126.47448287862316,196.49255415096644,105.91378,0.034458764902260366,0.34375,17523.7715625,155.60342671875,4.453125,11.953125,0.09375,22,309.3094827272728,39,88.17463307692307,3,0.0,8650.0
IL,51,29,0.031994981179422836,142.7663624509804,103.20622501362067,192.7300101395672,81.935465,0.02449302057302933,0.23529411764705882,17256.51392156863,135.31538205882353,7.450980392156864,11.137254901960784,0.058823529411764705,12,359.7799066666667,34,87.16840014705882,5,0.0,12650.0
TN,47,28,0.029485570890840654,224.02642063829785,149.12226437608695,314.88910945494564,104.765565,0.03541957737508793,0.2765957446808511,21295.40510638298,217.9625908510638,6.0638297872340425,11.106382978723405,0.14893617021276595,13,559.998696923077,32,101.5393346875,2,0.0,8000.0
NJ,45,26,0.028230865746549563,324.07881499999996,200.12165125271738,502.64686649252656,160.115655,0.049057954137790565,0.4888888888888889,24600.886222222223,321.9677038888888,2.111111111111111,11.622222222222222,0.06666666666666667,22,556.4072109090907,21,111.5518111904762,2,0.0,11200.0
MI,45,26,0.028230865746549563,182.74087777777777,108.22286275649353,278.4907274228722,94.175855,0.02766269557336481,0.28888888888888886,17827.54888888889,178.51865555555557,4.222222222222223,11.733333333333333,0.06666666666666667,13,461.5974630769231,23,96.63358608695651,9,0.0,13000.0
IN,40,24,0.025094102885821833,136.34596474999998,80.40523713003402,210.35045767678568,80.40296,0.018346302815472858,0.225,13554.5815,126.84596475000001,9.5,11.475,0.0,9,400.4956222222222,25,73.97511959999999,6,0.0,11800.0
GA,40,23,0.025094102885821833,130.566940625,93.47795836529258,173.94454620357138,90.672135,0.017568694715595648,0.2,16670.95325,125.816940625,4.750000000000001,11.725,0.15,8,309.66047000000003,28,98.04978089285716,4,0.0,8550.0
VA,34,17,0.02132998745294856,232.62827808823528,155.88201818678164,326.093602339184,124.68085249999999,0.02660649704531483,0.4117647058823529,20649.16176470588,218.65768985294116,13.970588235294118,11.823529411764707,0.058823529411764705,14,466.5778957142856,16,86.0794321875,4,0.0,13750.0
SC,34,14,0.02132998745294856,121.25330676470588,77.21677920638794,182.5832114342237,95.389195,0.013868158139167154,0.23529411764705882,16064.400882352942,118.45918911764707,2.7941176470588234,11.941176470588236,0.029411764705882353,8,277.939345,24,79.12906958333333,2,0.0,9000.0
WI,32,19,0.020075282308657464,176.68972640624997,117.83172784705884,253.5797742767856,139.0282375,0.019019870406730838,0.4375,16217.314062500001,164.81472640624997,11.875,11.1875,0.0625,14,281.13793857142855,17,101.067065,1,0.0,10950.0
MD,30,17,0.018820577164366373,268.43137349999995,156.6395971782258,403.20033208753284,120.0115075,0.027089488525205676,0.3333333333333333,29719.791333333334,265.2647068333333,3.1666666666666647,11.7,0.1,10,603.408614,18,112.15861472222221,2,0.0,13950.0
MS,28,12,0.01756587202007528,108.86224964285714,78.49355881985294,153.39719613690468,63.73784,0.010253723757417042,0.21428571428571427,12063.124285714284,105.4693925,3.392857142857142,11.392857142857142,0.10714285714285714,6,226.1259233333333,18,93.96596944444445,4,0.0,7550.0
AZ,28,15,0.01756587202007528,202.47869535714284,141.2073643671875,276.99890545480764,138.8852925,0.019071446858443347,0.42857142857142855,20077.38892857143,188.90726678571426,13.571428571428573,12.0,0.10714285714285714,12,370.95990166666667,12,101.49038750000001,4,0.0,10450.0
WA,27,17,0.016938519447929738,151.6633301851852,110.7842532734914,188.7672950310714,91.08115,0.013774968962305179,0.25925925925925924,19621.641481481478,151.6633301851852,0.0,11.333333333333334,0.0,7,320.4669342857143,19,97.4548092105263,1,0.0,12800.0
KY,26,13,0.01631116687578419,171.55942346153844,105.4974653125,240.18929513499992,105.395435,0.015004937921257112,0.19230769230769232,21421.497307692305,171.55942346153844,0.0,11.5,0.15384615384615385,5,473.4674279999999,18,116.2893261111111,3,0.0,8900.0
OK,23,13,0.014429109159347553,160.2276054347826,99.68729220935963,237.2165503854166,112.94982,0.012396853108959795,0.34782608695652173,14199.012173913045,151.9667358695652,8.26086956521739,12.0,0.13043478260869565,8,324.1615175,13,83.99559884615384,2,0.0,7400.0
AL,22,17,0.013801756587202008,251.80183068181822,158.50352230855265,349.6274859229248,196.042175,0.018634933230383587,0.5454545454545454,20698.375,247.4836488636364,4.318181818181818,12.0,0.09090909090909091,12,387.4141316666667,8,111.333836875,2,0.0,7350.0
CO,22,12,0.013801756587202008,190.22321931818186,140.02388402547024,264.24131335,139.64979499999998,0.014077725254278266,0.3181818181818182,25907.976363636368,185.90503750000002,4.318181818181818,12.0,0.13636363636363635,7,335.4560428571428,14,131.19418035714287,1,0.0,9000.0
MO,20,13,0.012547051442910916,133.02087075000003,90.27503299184782,184.5259401414473,92.198145,0.008949444085243369,0.25,18878.712,128.27087075000003,4.750000000000001,11.7,0.15,5,246.66169599999998,13,109.77761038461537,2,0.0,6400.0
LA,20,11,0.012547051442910916,208.08427825000004,99.11793842500002,301.3424548380681,102.1546375,0.013999597226487092,0.4,16989.112999999998,193.83427825000004,14.25,12.0,0.05,8,424.7080275,11,69.4564859090909,1,0.0,8250.0
CT,20,10,0.012547051442910916,167.561406,110.45784820588234,224.67654904166665,113.022595,0.011273279338699283,0.25,20332.2975,162.811406,4.750000000000003,12.0,0.0,5,400.3012,14,96.40872285714288,1,0.0,9800.0
MA,18,12,0.011292346298619825,431.5283419444445,174.71475324374998,805.1568436544114,132.398115,0.026129319941221536,0.3333333333333333,41991.202222222215,415.6950086111112,15.83333333333333,12.0,0.2222222222222222,6,1107.77413,11,101.89685227272726,1,0.0,14050.0
IA,16,10,0.010037641154328732,207.2110321875,108.98971626056988,356.2053694711538,160.81340999999998,0.01115267723599739,0.25,25651.989999999998,201.2735321875,5.9375,12.0,0.1875,4,467.84388499999994,11,131.27281590909092,1,0.0,9100.0
AR,16,8,0.010037641154328732,144.336839375,90.94072043157895,227.59019627083327,124.73234249999999,0.007768612345682249,0.3125,17231.208749999998,138.399339375,5.9375,12.0,0.125,5,226.16034399999998,9,130.95418999999998,2,0.0,5900.0
KS,16,9,0.010037641154328732,190.1340934375,74.93595952500002,331.97817413065604,84.1249375,0.010233548635328531,0.25,21464.143125000002,190.1340934375,0.0,11.375,0.0625,4,556.45119,12,68.02839458333334,0,,10850.0
MN,15,11,0.009410288582183186,137.45868933333335,58.10882437178308,302.9448356145833,60.530185,0.006936010382901732,0.06666666666666667,16186.532000000001,131.125356,6.333333333333341,11.866666666666667,0.2,1,1042.3475600000002,14,72.82377,0,,13700.0
HI,14,7,0.00878293601003764,94.35991607142857,40.48351276785714,117.05593697857145,48.923575,0.004443875247588958,0.14285714285714285,10846.621428571429,94.35991607142857,0.0,12.0,0.0,2,334.32831,10,65.2382205,2,0.0,9150.0
NM,13,8,0.008155583437892095,122.38949423076922,68.74968061718748,207.36240102272723,72.400845,0.005352217692543297,0.38461538461538464,13161.046153846155,115.08180192307691,7.3076923076923075,10.923076923076923,0.0,5,207.74782,8,69.040540625,0,,8700.0
NV,12,5,0.0075282308657465494,119.5128325,51.47850681818181,196.5965273333333,72.70486249999999,0.004824386154882269,0.16666666666666666,16281.679166666667,119.5128325,0.0,12.0,0.16666666666666666,2,447.42888,7,77.04231857142858,3,0.0,15300.0
NH,9,5,0.0056461731493099125,375.60788833333334,118.99679923076923,1026.5484359999998,93.23154,0.011371650170745673,0.4444444444444444,28285.720000000005,365.0523327777778,10.555555555555555,10.444444444444445,0.1111111111111111,4,775.631645,4,69.48610375,1,0.0,10100.0
OR,8,6,0.005018820577164366,238.519279375,76.54569500000001,547.2771665714284,105.0657775,0.006418887327931897,0.5,18586.17125,226.644279375,11.875,11.125,0.125,4,410.20216999999997,4,66.83638875,0,,12150.0
RI,8,4,0.005018820577164366,464.77679,210.91738333333333,617.092434,456.946895,0.012507793313250129,0.5,37348.15,429.15179,35.625,12.0,0.0,4,812.1305399999999,3,156.5640533333333,1,0.0,12900.0
WV,7,4,0.00439146800501882,156.34788928571427,51.60606375,237.46560250000002,124.01181,0.0036815977807972077,0.14285714285714285,18470.535714285714,142.77646071428572,13.571428571428571,10.285714285714286,0.2857142857142857,1,492.31796,6,100.35287749999999,0,,7200.0
UT,7,4,0.00439146800501882,188.79201142857144,31.225755,257.8881157142857,223.582655,0.004445574887407054,0.42857142857142855,15374.954285714284,161.6491542857143,27.142857142857146,10.857142857142858,0.14285714285714285,3,313.01451333333335,4,95.625135,0,,6600.0
NE,6,4,0.0037641154328732747,185.51181,73.5096325,395.6791,137.11414,0.0037442866552892975,0.5,18937.953333333335,153.84514333333334,31.666666666666682,10.666666666666666,0.0,3,302.62017333333336,2,102.60517,1,0.0,14700.0
ID,6,4,0.0037641154328732747,162.7762,111.089715,248.868245,144.8714175,0.00328540136317306,0.16666666666666666,35683.416666666664,162.7762,0.0,10.833333333333334,0.3333333333333333,1,214.70652,5,152.390136,0,,11300.0
VT,6,3,0.0037641154328732747,139.11665333333335,102.96856666666667,315.96948000000003,104.91237,0.0028078677503308677,0.6666666666666666,12887.831666666667,123.28332,15.833333333333334,12.0,0.0,4,156.218795,2,104.91237,0,,10850.0
MT,5,2,0.003136762860727729,91.47030299999999,50.59491499999999,152.783385,85.851345,0.0015384960975358235,0.0,18274.206,91.47030299999999,0.0,10.0,0.2,0,,5,91.47030299999999,0,,
ND,5,3,0.003136762860727729,63.019579,13.83123,101.93760000000002,73.67886,0.0010599656192223452,0.4,10132.302,63.019579,0.0,12.0,0.0,2,101.9376,2,55.611347499999994,1,0.0,12900.0
DE,5,3,0.003136762860727729,180.07466000000002,47.02367999999999,613.470045,94.04736,0.003028788061138163,0.0,42407.721999999994,180.07466000000002,0.0,12.0,0.4,0,,3,300.12443333333334,2,0.0,
ME,3,3,0.0018820577164366374,242.28848666666667,170.96815,373.1022,182.79511,0.0024451207374782203,0.3333333333333333,28142.806666666667,242.28848666666667,0.0,12.0,0.0,1,373.1022,2,176.88162999999997,0,,14400.0
SD,1,1,0.0006273525721455458,141.28524,,,141.28524,0.0004752729208285496,1.0,8445.18,141.28524,0.0,12.0,0.0,1,141.28524,0,,0,,12500.0
DC,1,1,0.0006273525721455458,345.51014,,,345.51014,0.0011622701239965413,1.0,15108.23,250.51014,94.99999999999997,12.0,0.0,1,345.51014,0,,0,,16500.0
WY,1,1,0.0006273525721455458,255.01032,,,255.01032,0.0008578355363081318,1.0,14608.24,255.01032,0.0,12.0,0.0,1,255.01032,0,,0,,16900.0
