,current_age,age_at_first_card,tenure_years,yearly_income,per_capita_income,total_debt,debt_to_income,credit_score,cards_open,credit_cards_open,total_credit_limit,max_credit_limit,purchases,spend,avg_ticket,active_days,distinct_merchants,online_share,in_person_out_of_state_share,weekend_share,error_rate,insufficient_balance_rate,refund_share,credit_share_of_spend,monthly_credit_spend_to_limit,"share_Grocery, wholesale and pharmacy",share_Money transfer,share_Gas and auto
current_age,1.0,0.9586437984463629,0.4118539935743175,-0.1819448884390919,-0.013615195150647411,-0.3889598043356189,-0.37587565450666227,-0.032119845384544744,0.2902699842314263,0.08799725145184496,0.05465131099245406,-0.036384462205837,0.0685831132343264,0.03558255463797218,-0.04512454525881745,0.07634950393102072,0.09269544394522158,0.005730484505291978,0.005672743404468811,-0.04869050257686618,0.019213596676036476,0.03864608764777117,-0.06818640623740434,0.0007868111499519293,-0.16151545854392682,-0.029471934643616953,-0.022792658116761646,-0.03057256418430544
age_at_first_card,0.9586437984463629,1.0,0.16513925938611582,-0.17510916877606353,-0.00898638690038543,-0.3769372538152957,-0.369607356684086,-0.05038314384079856,0.23520426222098278,0.056704959172591655,0.03580176769709179,-0.051130456205677875,0.052780166875884174,0.026120391691064202,-0.04593679726123158,0.061306676438499824,0.07623482062105824,0.00792723288090478,0.013206372485721131,-0.039974215587451074,0.009981692371784255,0.03354632109440558,-0.06398231540643773,-0.012905263759861002,-0.13713233065002844,-0.030014568189215822,-0.02543677635539632,-0.018682468489320498
tenure_years,0.4118539935743175,0.16513925938611582,1.0,-0.05483914510383716,-0.01897587014588875,-0.13046701367740712,-0.10743378231305747,0.035650940451950684,0.2453356396358663,0.12206534333608886,0.05425412254713732,0.02394869127488817,0.09043993716403334,0.0523425333554532,-0.018330330022904552,0.0911731089984421,0.08175089338780542,-0.011202338889135771,-0.013893032268807401,-0.03530250384363681,0.005842317267661424,0.011152126137043143,-0.03315922239781274,0.04855964294366121,-0.12984987695129982,-0.010166658512001821,0.010248085887838572,-0.0391925345156362
yearly_income,-0.1819448884390919,-0.17510916877606353,-0.05483914510383716,1.0,0.9111109848508837,0.4449759151123198,0.09274214535460107,0.008488004419565322,-0.008616802656792788,-0.07187369785786317,0.4402375669358678,0.6508145823903095,0.18688905605330278,0.48289994658505925,0.4535380832410664,0.17300477159231997,0.4540918911038379,0.09478080947720359,0.1902935124732434,0.015441776002544408,-0.11960026568117717,-0.1429024959438226,-0.2061950709029883,0.08694373526868332,0.04074343094330348,-0.12232851323643751,-0.06817799657729046,-0.04001493103478261
per_capita_income,-0.013615195150647411,-0.00898638690038543,-0.01897587014588875,0.9111109848508837,1.0,0.3338707574805245,-0.01428240959079479,-0.0046022087995008015,0.04857733441328509,-0.05698545686793989,0.5127832076638801,0.72210415285783,0.21053357641755996,0.5353117699110521,0.4948354358689547,0.19263871345254086,0.5222174047649977,0.11223111167105243,0.20749358150096903,-0.025116174846240534,-0.09187085712396797,-0.11102685028894498,-0.24616232886388997,0.09197983454356347,0.004389007131381309,-0.1531564620250701,-0.08253163577875211,-0.053904903215478875
total_debt,-0.3889598043356189,-0.3769372538152957,-0.13046701367740712,0.4449759151123198,0.3338707574805245,1.0,0.8918342299439962,-0.0995007216413471,-0.17480662174864245,-0.07008420636712287,0.054755874934467555,0.15833205662489652,0.008758175824612122,0.14443486658055274,0.20349220627127435,-0.006475543409204,0.1055492157418168,0.05062573318996263,0.04473585805486028,0.03918948948141192,-0.05286988343433986,-0.09376522972196794,-0.005103709781143824,0.025113097117813815,0.12330411285751143,-0.033161412256581986,-0.019218183133398365,0.016584653876368104
debt_to_income,-0.37587565450666227,-0.369607356684086,-0.10743378231305747,0.09274214535460107,-0.01428240959079479,0.8918342299439962,1.0,-0.11012167067387778,-0.19486179174326265,-0.04843818439195545,-0.13218942500174857,-0.09436921353107021,-0.07135815804438735,-0.053136856288782904,0.025026721353385756,-0.08409189517130675,-0.08510058815183216,0.008968903831749288,-0.04211647932256298,0.023941793610078147,-0.02190980028222624,-0.058583472012507534,0.08972834440002474,-0.013713209234615484,0.13038482364247728,0.03031001240116325,-0.004531048595079219,0.04426965315164421
credit_score,-0.032119845384544744,-0.05038314384079856,0.035650940451950684,0.008488004419565322,-0.0046022087995008015,-0.0995007216413471,-0.11012167067387778,1.0,0.15857165243004614,0.10520866485374082,0.07775632535082366,0.08276863367473433,0.02567578387899511,-0.025194270276038187,-0.08210007721681362,0.020577901512032284,0.011212531146389848,-0.026563560422125407,0.01379379847534292,0.05095364299957561,0.09546295271141539,0.13849449264637315,0.011405848551498345,0.0767085849259799,-0.11127716735027483,0.03526444729236035,-0.0007604704030452288,0.011223516049537783
cards_open,0.2902699842314263,0.23520426222098278,0.2453356396358663,-0.008616802656792788,0.04857733441328509,-0.17480662174864245,-0.19486179174326265,0.15857165243004614,1.0,0.44562813655204514,0.38072560307343795,0.2274493592918422,0.15939929960875432,0.09124991056759658,-0.05838316042208041,0.17298455045078664,0.17622477486551283,-0.03573867584655464,0.01917658193883461,-0.04680674804034684,-0.033029610376591675,-0.010477018320268915,-0.006394466340223631,0.13425945485008506,-0.3966500217147886,0.03946880824985201,-0.02002595625872184,-0.001167822767853646
credit_cards_open,0.08799725145184496,0.056704959172591655,0.12206534333608886,-0.07187369785786317,-0.05698545686793989,-0.07008420636712287,-0.04843818439195545,0.10520866485374082,0.44562813655204514,1.0,0.6786434422234389,0.2284275798598207,0.011398415828205935,-0.009860738274163566,-0.022237555006328503,0.02660631224174288,0.02439916930521204,-0.05497386599179881,-0.020694543175230517,0.0035704389219105358,-0.1369823835153965,-0.014508346462177106,0.02995737496235639,0.7183786713870618,-0.4625299618449343,0.047571749079889085,-0.009862337249745093,-0.030202677402687853
total_credit_limit,0.05465131099245406,0.03580176769709179,0.05425412254713732,0.4402375669358678,0.5127832076638801,0.054755874934467555,-0.13218942500174857,0.07775632535082366,0.38072560307343795,0.6786434422234389,1.0,0.8405825018909584,0.1377971720370504,0.3008814582390376,0.268946456504609,0.12451661868421307,0.26892131345913367,-0.008550509724568688,0.0299794955607755,-0.021342347100025617,-0.07557212436758957,-0.06334764575027978,-0.1572671163851413,0.19618482747573462,-0.5309586343777167,-0.035027251175956266,-0.05023921049695015,-0.057244190949736
max_credit_limit,-0.036384462205837,-0.051130456205677875,0.02394869127488817,0.6508145823903095,0.72210415285783,0.15833205662489652,-0.09436921353107021,0.08276863367473433,0.2274493592918422,0.2284275798598207,0.8405825018909584,1.0,0.1860609005459611,0.417421664521852,0.37126273481804767,0.17089441949449982,0.36478818445978334,0.026520662897196207,0.0880494159286593,0.0018032721898781435,-0.06155981074656946,-0.05786111047598482,-0.21000241280653226,0.21766346074743675,-0.3420375740995361,-0.08028940067917448,-0.05808682551440858,-0.05477464185254329
purchases,0.0685831132343264,0.052780166875884174,0.09043993716403334,0.18688905605330278,0.21053357641755996,0.008758175824612122,-0.07135815804438735,0.02567578387899511,0.15939929960875432,0.011398415828205935,0.1377971720370504,0.1860609005459611,1.0,0.720107783948714,-0.17495193034239548,0.9676670632353858,0.40365780541392077,-0.060589492476784045,-0.13762360925235048,0.0709666196164134,-0.01641459086625438,-0.072107361395748,-0.35808721372505004,-0.04578635414539409,0.27788551464288214,0.0924916246429968,-0.06051122538609384,0.1024057312006814
spend,0.03558255463797218,0.026120391691064202,0.0523425333554532,0.48289994658505925,0.5353117699110521,0.14443486658055274,-0.053136856288782904,-0.025194270276038187,0.09124991056759658,-0.009860738274163566,0.3008814582390376,0.417421664521852,0.720107783948714,1.0,0.5089448336326323,0.7052895399614476,0.5655568531259805,-0.06171529875674312,0.013733419883610388,-0.02838525295566708,0.15687068840336138,0.12088707119199425,-0.43590725125595897,0.06354273980766491,0.4186468335935496,-0.01092444866736048,-0.0410260556578552,0.0011481198346036715
avg_ticket,-0.04512454525881745,-0.04593679726123158,-0.018330330022904552,0.4535380832410664,0.4948354358689547,0.20349220627127435,0.025026721353385756,-0.08210007721681362,-0.05838316042208041,-0.022237555006328503,0.268946456504609,0.37126273481804767,-0.17495193034239548,0.5089448336326323,1.0,-0.1609985839707209,0.2943733584657784,-0.03145898562070067,0.18162261481180852,-0.1292415549969917,0.24754946171955802,0.27939161557599185,-0.1631549240755053,0.15604164407961812,0.22240388652573417,-0.09967535734371695,0.030449582260314703,-0.1342995220639866
active_days,0.07634950393102072,0.061306676438499824,0.0911731089984421,0.17300477159231997,0.19263871345254086,-0.006475543409204,-0.08409189517130675,0.020577901512032284,0.17298455045078664,0.02660631224174288,0.12451661868421307,0.17089441949449982,0.9676670632353858,0.7052895399614476,-0.1609985839707209,1.0,0.3789392970092097,-0.06328653527297601,-0.1429314393448448,0.034475229887065195,-0.004799228195276483,-0.06266807383969994,-0.4298368577570588,-0.029714193806600234,0.28351304274056377,0.08319007728190629,-0.060751945888273526,0.04968329035891936
distinct_merchants,0.09269544394522158,0.07623482062105824,0.08175089338780542,0.4540918911038379,0.5222174047649977,0.1055492157418168,-0.08510058815183216,0.011212531146389848,0.17622477486551283,0.02439916930521204,0.26892131345913367,0.36478818445978334,0.40365780541392077,0.5655568531259805,0.2943733584657784,0.3789392970092097,1.0,0.0993366097997651,0.4880160716498977,-0.05533654831970687,0.01828361151786763,0.011211850017229538,-0.0941673923335573,0.10834874563134066,0.13458668923053144,-0.1100887549541208,-0.11434280344825613,-0.0850310663066273
online_share,0.005730484505291978,0.00792723288090478,-0.011202338889135771,0.09478080947720359,0.11223111167105243,0.05062573318996263,0.008968903831749288,-0.026563560422125407,-0.03573867584655464,-0.05497386599179881,-0.008550509724568688,0.026520662897196207,-0.060589492476784045,-0.06171529875674312,-0.03145898562070067,-0.06328653527297601,0.0993366097997651,1.0,0.13280805446264873,-0.03413851580717457,0.025240052996534253,-0.09891367537675294,-0.04944542840618639,0.007689712194499394,-0.051673480212580454,-0.3021562612224299,-0.1503442480546844,0.16546380775616018
in_person_out_of_state_share,0.005672743404468811,0.013206372485721131,-0.013893032268807401,0.1902935124732434,0.20749358150096903,0.04473585805486028,-0.04211647932256298,0.01379379847534292,0.01917658193883461,-0.020694543175230517,0.0299794955607755,0.0880494159286593,-0.13762360925235048,0.013733419883610388,0.18162261481180852,-0.1429314393448448,0.4880160716498977,0.13280805446264873,1.0,-0.01760115822795083,0.017817530701329888,0.012460384716845527,0.20300840404126613,0.05451829854228101,-0.027328395301081963,-0.26164951982162016,-0.01545868802685641,-0.08953066637717522
weekend_share,-0.04869050257686618,-0.039974215587451074,-0.03530250384363681,0.015441776002544408,-0.025116174846240534,0.03918948948141192,0.023941793610078147,0.05095364299957561,-0.04680674804034684,0.0035704389219105358,-0.021342347100025617,0.0018032721898781435,0.0709666196164134,-0.02838525295566708,-0.1292415549969917,0.034475229887065195,-0.05533654831970687,-0.03413851580717457,-0.01760115822795083,1.0,-0.05224701653362545,-0.032212744720103346,0.06756566704529195,0.029699771197503298,0.014252697258475134,0.06714229673401285,-0.017012727382462334,0.11053893631618888
error_rate,0.019213596676036476,0.009981692371784255,0.005842317267661424,-0.11960026568117717,-0.09187085712396797,-0.05286988343433986,-0.02190980028222624,0.09546295271141539,-0.033029610376591675,-0.1369823835153965,-0.07557212436758957,-0.06155981074656946,-0.01641459086625438,0.15687068840336138,0.24754946171955802,-0.004799228195276483,0.01828361151786763,0.025240052996534253,0.017817530701329888,-0.05224701653362545,1.0,0.8492163783844833,-0.08176456433349326,-0.1523823482120765,0.15722495909999948,0.004301012696515908,-0.002259282537225862,0.060091748967337544
insufficient_balance_rate,0.03864608764777117,0.03354632109440558,0.011152126137043143,-0.1429024959438226,-0.11102685028894498,-0.09376522972196794,-0.058583472012507534,0.13849449264637315,-0.010477018320268915,-0.014508346462177106,-0.06334764575027978,-0.05786111047598482,-0.072107361395748,0.12088707119199425,0.27939161557599185,-0.06266807383969994,0.011211850017229538,-0.09891367537675294,0.012460384716845527,-0.032212744720103346,0.8492163783844833,1.0,-0.0010851262316596548,0.00999580788427495,0.15842044109112016,0.0978590306970877,0.03341858379216095,0.004965562259175283
refund_share,-0.06818640623740434,-0.06398231540643773,-0.03315922239781274,-0.2061950709029883,-0.24616232886388997,-0.005103709781143824,0.08972834440002474,0.011405848551498345,-0.006394466340223631,0.02995737496235639,-0.1572671163851413,-0.21000241280653226,-0.35808721372505004,-0.43590725125595897,-0.1631549240755053,-0.4298368577570588,-0.0941673923335573,-0.04944542840618639,0.20300840404126613,0.06756566704529195,-0.08176456433349326,-0.0010851262316596548,1.0,-0.016438820075452453,-0.22379541282355267,0.13002651608474586,-0.054012198948186006,0.3211413264473212
credit_share_of_spend,0.0007868111499519293,-0.012905263759861002,0.04855964294366121,0.08694373526868332,0.09197983454356347,0.025113097117813815,-0.013713209234615484,0.0767085849259799,0.13425945485008506,0.7183786713870618,0.19618482747573462,0.21766346074743675,-0.04578635414539409,0.06354273980766491,0.15604164407961812,-0.029714193806600234,0.10834874563134066,0.007689712194499394,0.05451829854228101,0.029699771197503298,-0.1523823482120765,0.00999580788427495,-0.016438820075452453,1.0,0.3090079094949451,-0.004111778158026649,0.027813570151671962,-0.08894918296354007
monthly_credit_spend_to_limit,-0.16151545854392682,-0.13713233065002844,-0.12984987695129982,0.04074343094330348,0.004389007131381309,0.12330411285751143,0.13038482364247728,-0.11127716735027483,-0.3966500217147886,-0.4625299618449343,-0.5309586343777167,-0.3420375740995361,0.27788551464288214,0.4186468335935496,0.22240388652573417,0.28351304274056377,0.13458668923053144,-0.051673480212580454,-0.027328395301081963,0.014252697258475134,0.15722495909999948,0.15842044109112016,-0.22379541282355267,0.3090079094949451,1.0,0.031876775656172515,0.021265799005379813,-0.05532888814584601
"share_Grocery, wholesale and pharmacy",-0.029471934643616953,-0.030014568189215822,-0.010166658512001821,-0.12232851323643751,-0.1531564620250701,-0.033161412256581986,0.03031001240116325,0.03526444729236035,0.03946880824985201,0.047571749079889085,-0.035027251175956266,-0.08028940067917448,0.0924916246429968,-0.01092444866736048,-0.09967535734371695,0.08319007728190629,-0.1100887549541208,-0.3021562612224299,-0.26164951982162016,0.06714229673401285,0.004301012696515908,0.0978590306970877,0.13002651608474586,-0.004111778158026649,0.031876775656172515,1.0,-0.18892627220548946,0.08178316905367862
share_Money transfer,-0.022792658116761646,-0.02543677635539632,0.010248085887838572,-0.06817799657729046,-0.08253163577875211,-0.019218183133398365,-0.004531048595079219,-0.0007604704030452288,-0.02002595625872184,-0.009862337249745093,-0.05023921049695015,-0.05808682551440858,-0.06051122538609384,-0.0410260556578552,0.030449582260314703,-0.060751945888273526,-0.11434280344825613,-0.1503442480546844,-0.01545868802685641,-0.017012727382462334,-0.002259282537225862,0.03341858379216095,-0.054012198948186006,0.027813570151671962,0.021265799005379813,-0.18892627220548946,1.0,-0.18915174756587644
share_Gas and auto,-0.03057256418430544,-0.018682468489320498,-0.0391925345156362,-0.04001493103478261,-0.053904903215478875,0.016584653876368104,0.04426965315164421,0.011223516049537783,-0.001167822767853646,-0.030202677402687853,-0.057244190949736,-0.05477464185254329,0.1024057312006814,0.0011481198346036715,-0.1342995220639866,0.04968329035891936,-0.0850310663066273,0.16546380775616018,-0.08953066637717522,0.11053893631618888,0.060091748967337544,0.004965562259175283,0.3211413264473212,-0.08894918296354007,-0.05532888814584601,0.08178316905367862,-0.18915174756587644,1.0
