client_id,first_card_month,cohort_year,has_data,value,value_with_data,day_one_product,day_one_credit_limit,day_one_brand,cards_in_first_month,year_joined,age_at_first_card,income_fifth,area_income_fifth,debt_to_income,credit_score,region,gender,self_reported_source,signup_landing_page,channel_last_touch,persona,products_held_feb_2020,main_spend_category,spend_fifth_2019,online_share_fifth_2019,first_90_days_spend,first_90_days_revenue,months_4_12_revenue
1689,24216,2017,False,0.0,,Debit,No credit card on day one,Mastercard,1,2016–2018,18–24,Top,Top,2× or more,580–669,Northeast,Female,search,/cards/rewards,direct,Not active Nov 2018 – Oct 2019,Credit + debit,Not active Nov 2018 – Oct 2019,Not active Nov 2018 – Oct 2019,Not active Nov 2018 – Oct 2019,,,
1499,24151,2012,True,436.19485999999995,436.19485999999995,Credit,$15–25k,Amex,1,2012–2013,30–39,3rd,3rd,2× or more,580–669,Midwest,Male,No signup record,No signup record,No signup record,Younger credit users,Credit only,"Bills, utilities and professional services",Bottom,3rd,7550.6900000000005,120.54842,315.64644
1780,24204,2016,False,0.0,,Credit,under $5k,Visa,1,2016–2018,40–49,3rd,2nd,1–2×,580–669,West,Male,social_media,/cards,paid_social_meta,Not active Nov 2018 – Oct 2019,Credit only,Not active Nov 2018 – Oct 2019,Not active Nov 2018 – Oct 2019,Not active Nov 2018 – Oct 2019,,,
1165,24129,2010,False,0.0,,Debit,No credit card on day one,Mastercard,1,2010,40–49,Bottom,Bottom,2× or more,740–799,South,Female,No signup record,No signup record,No signup record,Not active Nov 2018 – Oct 2019,Debit only,Not active Nov 2018 – Oct 2019,Not active Nov 2018 – Oct 2019,Not active Nov 2018 – Oct 2019,,,
1602,24133,2011,True,388.52189999999996,388.52189999999996,Credit,$5–10k,Visa,1,2011,30–39,Bottom,Bottom,1–2×,670–739,Northeast,Female,No signup record,No signup record,No signup record,Younger credit users,Credit only,Health,Bottom,3rd,6051.89,104.50601999999999,284.01588
688,24125,2010,True,453.49143499999997,453.49143499999997,Debit,No credit card on day one,Mastercard,1,2010,30–39,4th,4th,2× or more,740–799,West,Male,No signup record,No signup record,No signup record,Younger credit users,Credit + debit,Restaurants and bars,3rd,Bottom,12635.28,69.270605,384.22083
643,24131,2010,True,562.06152,562.06152,Credit,under $5k,Mastercard,1,2010,18–24,3rd,3rd,Under 1×,670–739,Northeast,Female,search,/cards/rewards,direct,Younger credit users,Credit only,"Grocery, wholesale and pharmacy",2nd,2nd,7228.95,116.35829999999999,445.70322
1219,24126,2010,True,226.449645,226.449645,Debit,No credit card on day one,Mastercard,1,2010,18–24,Top,Top,1–2×,670–739,South,Female,search,/blog/credit-basics,paid_search_brand,Toll-road drivers,Credit + debit,Gas and auto,Top,2nd,18274.58,58.256789999999995,168.192855
1493,24126,2010,True,1144.8950399999999,1144.8950399999999,Credit,$10–15k,Visa,1,2010,18–24,4th,4th,2× or more,740–799,West,Male,search,/compare,paid_search_brand,Younger credit users,Credit + debit,Money transfer,4th,Bottom,17572.87,288.35766,856.53738
713,24180,2014,False,0.0,,Debit,No credit card on day one,Mastercard,1,2014–2015,18–24,2nd,2nd,Under 1×,670–739,West,Female,search,/apply,direct,Not active Nov 2018 – Oct 2019,Credit + debit,Not active Nov 2018 – Oct 2019,Not active Nov 2018 – Oct 2019,Not active Nov 2018 – Oct 2019,,,
233,24146,2012,True,1042.34756,1042.34756,Credit,$10–15k,Amex,1,2012–2013,25–29,4th,4th,1–2×,670–739,Midwest,Female,No signup record,No signup record,No signup record,Younger credit users,Credit only,Travel and transport,4th,2nd,15311.3,270.66139999999996,771.68616
406,24198,2016,False,0.0,,Credit,under $5k,Discover,1,2016–2018,18–24,Top,Top,1–2×,580–669,West,Female,friend_or_family,/,paid_search_brand,Not active Nov 2018 – Oct 2019,Credit only,Not active Nov 2018 – Oct 2019,Not active Nov 2018 – Oct 2019,Not active Nov 2018 – Oct 2019,,,
800,24196,2016,False,0.0,,Debit,No credit card on day one,Mastercard,1,2016–2018,18–24,Bottom,Bottom,Under 1×,670–739,South,Female,social_media,/blog/credit-basics,paid_social_meta,Not active Nov 2018 – Oct 2019,Debit + prepaid,Not active Nov 2018 – Oct 2019,Not active Nov 2018 – Oct 2019,Not active Nov 2018 – Oct 2019,,,
697,24125,2010,True,97.04371,97.04371,Debit,No credit card on day one,Visa,1,2010,40–49,Top,Top,1–2×,740–799,South,Female,search,/blog/credit-basics,paid_search_brand,Debit-only everyday spenders,Debit only,"Grocery, wholesale and pharmacy",3rd,4th,10228.060000000001,21.63353,75.41018
1734,24129,2010,False,0.0,,Debit,No credit card on day one,Mastercard,1,2010,25–29,Top,Top,1–2×,670–739,South,Male,social_media,/compare,direct,Not active Nov 2018 – Oct 2019,No open card,Not active Nov 2018 – Oct 2019,Not active Nov 2018 – Oct 2019,Not active Nov 2018 – Oct 2019,,,
1301,24161,2013,True,214.2814,214.2814,Debit,No credit card on day one,Visa,1,2012–2013,18–24,Top,Top,1–2×,670–739,West,Female,blog_or_review_site,/cards/rewards,paid_search_brand,Established multi-card households,Credit + debit,"Grocery, wholesale and pharmacy",3rd,3rd,10985.66,59.99783,154.28357
1399,24223,2018,False,0.0,,Debit,No credit card on day one,Mastercard,1,2016–2018,25–29,3rd,3rd,2× or more,670–739,South,Male,search,/apply,microsoft_ads,Not active Nov 2018 – Oct 2019,Credit + debit + prepaid,Not active Nov 2018 – Oct 2019,Not active Nov 2018 – Oct 2019,Not active Nov 2018 – Oct 2019,,,
1775,24181,2015,True,537.240045,537.240045,Debit,No credit card on day one,Mastercard,1,2014–2015,18–24,3rd,2nd,1–2×,740–799,South,Male,social_media,/cards,paid_search_brand,Toll-road drivers,Credit + debit,Gas and auto,Top,Top,35128.15,132.511575,404.72846999999996
353,24226,2018,False,0.0,,Prepaid,No credit card on day one,Mastercard,1,2016–2018,18–24,2nd,2nd,1–2×,670–739,West,Female,search,/compare,paid_search_brand,Not active Nov 2018 – Oct 2019,Debit + prepaid,Not active Nov 2018 – Oct 2019,Not active Nov 2018 – Oct 2019,Not active Nov 2018 – Oct 2019,,,
792,24126,2010,False,0.0,,Prepaid,No credit card on day one,Visa,1,2010,18–24,4th,3rd,Under 1×,670–739,Midwest,Female,search,/cards/rewards,direct,Not active Nov 2018 – Oct 2019,Debit + prepaid,Not active Nov 2018 – Oct 2019,Not active Nov 2018 – Oct 2019,Not active Nov 2018 – Oct 2019,,,
1372,24124,2010,False,0.0,,Debit,No credit card on day one,Visa,1,2010,60+,Bottom,Bottom,Under 1×,670–739,South,Female,friend_or_family,/,paid_search_brand,Not active Nov 2018 – Oct 2019,Credit + debit,Not active Nov 2018 – Oct 2019,Not active Nov 2018 – Oct 2019,Not active Nov 2018 – Oct 2019,,,
607,24180,2014,False,0.0,,Debit,No credit card on day one,Mastercard,1,2014–2015,18–24,3rd,3rd,1–2×,740–799,Midwest,Male,search,/cards/rewards,direct,Not active Nov 2018 – Oct 2019,Credit + debit,Not active Nov 2018 – Oct 2019,Not active Nov 2018 – Oct 2019,Not active Nov 2018 – Oct 2019,,,
896,24135,2011,False,0.0,,Debit,No credit card on day one,Visa,1,2011,18–24,2nd,2nd,1–2×,580–669,South,Female,No signup record,No signup record,No signup record,Not active Nov 2018 – Oct 2019,No open card,Not active Nov 2018 – Oct 2019,Not active Nov 2018 – Oct 2019,Not active Nov 2018 – Oct 2019,,,
1158,24158,2013,False,0.0,,Debit,No credit card on day one,Visa,1,2012–2013,50–59,2nd,2nd,1–2×,670–739,South,Male,search,/apply,direct,Not active Nov 2018 – Oct 2019,No open card,Not active Nov 2018 – Oct 2019,Not active Nov 2018 – Oct 2019,Not active Nov 2018 – Oct 2019,,,
1427,24127,2010,True,201.61827499999998,201.61827499999998,Debit,No credit card on day one,Visa,1,2010,18–24,Top,Top,2× or more,740–799,South,Female,No signup record,No signup record,No signup record,Debit-only everyday spenders,Debit only,"Grocery, wholesale and pharmacy",4th,4th,13990.52,49.73976,151.878515
644,24124,2010,True,447.08039999999994,447.08039999999994,Credit,$5–10k,Visa,1,2010,40–49,3rd,3rd,1–2×,740–799,South,Female,No signup record,No signup record,No signup record,Younger credit users,Credit only,"Grocery, wholesale and pharmacy",Bottom,Top,8985.64,131.33952,315.74087999999995
1584,24144,2011,True,108.86350999999999,108.86350999999999,Debit,No credit card on day one,Mastercard,1,2011,18–24,4th,4th,Under 1×,670–739,South,Male,No signup record,No signup record,No signup record,Debit-only everyday spenders,Debit only,"Bills, utilities and professional services",Bottom,Top,7937.030000000001,24.616014999999997,84.247495
1824,24203,2016,False,0.0,,Debit,No credit card on day one,Mastercard,1,2016–2018,18–24,4th,4th,1–2×,800+,Midwest,Male,search,/,direct,Not active Nov 2018 – Oct 2019,Debit + prepaid,Not active Nov 2018 – Oct 2019,Not active Nov 2018 – Oct 2019,Not active Nov 2018 – Oct 2019,,,
701,24217,2018,False,0.0,,Credit,$10–15k,Amex,1,2016–2018,25–29,4th,4th,1–2×,670–739,South,Female,blog_or_review_site,/blog/credit-basics,direct,Not active Nov 2018 – Oct 2019,No open card,Not active Nov 2018 – Oct 2019,Not active Nov 2018 – Oct 2019,Not active Nov 2018 – Oct 2019,,23.75,71.25
963,24182,2015,True,463.01778,463.01778,Credit,$5–10k,Mastercard,1,2014–2015,18–24,3rd,3rd,1–2×,670–739,Northeast,Female,search,/cards,paid_search_brand,Younger credit users,Credit + debit,Industrial and wholesale (as labelled),3rd,Bottom,6051.9800000000005,95.02164,367.99613999999997
1828,24137,2011,False,0.0,,Debit,No credit card on day one,Mastercard,1,2011,40–49,Bottom,Bottom,2× or more,670–739,Midwest,Male,friend_or_family,/,direct,Not active Nov 2018 – Oct 2019,Debit only,Not active Nov 2018 – Oct 2019,Not active Nov 2018 – Oct 2019,Not active Nov 2018 – Oct 2019,,,
29,24125,2010,False,0.0,,Debit,No credit card on day one,Mastercard,1,2010,50–59,Bottom,2nd,Under 1×,580–669,Northeast,Female,search,/,organic_search,Not active Nov 2018 – Oct 2019,Credit + debit,Not active Nov 2018 – Oct 2019,Not active Nov 2018 – Oct 2019,Not active Nov 2018 – Oct 2019,,,
812,24154,2012,False,0.0,,Credit,under $5k,Discover,1,2012–2013,30–39,3rd,3rd,2× or more,580–669,Northeast,Female,No signup record,No signup record,No signup record,Not active Nov 2018 – Oct 2019,No open card,Not active Nov 2018 – Oct 2019,Not active Nov 2018 – Oct 2019,Not active Nov 2018 – Oct 2019,,,
411,24153,2012,False,0.0,,Prepaid,No credit card on day one,Mastercard,1,2012–2013,18–24,2nd,2nd,1–2×,740–799,Northeast,Male,search,/blog/credit-basics,organic_search,Not active Nov 2018 – Oct 2019,Debit only,Not active Nov 2018 – Oct 2019,Not active Nov 2018 – Oct 2019,Not active Nov 2018 – Oct 2019,,,
1402,24145,2012,False,0.0,,Credit,$25k+,Mastercard,1,2012–2013,25–29,Top,Top,2× or more,580–669,South,Male,blog_or_review_site,/apply,direct,Not active Nov 2018 – Oct 2019,Debit only,Not active Nov 2018 – Oct 2019,Not active Nov 2018 – Oct 2019,Not active Nov 2018 – Oct 2019,,,
314,24213,2017,False,0.0,,Credit,$15–25k,Mastercard,1,2016–2018,25–29,Top,4th,1–2×,Under 580,South,Male,search,/blog/credit-basics,direct,Not active Nov 2018 – Oct 2019,Credit only,Not active Nov 2018 – Oct 2019,Not active Nov 2018 – Oct 2019,Not active Nov 2018 – Oct 2019,,,
586,24139,2011,True,473.87801999999994,473.87801999999994,Credit,$15–25k,Visa,1,2011,25–29,4th,4th,1–2×,740–799,South,Male,blog_or_review_site,/cards/rewards,paid_search_brand,Younger credit users,Credit + debit + prepaid,"Grocery, wholesale and pharmacy",2nd,3rd,7908.43,138.51774,335.36028
427,24131,2010,True,106.74813,106.74813,Debit,No credit card on day one,Visa,1,2010,30–39,2nd,Bottom,2× or more,670–739,South,Female,No signup record,No signup record,No signup record,Debit-only everyday spenders,Debit + prepaid,Restaurants and bars,2nd,2nd,4856.389999999999,26.563695,80.184435
684,24130,2010,True,200.24784,200.24784,Debit,No credit card on day one,Visa,1,2010,40–49,3rd,3rd,2× or more,580–669,South,Male,search,/cards,paid_search_brand,Younger credit users,Credit + debit + prepaid,"Grocery, wholesale and pharmacy",2nd,3rd,4891.13,27.810565,172.437275
675,24142,2011,True,454.61843999999996,454.61843999999996,Credit,$5–10k,Visa,2+,2011,30–39,2nd,2nd,2× or more,670–739,Northeast,Male,search,/,organic_search,Younger credit users,Credit + debit,Gas and auto,2nd,4th,7193.650000000001,105.9417,348.67674
577,24124,2010,True,704.87168,704.87168,Credit,$5–10k,Amex,1,2010,18–24,2nd,2nd,2× or more,740–799,West,Female,No signup record,No signup record,No signup record,Younger credit users,Credit + debit,"Grocery, wholesale and pharmacy",2nd,2nd,7812.77,158.18786,546.68382
854,24145,2012,False,0.0,,Debit,No credit card on day one,Visa,1,2012–2013,Under 18,Top,Top,1–2×,670–739,Midwest,Female,No signup record,No signup record,No signup record,Not active Nov 2018 – Oct 2019,Debit only,Not active Nov 2018 – Oct 2019,Not active Nov 2018 – Oct 2019,Not active Nov 2018 – Oct 2019,,,
780,24132,2010,True,113.810125,113.810125,Prepaid,No credit card on day one,Visa,1,2010,60+,Top,Top,1–2×,580–669,Northeast,Male,No signup record,No signup record,No signup record,Toll-road drivers,Prepaid only,Travel and transport,Bottom,Top,4163.04,25.43152,88.378605
1927,24143,2011,False,0.0,,Debit,No credit card on day one,Mastercard,1,2011,18–24,2nd,2nd,1–2×,670–739,Midwest,Male,podcast_or_youtube,/apply,direct,Not active Nov 2018 – Oct 2019,No open card,Not active Nov 2018 – Oct 2019,Not active Nov 2018 – Oct 2019,Not active Nov 2018 – Oct 2019,,,
258,24209,2017,False,0.0,,Debit,No credit card on day one,Visa,1,2016–2018,40–49,Bottom,Bottom,Under 1×,670–739,South,Male,app_store,/blog/credit-basics,paid_search_brand,Not active Nov 2018 – Oct 2019,Debit only,Not active Nov 2018 – Oct 2019,Not active Nov 2018 – Oct 2019,Not active Nov 2018 – Oct 2019,,,
91,24220,2018,False,0.0,,Credit,$15–25k,Visa,1,2016–2018,30–39,Top,Top,1–2×,670–739,South,Female,blog_or_review_site,/apply,direct,Not active Nov 2018 – Oct 2019,Credit only,Not active Nov 2018 – Oct 2019,Not active Nov 2018 – Oct 2019,Not active Nov 2018 – Oct 2019,,,
1311,24134,2011,False,0.0,,Credit,$10–15k,Visa,1,2011,18–24,3rd,3rd,2× or more,670–739,West,Male,No signup record,No signup record,No signup record,Not active Nov 2018 – Oct 2019,Credit only,Not active Nov 2018 – Oct 2019,Not active Nov 2018 – Oct 2019,Not active Nov 2018 – Oct 2019,,,
662,24124,2010,True,284.402815,284.402815,Debit,No credit card on day one,Mastercard,1,2010,18–24,Top,Top,1–2×,800+,Midwest,Female,No signup record,No signup record,No signup record,Debit-only everyday spenders,Debit + prepaid,Travel and transport,Top,Top,18989.739999999998,71.40987,212.992945
617,24195,2016,False,0.0,,Debit,No credit card on day one,Mastercard,1,2016–2018,18–24,Top,4th,2× or more,670–739,South,Female,search,/cards,direct,Not active Nov 2018 – Oct 2019,Debit only,Not active Nov 2018 – Oct 2019,Not active Nov 2018 – Oct 2019,Not active Nov 2018 – Oct 2019,,,
678,24125,2010,True,257.8401,257.8401,Credit,$5–10k,Discover,1,2010,50–59,Bottom,Bottom,1–2×,800+,Northeast,Female,search,/blog/credit-basics,direct,Younger credit users,Credit + debit,"Grocery, wholesale and pharmacy",Bottom,2nd,4323.79,64.86822,192.97188
808,24138,2011,True,278.50826,278.50826,Debit,No credit card on day one,Mastercard,1,2011,25–29,2nd,2nd,No debt,670–739,Northeast,Female,search,/apply,paid_social_meta,Debit-only everyday spenders,Debit only,"Grocery, wholesale and pharmacy",Top,Bottom,23816.42,69.49121,209.01704999999998
158,24130,2010,False,0.0,,Debit,No credit card on day one,Visa,1,2010,18–24,3rd,3rd,No debt,740–799,West,Female,social_media,/cards/rewards,direct,Not active Nov 2018 – Oct 2019,Debit only,Not active Nov 2018 – Oct 2019,Not active Nov 2018 – Oct 2019,Not active Nov 2018 – Oct 2019,,,
409,24125,2010,False,0.0,,Debit,No credit card on day one,Visa,1,2010,40–49,Bottom,Bottom,Under 1×,670–739,Midwest,Female,No signup record,No signup record,No signup record,Not active Nov 2018 – Oct 2019,Debit only,Not active Nov 2018 – Oct 2019,Not active Nov 2018 – Oct 2019,Not active Nov 2018 – Oct 2019,,,
1833,24183,2015,True,97.835565,97.835565,Debit,No credit card on day one,Visa,1,2014–2015,18–24,2nd,2nd,Under 1×,740–799,South,Male,social_media,/blog/credit-basics,direct,Debit-only everyday spenders,Credit + debit + prepaid,"Grocery, wholesale and pharmacy",3rd,2nd,13342.23,58.096615,39.73895
829,24222,2018,False,0.0,,Credit,$5–10k,Visa,1,2016–2018,25–29,2nd,2nd,Under 1×,670–739,South,Female,search,/compare,organic_search,Not active Nov 2018 – Oct 2019,Credit + debit,Not active Nov 2018 – Oct 2019,Not active Nov 2018 – Oct 2019,Not active Nov 2018 – Oct 2019,,0.0,0.0
1342,24134,2011,False,0.0,,Prepaid,No credit card on day one,Visa,1,2011,18–24,3rd,3rd,1–2×,670–739,Northeast,Female,No signup record,No signup record,No signup record,Not active Nov 2018 – Oct 2019,Prepaid only,Not active Nov 2018 – Oct 2019,Not active Nov 2018 – Oct 2019,Not active Nov 2018 – Oct 2019,,,
1056,24174,2014,False,0.0,,Debit,No credit card on day one,Visa,1,2014–2015,18–24,4th,4th,Under 1×,670–739,West,Female,blog_or_review_site,/apply,direct,Not active Nov 2018 – Oct 2019,Debit only,Not active Nov 2018 – Oct 2019,Not active Nov 2018 – Oct 2019,Not active Nov 2018 – Oct 2019,,,
1522,24130,2010,False,0.0,,Credit,$15–25k,Visa,1,2010,60+,2nd,Top,Under 1×,580–669,Northeast,Female,friend_or_family,/cards/rewards,paid_search_brand,Not active Nov 2018 – Oct 2019,Credit only,Not active Nov 2018 – Oct 2019,Not active Nov 2018 – Oct 2019,Not active Nov 2018 – Oct 2019,,,
214,24155,2012,False,0.0,,Credit,under $5k,Visa,1,2012–2013,18–24,4th,4th,1–2×,580–669,Midwest,Male,No signup record,No signup record,No signup record,Not active Nov 2018 – Oct 2019,No open card,Not active Nov 2018 – Oct 2019,Not active Nov 2018 – Oct 2019,Not active Nov 2018 – Oct 2019,,,
1394,24126,2010,True,266.70944499999996,266.70944499999996,Debit,No credit card on day one,Mastercard,1,2010,18–24,Top,4th,2× or more,Under 580,Midwest,Female,social_media,/,direct,Younger credit users,Credit + debit,"Bills, utilities and professional services",4th,4th,13811.11,63.275555,203.43389
1059,24124,2010,False,0.0,,Debit,No credit card on day one,Mastercard,1,2010,40–49,4th,3rd,1–2×,580–669,South,Male,friend_or_family,/blog/credit-basics,paid_search_brand,Not active Nov 2018 – Oct 2019,Credit + debit,Not active Nov 2018 – Oct 2019,Not active Nov 2018 – Oct 2019,Not active Nov 2018 – Oct 2019,,,
1297,24122,2010,False,0.0,,Debit,No credit card on day one,Visa,1,2010,40–49,3rd,2nd,1–2×,670–739,South,Male,social_media,/blog/credit-basics,direct,Not active Nov 2018 – Oct 2019,Debit only,Not active Nov 2018 – Oct 2019,Not active Nov 2018 – Oct 2019,Not active Nov 2018 – Oct 2019,,,
124,24125,2010,True,147.40183,147.40183,Debit,No credit card on day one,Mastercard,1,2010,18–24,2nd,2nd,Under 1×,670–739,South,Female,No signup record,No signup record,No signup record,Debit-only everyday spenders,Debit only,"Grocery, wholesale and pharmacy",Bottom,Bottom,4990.67,34.469335,112.932495
1722,24172,2014,False,0.0,,Credit,under $5k,Visa,1,2014–2015,18–24,Bottom,Bottom,1–2×,580–669,West,Female,No signup record,No signup record,No signup record,Not active Nov 2018 – Oct 2019,Credit only,Not active Nov 2018 – Oct 2019,Not active Nov 2018 – Oct 2019,Not active Nov 2018 – Oct 2019,,,
666,24122,2010,False,0.0,,Debit,No credit card on day one,Visa,1,2010,40–49,2nd,4th,Under 1×,670–739,South,Male,No signup record,No signup record,No signup record,Not active Nov 2018 – Oct 2019,Debit only,Not active Nov 2018 – Oct 2019,Not active Nov 2018 – Oct 2019,Not active Nov 2018 – Oct 2019,,,
731,24143,2011,True,84.75807,84.75807,Debit,No credit card on day one,Visa,1,2011,18–24,3rd,2nd,1–2×,670–739,West,Male,search,/,referral,Younger credit users,Credit + debit,Health,2nd,Bottom,10329.0,23.287,61.47107
535,24189,2015,False,0.0,,Credit,$10–15k,Mastercard,1,2014–2015,40–49,4th,4th,2× or more,580–669,Northeast,Female,No signup record,No signup record,No signup record,Not active Nov 2018 – Oct 2019,Credit only,Not active Nov 2018 – Oct 2019,Not active Nov 2018 – Oct 2019,Not active Nov 2018 – Oct 2019,,,
1467,24150,2012,True,284.932865,284.932865,Debit,No credit card on day one,Visa,1,2012–2013,18–24,4th,4th,2× or more,670–739,Midwest,Female,No signup record,No signup record,No signup record,Debit-only everyday spenders,Debit only,"Grocery, wholesale and pharmacy",3rd,4th,16018.67,73.837835,211.09503
1192,24122,2010,True,173.47101999999998,173.47101999999998,Debit,No credit card on day one,Mastercard,1,2010,30–39,3rd,3rd,1–2×,740–799,Midwest,Female,No signup record,No signup record,No signup record,Debit-only everyday spenders,Debit only,Restaurants and bars,Bottom,Top,7632.85,49.029424999999996,124.44159499999999
1494,24174,2014,True,166.52652999999998,166.52652999999998,Debit,No credit card on day one,Mastercard,1,2014–2015,18–24,Bottom,Bottom,1–2×,670–739,South,Male,friend_or_family,/,paid_search_brand,Younger credit users,Credit + debit,"Grocery, wholesale and pharmacy",Bottom,Top,4102.1,27.45605,139.07048
1770,24144,2011,True,283.79343,283.79343,Debit,No credit card on day one,Visa,1,2011,18–24,2nd,2nd,Under 1×,670–739,South,Male,search,/compare,paid_social_meta,Younger credit users,Credit + debit,Gas and auto,2nd,3rd,6815.02,49.47751,234.31591999999998
527,24176,2014,False,0.0,,Credit,$10–15k,Mastercard,1,2014–2015,50–59,3rd,3rd,1–2×,580–669,Midwest,Male,No signup record,No signup record,No signup record,Not active Nov 2018 – Oct 2019,No open card,Not active Nov 2018 – Oct 2019,Not active Nov 2018 – Oct 2019,Not active Nov 2018 – Oct 2019,,,
1544,24161,2013,True,279.675725,279.675725,Debit,No credit card on day one,Visa,1,2012–2013,25–29,2nd,2nd,2× or more,670–739,Midwest,Female,search,/cards/rewards,paid_search_brand,Younger credit users,Credit only,"Grocery, wholesale and pharmacy",Top,4th,17022.0,68.85,210.825725
1680,24214,2017,True,194.464545,194.464545,Debit,No credit card on day one,Visa,1,2016–2018,50–59,Top,Top,1–2×,580–669,South,Female,blog_or_review_site,/compare,direct,Debit-only everyday spenders,Credit + debit,"Grocery, wholesale and pharmacy",3rd,4th,11569.04,48.73652,145.728025
439,24196,2016,False,0.0,,Debit,No credit card on day one,Mastercard,1,2016–2018,25–29,4th,4th,1–2×,670–739,Midwest,Female,blog_or_review_site,/compare,paid_search_brand,Not active Nov 2018 – Oct 2019,Credit + debit,Not active Nov 2018 – Oct 2019,Not active Nov 2018 – Oct 2019,Not active Nov 2018 – Oct 2019,,,
1639,24122,2010,True,280.674485,280.674485,Debit,No credit card on day one,Visa,1,2010,40–49,4th,4th,1–2×,670–739,Northeast,Male,No signup record,No signup record,No signup record,Debit-only everyday spenders,Debit only,Money transfer,Top,Bottom,29484.39,71.92619499999999,208.74829
1587,24125,2010,True,2325.1576999999997,2325.1576999999997,Credit,$25k+,Amex,1,2010,18–24,Top,Top,Under 1×,670–739,Northeast,Male,search,/cards/rewards,paid_search_brand,Younger credit users,Credit + debit,"Grocery, wholesale and pharmacy",Top,2nd,33357.92,600.72056,1724.43714
927,24141,2011,False,0.0,,Debit,No credit card on day one,Mastercard,1,2011,25–29,Top,Top,No debt,670–739,Northeast,Male,blog_or_review_site,/,direct,Not active Nov 2018 – Oct 2019,Debit only,Not active Nov 2018 – Oct 2019,Not active Nov 2018 – Oct 2019,Not active Nov 2018 – Oct 2019,,,
513,24182,2015,False,0.0,,Debit,No credit card on day one,Mastercard,1,2014–2015,18–24,2nd,2nd,2× or more,670–739,South,Male,other,/,direct,Not active Nov 2018 – Oct 2019,Credit + debit,Not active Nov 2018 – Oct 2019,Not active Nov 2018 – Oct 2019,Not active Nov 2018 – Oct 2019,,,
850,24179,2014,True,288.73626,288.73626,Debit,No credit card on day one,Mastercard,1,2014–2015,30–39,3rd,3rd,Under 1×,670–739,South,Female,blog_or_review_site,/blog/credit-basics,apple_search_ads,Toll-road drivers,Debit only,Gas and auto,4th,2nd,12411.47,72.97973499999999,215.756525
254,24122,2010,True,405.24717,405.24717,Debit,No credit card on day one,Visa,1,2010,18–24,Top,Top,No debt,670–739,West,Male,social_media,/cards/rewards,paid_search_brand,Established multi-card households,Credit + debit,Gas and auto,Top,Bottom,25472.37,101.826185,303.420985
226,24160,2013,False,0.0,,Debit,No credit card on day one,Mastercard,1,2012–2013,18–24,Top,Top,Under 1×,670–739,Northeast,Male,search,/cards/rewards,paid_search_nonbrand,Not active Nov 2018 – Oct 2019,Debit only,Not active Nov 2018 – Oct 2019,Not active Nov 2018 – Oct 2019,Not active Nov 2018 – Oct 2019,,,
93,24132,2010,False,0.0,,Debit,No credit card on day one,Visa,1,2010,18–24,Bottom,Bottom,1–2×,670–739,South,Female,search,/cards/rewards,paid_search_brand,Not active Nov 2018 – Oct 2019,Credit + debit + prepaid,Not active Nov 2018 – Oct 2019,Not active Nov 2018 – Oct 2019,Not active Nov 2018 – Oct 2019,,0.0,0.0
1182,24132,2010,False,0.0,,Debit,No credit card on day one,Mastercard,1,2010,18–24,3rd,2nd,2× or more,580–669,Northeast,Male,No signup record,No signup record,No signup record,Not active Nov 2018 – Oct 2019,Debit only,Not active Nov 2018 – Oct 2019,Not active Nov 2018 – Oct 2019,Not active Nov 2018 – Oct 2019,,,
1471,24137,2011,True,648.1637999999999,648.1637999999999,Credit,$5–10k,Mastercard,1,2011,18–24,Bottom,Bottom,Under 1×,740–799,South,Male,app_store,/,paid_search_nonbrand,Younger credit users,Credit only,"Grocery, wholesale and pharmacy",2nd,2nd,9486.35,154.6443,493.5195
1050,24126,2010,True,390.171985,390.171985,Debit,No credit card on day one,Mastercard,1,2010,30–39,2nd,2nd,1–2×,670–739,South,Female,No signup record,No signup record,No signup record,Debit-only everyday spenders,Debit only,"Grocery, wholesale and pharmacy",Top,2nd,17088.03,84.409015,305.76297
1012,24161,2013,True,100.936145,100.936145,Debit,No credit card on day one,Visa,1,2012–2013,25–29,2nd,2nd,2× or more,670–739,Northeast,Female,No signup record,No signup record,No signup record,Debit-only everyday spenders,Debit only,"Bills, utilities and professional services",Bottom,Top,6074.12,25.032059999999998,75.904085
1446,24139,2011,True,133.909245,133.909245,Debit,No credit card on day one,Mastercard,1,2011,18–24,Bottom,Bottom,1–2×,670–739,South,Male,social_media,/cards/rewards,direct,Younger credit users,Credit + debit + prepaid,Restaurants and bars,2nd,3rd,6564.75,33.795874999999995,100.11337
1085,24142,2011,False,0.0,,Prepaid,No credit card on day one,Mastercard,1,2011,18–24,Top,Top,Under 1×,800+,West,Female,podcast_or_youtube,/blog/credit-basics,paid_search_brand,Not active Nov 2018 – Oct 2019,Debit + prepaid,Not active Nov 2018 – Oct 2019,Not active Nov 2018 – Oct 2019,Not active Nov 2018 – Oct 2019,,,
74,24146,2012,True,101.902105,101.902105,Debit,No credit card on day one,Visa,1,2012–2013,40–49,3rd,3rd,2× or more,740–799,West,Female,blog_or_review_site,/compare,direct,Debit-only everyday spenders,Debit only,Restaurants and bars,2nd,Bottom,6446.49,25.655744999999996,76.24636
109,24170,2014,False,0.0,,Debit,No credit card on day one,Mastercard,1,2014–2015,18–24,3rd,3rd,Under 1×,670–739,West,Female,social_media,/cards,direct,Not active Nov 2018 – Oct 2019,Credit + debit,Not active Nov 2018 – Oct 2019,Not active Nov 2018 – Oct 2019,Not active Nov 2018 – Oct 2019,,,
347,24184,2015,False,0.0,,Credit,$5–10k,Visa,1,2014–2015,18–24,3rd,3rd,1–2×,Under 580,South,Female,other,/,direct,Not active Nov 2018 – Oct 2019,Credit + debit,Not active Nov 2018 – Oct 2019,Not active Nov 2018 – Oct 2019,Not active Nov 2018 – Oct 2019,,,
1368,24129,2010,False,0.0,,Debit,No credit card on day one,Mastercard,1,2010,18–24,4th,3rd,1–2×,670–739,South,Female,blog_or_review_site,/cards,paid_search_brand,Not active Nov 2018 – Oct 2019,Credit + debit,Not active Nov 2018 – Oct 2019,Not active Nov 2018 – Oct 2019,Not active Nov 2018 – Oct 2019,,,
1547,24222,2018,False,0.0,,Prepaid,No credit card on day one,Mastercard,1,2016–2018,25–29,3rd,3rd,1–2×,670–739,Midwest,Male,friend_or_family,/,direct,Not active Nov 2018 – Oct 2019,Debit + prepaid,Not active Nov 2018 – Oct 2019,Not active Nov 2018 – Oct 2019,Not active Nov 2018 – Oct 2019,,,
82,24220,2018,False,0.0,,Prepaid,No credit card on day one,Mastercard,1,2016–2018,18–24,Bottom,Bottom,Under 1×,740–799,Midwest,Female,friend_or_family,/compare,organic_search,Not active Nov 2018 – Oct 2019,No open card,Not active Nov 2018 – Oct 2019,Not active Nov 2018 – Oct 2019,Not active Nov 2018 – Oct 2019,,,
955,24194,2016,True,105.432035,105.432035,Debit,No credit card on day one,Mastercard,1,2016–2018,25–29,2nd,2nd,1–2×,740–799,South,Male,friend_or_family,/apply,direct,Younger credit users,Credit + debit,Industrial and wholesale (as labelled),Bottom,2nd,5176.67,26.750835,78.6812
856,24134,2011,True,325.07715,325.07715,Debit,No credit card on day one,Visa,1,2011,40–49,Top,Top,2× or more,740–799,South,Male,search,/cards,paid_social_meta,Debit-only everyday spenders,Debit only,"Grocery, wholesale and pharmacy",Top,2nd,32479.309999999998,79.81465499999999,245.262495
1641,24207,2017,False,0.0,,Credit,under $5k,Visa,1,2016–2018,25–29,4th,4th,1–2×,580–669,South,Male,blog_or_review_site,/blog/credit-basics,paid_search_brand,Not active Nov 2018 – Oct 2019,Credit only,Not active Nov 2018 – Oct 2019,Not active Nov 2018 – Oct 2019,Not active Nov 2018 – Oct 2019,,,
835,24129,2010,False,0.0,,Debit,No credit card on day one,Mastercard,1,2010,18–24,4th,3rd,Under 1×,670–739,South,Male,search,/,paid_search_brand,Not active Nov 2018 – Oct 2019,Debit + prepaid,Not active Nov 2018 – Oct 2019,Not active Nov 2018 – Oct 2019,Not active Nov 2018 – Oct 2019,,,
358,24122,2010,False,0.0,,Debit,No credit card on day one,Mastercard,1,2010,25–29,Bottom,Bottom,2× or more,580–669,South,Female,No signup record,No signup record,No signup record,Not active Nov 2018 – Oct 2019,Debit only,Not active Nov 2018 – Oct 2019,Not active Nov 2018 – Oct 2019,Not active Nov 2018 – Oct 2019,,,
1328,24158,2013,False,0.0,,Credit,under $5k,Visa,1,2012–2013,18–24,Top,Top,1–2×,580–669,Midwest,Female,social_media,/compare,paid_search_brand,Not active Nov 2018 – Oct 2019,Credit + debit,Not active Nov 2018 – Oct 2019,Not active Nov 2018 – Oct 2019,Not active Nov 2018 – Oct 2019,,,
206,24125,2010,True,506.18735999999996,506.18735999999996,Credit,$10–15k,Mastercard,1,2010,18–24,3rd,2nd,1–2×,740–799,Midwest,Female,search,/cards,paid_search_brand,Younger credit users,Credit + debit,"Bills, utilities and professional services",2nd,Bottom,8317.87,126.80766,379.37969999999996
1779,24122,2010,True,230.82798,230.82798,Debit,No credit card on day one,Mastercard,1,2010,18–24,2nd,Bottom,1–2×,670–739,South,Male,No signup record,No signup record,No signup record,Debit-only everyday spenders,Debit only,"Grocery, wholesale and pharmacy",2nd,2nd,8516.720000000001,53.68736,177.14061999999998
1003,24161,2013,True,2635.4179799999997,2635.4179799999997,Credit,$15–25k,Discover,1,2012–2013,40–49,Top,Top,1–2×,580–669,Northeast,Male,No signup record,No signup record,No signup record,Younger credit users,Credit only,Money transfer,Top,2nd,38431.88,676.72584,1958.6921399999999
1180,24144,2011,True,1144.64718,1144.64718,Credit,$10–15k,Mastercard,1,2011,18–24,2nd,2nd,1–2×,580–669,Northeast,Male,podcast_or_youtube,/cards/rewards,paid_search_brand,Younger credit users,Credit + debit,"Grocery, wholesale and pharmacy",Top,2nd,17503.08,287.29944,857.3477399999999
1555,24144,2011,True,39.38419,39.38419,Prepaid,No credit card on day one,Mastercard,1,2011,18–24,3rd,3rd,2× or more,670–739,South,Female,search,/cards,direct,Younger credit users,Credit + debit + prepaid,"Grocery, wholesale and pharmacy",2nd,3rd,1533.45,9.303725,30.080465
302,24158,2013,False,0.0,,Debit,No credit card on day one,Mastercard,1,2012–2013,18–24,2nd,2nd,2× or more,670–739,South,Female,friend_or_family,/,paid_search_brand,Not active Nov 2018 – Oct 2019,Credit + debit,Not active Nov 2018 – Oct 2019,Not active Nov 2018 – Oct 2019,Not active Nov 2018 – Oct 2019,,0.0,0.0
949,24123,2010,True,207.14999999999998,207.14999999999998,Debit,No credit card on day one,Mastercard,1,2010,18–24,Top,Top,1–2×,670–739,Northeast,Female,podcast_or_youtube,/blog/credit-basics,paid_search_brand,Younger credit users,Credit + debit + prepaid,"Grocery, wholesale and pharmacy",4th,3rd,15902.16,54.69558000000001,152.45442
1656,24188,2015,True,144.94638,144.94638,Debit,No credit card on day one,Mastercard,1,2014–2015,30–39,3rd,3rd,1–2×,670–739,Midwest,Female,podcast_or_youtube,/compare,direct,Debit-only everyday spenders,Debit only,"Grocery, wholesale and pharmacy",Bottom,Bottom,7915.15,38.378575,106.56780499999999
569,24196,2016,True,441.30708,441.30708,Credit,$5–10k,Visa,1,2016–2018,40–49,4th,3rd,1–2×,580–669,South,Male,other,/,paid_social_meta,Younger credit users,Credit only,"Grocery, wholesale and pharmacy",2nd,4th,6177.55,94.54589999999999,346.76117999999997
1062,24140,2011,False,0.0,,Debit,No credit card on day one,Mastercard,1,2011,50–59,2nd,2nd,Under 1×,670–739,Northeast,Male,search,/blog/credit-basics,direct,Not active Nov 2018 – Oct 2019,Debit + prepaid,Not active Nov 2018 – Oct 2019,Not active Nov 2018 – Oct 2019,Not active Nov 2018 – Oct 2019,,,
1045,24142,2011,False,0.0,,Prepaid,No credit card on day one,Mastercard,1,2011,18–24,2nd,2nd,Under 1×,740–799,South,Male,No signup record,No signup record,No signup record,Not active Nov 2018 – Oct 2019,Prepaid only,Not active Nov 2018 – Oct 2019,Not active Nov 2018 – Oct 2019,Not active Nov 2018 – Oct 2019,,,
899,24138,2011,False,0.0,,Debit,No credit card on day one,Mastercard,1,2011,18–24,4th,4th,2× or more,580–669,Midwest,Female,No signup record,No signup record,No signup record,Not active Nov 2018 – Oct 2019,No open card,Not active Nov 2018 – Oct 2019,Not active Nov 2018 – Oct 2019,Not active Nov 2018 – Oct 2019,,,
330,24122,2010,False,0.0,,Debit,No credit card on day one,Visa,1,2010,25–29,Top,Top,2× or more,670–739,Northeast,Male,No signup record,No signup record,No signup record,Not active Nov 2018 – Oct 2019,No open card,Not active Nov 2018 – Oct 2019,Not active Nov 2018 – Oct 2019,Not active Nov 2018 – Oct 2019,,,
534,24139,2011,True,289.732625,289.732625,Debit,No credit card on day one,Visa,1,2011,18–24,Top,Top,Under 1×,740–799,Midwest,Female,other,/cards/rewards,direct,Debit-only everyday spenders,Debit only,Money transfer,Top,Bottom,18394.82,73.81040999999999,215.922215
567,24190,2015,False,0.0,,Credit,under $5k,Visa,1,2014–2015,18–24,2nd,2nd,2× or more,740–799,South,Male,social_media,/,paid_search_brand,Not active Nov 2018 – Oct 2019,Credit + debit + prepaid,Not active Nov 2018 – Oct 2019,Not active Nov 2018 – Oct 2019,Not active Nov 2018 – Oct 2019,,,
1289,24131,2010,True,69.90091,69.90091,Prepaid,No credit card on day one,Mastercard,1,2010,18–24,3rd,3rd,2× or more,740–799,South,Male,No signup record,No signup record,No signup record,Not active Nov 2018 – Oct 2019,No open card,Not active Nov 2018 – Oct 2019,Not active Nov 2018 – Oct 2019,Not active Nov 2018 – Oct 2019,968.4000000000001,19.3587,50.54221
1047,24151,2012,True,273.01011,273.01011,Debit,No credit card on day one,Mastercard,1,2012–2013,18–24,4th,4th,2× or more,670–739,South,Male,other,/cards/rewards,paid_search_brand,Younger credit users,Credit + debit,"Grocery, wholesale and pharmacy",Top,2nd,20421.17,69.473085,203.537025
1122,24157,2013,False,0.0,,Debit,No credit card on day one,Visa,1,2012–2013,25–29,Top,Top,1–2×,740–799,Northeast,Female,friend_or_family,/cards/rewards,direct,Not active Nov 2018 – Oct 2019,Debit only,Not active Nov 2018 – Oct 2019,Not active Nov 2018 – Oct 2019,Not active Nov 2018 – Oct 2019,,,
880,24126,2010,False,0.0,,Credit,$5–10k,Amex,1,2010,18–24,3rd,3rd,Under 1×,670–739,West,Male,blog_or_review_site,/compare,paid_search_nonbrand,Not active Nov 2018 – Oct 2019,Debit only,Not active Nov 2018 – Oct 2019,Not active Nov 2018 – Oct 2019,Not active Nov 2018 – Oct 2019,,23.75,71.25
1652,24136,2011,True,159.437265,159.437265,Debit,No credit card on day one,Visa,1,2011,40–49,3rd,3rd,1–2×,670–739,Midwest,Female,blog_or_review_site,/compare,paid_search_brand,Debit-only everyday spenders,Debit + prepaid,"Grocery, wholesale and pharmacy",2nd,3rd,9896.83,43.779415,115.65785
1688,24225,2018,False,0.0,,Debit,No credit card on day one,Mastercard,1,2016–2018,25–29,2nd,2nd,1–2×,740–799,South,Female,blog_or_review_site,/compare,paid_search_brand,Not active Nov 2018 – Oct 2019,Debit only,Not active Nov 2018 – Oct 2019,Not active Nov 2018 – Oct 2019,Not active Nov 2018 – Oct 2019,,,
338,24155,2012,True,271.72288,271.72288,Debit,No credit card on day one,Mastercard,1,2012–2013,60+,4th,4th,No debt,670–739,Northeast,Female,No signup record,No signup record,No signup record,Toll-road drivers,Debit only,Gas and auto,Top,Top,20106.309999999998,65.054155,206.668725
1120,24122,2010,False,0.0,,Credit,$15–25k,Discover,1,2010,30–39,4th,4th,2× or more,670–739,West,Female,No signup record,No signup record,No signup record,Not active Nov 2018 – Oct 2019,Credit only,Not active Nov 2018 – Oct 2019,Not active Nov 2018 – Oct 2019,Not active Nov 2018 – Oct 2019,,,
993,24170,2014,False,0.0,,Credit,$5–10k,Visa,1,2014–2015,40–49,3rd,3rd,2× or more,580–669,South,Female,No signup record,No signup record,No signup record,Not active Nov 2018 – Oct 2019,Credit only,Not active Nov 2018 – Oct 2019,Not active Nov 2018 – Oct 2019,Not active Nov 2018 – Oct 2019,,,
962,24122,2010,True,123.79621,123.79621,Debit,No credit card on day one,Mastercard,1,2010,18–24,2nd,2nd,1–2×,800+,Midwest,Male,search,/compare,paid_search_brand,Younger credit users,Credit + debit,"Grocery, wholesale and pharmacy",Bottom,Bottom,7164.0,31.817999999999998,91.97820999999999
1707,24129,2010,False,0.0,,Debit,No credit card on day one,Mastercard,1,2010,18–24,2nd,2nd,1–2×,580–669,West,Female,No signup record,No signup record,No signup record,Not active Nov 2018 – Oct 2019,Debit only,Not active Nov 2018 – Oct 2019,Not active Nov 2018 – Oct 2019,Not active Nov 2018 – Oct 2019,,,
1552,24122,2010,True,152.742905,152.742905,Debit,No credit card on day one,Mastercard,1,2010,50–59,4th,3rd,1–2×,670–739,West,Male,search,/cards/rewards,paid_search_brand,Debit-only everyday spenders,Debit only,"Grocery, wholesale and pharmacy",4th,3rd,13957.14,37.17857,115.564335
319,24121,2010,True,864.7628399999999,864.7628399999999,Credit,$5–10k,Visa,1,2010,50–59,Bottom,2nd,Under 1×,580–669,West,Male,podcast_or_youtube,/cards/rewards,paid_search_nonbrand,Younger credit users,Credit + prepaid,"Grocery, wholesale and pharmacy",4th,3rd,13089.92,225.03456,639.7282799999999
1421,24150,2012,True,91.65031499999999,91.65031499999999,Debit,No credit card on day one,Mastercard,1,2012–2013,18–24,2nd,2nd,Under 1×,740–799,South,Male,No signup record,No signup record,No signup record,Debit-only everyday spenders,Debit + prepaid,"Grocery, wholesale and pharmacy",Bottom,Top,7746.84,23.01542,68.634895
1101,24186,2015,False,0.0,,Debit,No credit card on day one,Visa,1,2014–2015,18–24,Bottom,Bottom,Under 1×,740–799,Northeast,Female,friend_or_family,/,direct,Not active Nov 2018 – Oct 2019,Credit + debit,Not active Nov 2018 – Oct 2019,Not active Nov 2018 – Oct 2019,Not active Nov 2018 – Oct 2019,,,
1578,24164,2013,False,0.0,,Credit,$5–10k,Mastercard,1,2012–2013,60+,2nd,3rd,Under 1×,670–739,South,Male,blog_or_review_site,/cards/rewards,paid_social_meta,Not active Nov 2018 – Oct 2019,Credit + prepaid,Not active Nov 2018 – Oct 2019,Not active Nov 2018 – Oct 2019,Not active Nov 2018 – Oct 2019,,,
1233,24141,2011,False,0.0,,Credit,$10–15k,Visa,1,2011,25–29,3rd,2nd,1–2×,670–739,Midwest,Male,app_store,/cards/rewards,direct,Not active Nov 2018 – Oct 2019,Credit only,Not active Nov 2018 – Oct 2019,Not active Nov 2018 – Oct 2019,Not active Nov 2018 – Oct 2019,,,
149,24186,2015,True,1167.4906199999998,1167.4906199999998,Credit,$10–15k,Mastercard,1,2014–2015,18–24,Top,Top,2× or more,580–669,West,Female,No signup record,No signup record,No signup record,Younger credit users,Credit only,"Bills, utilities and professional services",Top,Top,17265.52,269.39736,898.0932599999999
51,24132,2010,True,825.9173999999999,825.9173999999999,Credit,$10–15k,Visa,1,2010,18–24,4th,4th,2× or more,670–739,South,Female,other,/blog/credit-basics,direct,Younger credit users,Credit + debit,"Grocery, wholesale and pharmacy",3rd,2nd,12826.369999999999,221.26265999999995,604.65474
196,24133,2011,True,420.02819999999997,420.02819999999997,Credit,under $5k,Visa,1,2011,30–39,2nd,2nd,1–2×,740–799,South,Female,No signup record,No signup record,No signup record,Younger credit users,Credit only,"Grocery, wholesale and pharmacy",2nd,2nd,6531.030000000001,101.35853999999999,318.66965999999996
504,24152,2012,False,0.0,,Prepaid,No credit card on day one,Mastercard,1,2012–2013,30–39,2nd,2nd,1–2×,670–739,Midwest,Female,No signup record,No signup record,No signup record,Not active Nov 2018 – Oct 2019,Prepaid only,Not active Nov 2018 – Oct 2019,Not active Nov 2018 – Oct 2019,Not active Nov 2018 – Oct 2019,,,
524,24123,2010,True,117.464325,117.464325,Debit,No credit card on day one,Visa,1,2010,40–49,2nd,2nd,1–2×,670–739,South,Male,No signup record,No signup record,No signup record,Debit-only everyday spenders,Debit only,"Grocery, wholesale and pharmacy",Bottom,3rd,6766.98,26.697989999999997,90.766335
525,24132,2010,True,247.216495,247.216495,Debit,No credit card on day one,Mastercard,1,2010,40–49,2nd,2nd,No debt,670–739,West,Male,No signup record,No signup record,No signup record,Debit-only everyday spenders,Debit only,Travel and transport,4th,Top,10781.43,59.112715,188.10378
1685,24122,2010,True,126.856635,126.856635,Debit,No credit card on day one,Mastercard,1,2010,40–49,Top,Top,1–2×,670–739,West,Male,No signup record,No signup record,No signup record,Debit-only everyday spenders,Debit + prepaid,"Grocery, wholesale and pharmacy",2nd,4th,11462.949999999999,33.781475,93.07516000000001
225,24122,2010,True,247.35107,247.35107,Debit,No credit card on day one,Visa,1,2010,18–24,3rd,3rd,1–2×,670–739,South,Male,search,/blog/credit-basics,paid_social_meta,Younger credit users,Credit + debit,"Grocery, wholesale and pharmacy",4th,Bottom,10064.74,34.48537,212.86569999999998
1482,24122,2010,True,233.321085,233.321085,Debit,No credit card on day one,Visa,1,2010,40–49,Top,Top,1–2×,670–739,South,Male,No signup record,No signup record,No signup record,Debit-only everyday spenders,Debit only,"Bills, utilities and professional services",4th,Top,14174.400000000001,54.928200000000004,178.392885
1415,24225,2018,False,0.0,,Credit,$5–10k,Visa,1,2016–2018,25–29,4th,3rd,1–2×,670–739,West,Male,social_media,/blog/credit-basics,direct,Not active Nov 2018 – Oct 2019,Credit only,Not active Nov 2018 – Oct 2019,Not active Nov 2018 – Oct 2019,Not active Nov 2018 – Oct 2019,,,
1057,24125,2010,False,0.0,,Debit,No credit card on day one,Mastercard,1,2010,25–29,4th,3rd,2× or more,740–799,West,Female,No signup record,No signup record,No signup record,Not active Nov 2018 – Oct 2019,No open card,Not active Nov 2018 – Oct 2019,Not active Nov 2018 – Oct 2019,Not active Nov 2018 – Oct 2019,,,
83,24183,2015,False,0.0,,Credit,$10–15k,Visa,1,2014–2015,25–29,Top,Top,1–2×,Under 580,South,Male,No signup record,No signup record,No signup record,Not active Nov 2018 – Oct 2019,Credit only,Not active Nov 2018 – Oct 2019,Not active Nov 2018 – Oct 2019,Not active Nov 2018 – Oct 2019,,,
1152,24157,2013,False,0.0,,Credit,$5–10k,Discover,1,2012–2013,30–39,2nd,2nd,2× or more,740–799,Midwest,Male,No signup record,No signup record,No signup record,Not active Nov 2018 – Oct 2019,Credit only,Not active Nov 2018 – Oct 2019,Not active Nov 2018 – Oct 2019,Not active Nov 2018 – Oct 2019,,,
134,24132,2010,True,993.1609399999999,993.1609399999999,Credit,$10–15k,Amex,1,2010,30–39,4th,4th,2× or more,580–669,South,Male,search,/cards,paid_search_brand,Younger credit users,Credit + debit,"Bills, utilities and professional services",3rd,4th,15536.619999999999,279.81116,713.3497799999999
220,24123,2010,True,600.7119849999999,600.7119849999999,Credit,$15–25k,Amex,1,2010,18–24,Top,Top,Under 1×,670–739,West,Female,search,/blog/credit-basics,paid_search_brand,Younger credit users,Credit + debit + prepaid,"Bills, utilities and professional services",3rd,Top,10462.28,163.03904,437.67294499999997
1343,24199,2016,False,0.0,,Credit,$5–10k,Amex,1,2016–2018,18–24,Bottom,Bottom,1–2×,Under 580,Midwest,Female,social_media,/compare,organic_search,Not active Nov 2018 – Oct 2019,Credit + debit,Not active Nov 2018 – Oct 2019,Not active Nov 2018 – Oct 2019,Not active Nov 2018 – Oct 2019,,23.75,71.25
1930,24171,2014,False,0.0,,Debit,No credit card on day one,Mastercard,1,2014–2015,18–24,3rd,3rd,1–2×,670–739,South,Male,friend_or_family,/apply,paid_social_meta,Not active Nov 2018 – Oct 2019,Credit + debit + prepaid,Not active Nov 2018 – Oct 2019,Not active Nov 2018 – Oct 2019,Not active Nov 2018 – Oct 2019,,,
1260,24168,2013,True,404.25764,404.25764,Credit,under $5k,Amex,1,2012–2013,18–24,3rd,3rd,1–2×,670–739,South,Male,blog_or_review_site,/blog/credit-basics,paid_search_nonbrand,Younger credit users,Credit only,Industrial and wholesale (as labelled),Bottom,Top,4240.56,94.12208,310.13555999999994
57,24132,2010,True,248.90538999999998,248.90538999999998,Debit,No credit card on day one,Mastercard,1,2010,18–24,3rd,3rd,1–2×,800+,West,Female,No signup record,No signup record,No signup record,Debit-only everyday spenders,Debit only,"Grocery, wholesale and pharmacy",4th,4th,10711.029999999999,58.623515,190.28187499999999
1335,24156,2012,True,227.744505,227.744505,Debit,No credit card on day one,Mastercard,1,2012–2013,40–49,Top,Top,2× or more,800+,West,Female,search,/cards/rewards,paid_search_brand,Debit-only everyday spenders,Debit + prepaid,"Grocery, wholesale and pharmacy",Top,Top,20712.06,62.42903,165.315475
1125,24186,2015,True,506.6257,506.6257,Debit,No credit card on day one,Visa,1,2014–2015,18–24,Top,Top,1–2×,670–739,South,Male,blog_or_review_site,/compare,paid_search_brand,Younger credit users,Credit + debit,"Bills, utilities and professional services",3rd,4th,11057.83,36.385915,470.239785
1486,24128,2010,True,303.48738,303.48738,Credit,$5–10k,Visa,1,2010,30–39,Bottom,Bottom,1–2×,740–799,South,Female,No signup record,No signup record,No signup record,Younger credit users,Credit only,"Bills, utilities and professional services",Bottom,4th,4922.93,66.59873999999999,236.88863999999995
1994,24132,2010,True,683.884685,683.884685,Credit,$15–25k,Visa,1,2010,30–39,Top,Top,1–2×,740–799,West,Female,No signup record,No signup record,No signup record,Younger credit users,Credit + prepaid,"Grocery, wholesale and pharmacy",4th,Bottom,10089.14,178.11252,505.772165
572,24183,2015,False,0.0,,Debit,No credit card on day one,Visa,1,2014–2015,18–24,4th,4th,Under 1×,670–739,South,Male,search,/apply,direct,Not active Nov 2018 – Oct 2019,Debit + prepaid,Not active Nov 2018 – Oct 2019,Not active Nov 2018 – Oct 2019,Not active Nov 2018 – Oct 2019,,,
1442,24124,2010,True,294.82116,294.82116,Debit,No credit card on day one,Mastercard,1,2010,30–39,Bottom,Bottom,2× or more,580–669,West,Male,No signup record,No signup record,No signup record,Debit-only everyday spenders,Debit only,"Grocery, wholesale and pharmacy",4th,3rd,14380.99,69.937995,224.883165
404,24130,2010,False,0.0,,Credit,$10–15k,Visa,1,2010,30–39,3rd,3rd,1–2×,580–669,South,Male,No signup record,No signup record,No signup record,Not active Nov 2018 – Oct 2019,Credit only,Not active Nov 2018 – Oct 2019,Not active Nov 2018 – Oct 2019,Not active Nov 2018 – Oct 2019,,,
1510,24122,2010,True,722.4955199999999,722.4955199999999,Credit,$10–15k,Visa,1,2010,18–24,4th,4th,1–2×,740–799,West,Male,No signup record,No signup record,No signup record,Not active Nov 2018 – Oct 2019,No open card,Not active Nov 2018 – Oct 2019,Not active Nov 2018 – Oct 2019,Not active Nov 2018 – Oct 2019,9059.869999999999,131.63165999999998,590.8638599999999
943,24197,2016,False,0.0,,Credit,$5–10k,Discover,1,2016–2018,60+,Top,Top,Under 1×,740–799,Northeast,Male,friend_or_family,/cards,direct,Not active Nov 2018 – Oct 2019,Credit only,Not active Nov 2018 – Oct 2019,Not active Nov 2018 – Oct 2019,Not active Nov 2018 – Oct 2019,,,
1753,24131,2010,True,178.413475,178.413475,Debit,No credit card on day one,Visa,1,2010,30–39,4th,3rd,1–2×,Under 580,South,Male,No signup record,No signup record,No signup record,Debit-only everyday spenders,Debit only,"Grocery, wholesale and pharmacy",3rd,4th,13316.28,47.748639999999995,130.66483499999998
43,24213,2017,False,0.0,,Debit,No credit card on day one,Mastercard,1,2016–2018,18–24,Top,Top,1–2×,670–739,West,Female,friend_or_family,/cards/rewards,paid_search_nonbrand,Not active Nov 2018 – Oct 2019,Credit + debit,Not active Nov 2018 – Oct 2019,Not active Nov 2018 – Oct 2019,Not active Nov 2018 – Oct 2019,,0.0,0.0
654,24185,2015,False,0.0,,Credit,$5–10k,Visa,1,2014–2015,40–49,2nd,2nd,1–2×,Under 580,South,Female,No signup record,No signup record,No signup record,Not active Nov 2018 – Oct 2019,Credit only,Not active Nov 2018 – Oct 2019,Not active Nov 2018 – Oct 2019,Not active Nov 2018 – Oct 2019,,,
1020,24122,2010,True,373.29834,373.29834,Debit,No credit card on day one,Mastercard,1,2010,18–24,4th,4th,2× or more,740–799,Midwest,Female,blog_or_review_site,/,paid_search_brand,Younger credit users,Credit + debit,"Grocery, wholesale and pharmacy",Top,Bottom,23684.129999999997,90.047065,283.25127499999996
22,24211,2017,True,756.41886,756.41886,Credit,$10–15k,Visa,1,2016–2018,50–59,4th,4th,2× or more,740–799,South,Male,friend_or_family,/blog/credit-basics,paid_search_brand,Toll-road drivers,Credit only,Gas and auto,3rd,Top,11280.49,182.42082,573.99804
49,24125,2010,False,0.0,,Debit,No credit card on day one,Mastercard,1,2010,25–29,3rd,3rd,1–2×,670–739,Midwest,Male,No signup record,No signup record,No signup record,Not active Nov 2018 – Oct 2019,Debit only,Not active Nov 2018 – Oct 2019,Not active Nov 2018 – Oct 2019,Not active Nov 2018 – Oct 2019,,,
608,24135,2011,True,129.743785,129.743785,Debit,No credit card on day one,Mastercard,1,2011,18–24,Bottom,Bottom,No debt,740–799,West,Male,blog_or_review_site,/,organic_search,Debit-only everyday spenders,Debit + prepaid,"Grocery, wholesale and pharmacy",Bottom,2nd,3690.09,31.106044999999998,98.63774
286,24129,2010,True,125.20899499999999,125.20899499999999,Debit,No credit card on day one,Mastercard,1,2010,25–29,3rd,2nd,Under 1×,670–739,South,Male,No signup record,No signup record,No signup record,Debit-only everyday spenders,Debit only,"Grocery, wholesale and pharmacy",2nd,4th,6744.12,28.35606,96.85293499999999
518,24215,2017,False,0.0,,Credit,$5–10k,Visa,1,2016–2018,25–29,4th,3rd,2× or more,Under 580,Northeast,Male,search,/cards/rewards,organic_search,Not active Nov 2018 – Oct 2019,Credit only,Not active Nov 2018 – Oct 2019,Not active Nov 2018 – Oct 2019,Not active Nov 2018 – Oct 2019,,,
388,24167,2013,False,0.0,,Debit,No credit card on day one,Visa,1,2012–2013,18–24,Bottom,Bottom,1–2×,740–799,South,Female,blog_or_review_site,/compare,paid_search_brand,Not active Nov 2018 – Oct 2019,Debit only,Not active Nov 2018 – Oct 2019,Not active Nov 2018 – Oct 2019,Not active Nov 2018 – Oct 2019,,,
741,24139,2011,False,0.0,,Debit,No credit card on day one,Mastercard,1,2011,60+,3rd,3rd,Under 1×,800+,Northeast,Male,No signup record,No signup record,No signup record,Not active Nov 2018 – Oct 2019,Debit only,Not active Nov 2018 – Oct 2019,Not active Nov 2018 – Oct 2019,Not active Nov 2018 – Oct 2019,,,
596,24184,2015,True,569.1105,569.1105,Credit,$5–10k,Visa,1,2014–2015,18–24,2nd,2nd,Under 1×,670–739,Northeast,Male,social_media,/cards,paid_social_reddit,Younger credit users,Credit only,"Grocery, wholesale and pharmacy",2nd,3rd,8947.119999999999,142.04016,427.07034
1672,24151,2012,True,166.96228,166.96228,Prepaid,No credit card on day one,Mastercard,1,2012–2013,18–24,Top,Top,2× or more,740–799,Midwest,Male,social_media,/apply,paid_social_reddit,Younger credit users,Credit + debit + prepaid,"Grocery, wholesale and pharmacy",Bottom,3rd,2949.09,45.125045,121.83723499999999
1589,24169,2014,True,107.95250999999999,107.95250999999999,Debit,No credit card on day one,Visa,1,2014–2015,30–39,Bottom,Bottom,1–2×,670–739,West,Female,blog_or_review_site,/cards,direct,Debit-only everyday spenders,Debit only,Money transfer,Bottom,Bottom,6872.61,26.921805,81.030705
1280,24192,2015,False,0.0,,Credit,$5–10k,Amex,1,2014–2015,18–24,2nd,2nd,2× or more,580–669,West,Male,No signup record,No signup record,No signup record,Not active Nov 2018 – Oct 2019,Credit only,Not active Nov 2018 – Oct 2019,Not active Nov 2018 – Oct 2019,Not active Nov 2018 – Oct 2019,,23.75,71.25
883,24198,2016,True,1066.8882199999998,1066.8882199999998,Credit,$10–15k,Amex,1,2016–2018,25–29,4th,4th,1–2×,580–669,West,Male,friend_or_family,/cards/rewards,paid_search_brand,Younger credit users,Credit only,"Bills, utilities and professional services",4th,3rd,16436.17,285.29305999999997,781.5951599999999
1071,24169,2014,False,0.0,,Debit,No credit card on day one,Visa,1,2014–2015,18–24,3rd,2nd,1–2×,800+,Midwest,Male,blog_or_review_site,/apply,microsoft_ads,Not active Nov 2018 – Oct 2019,Credit + debit + prepaid,Not active Nov 2018 – Oct 2019,Not active Nov 2018 – Oct 2019,Not active Nov 2018 – Oct 2019,,0.0,0.0
1585,24160,2013,True,340.954745,340.954745,Debit,No credit card on day one,Visa,1,2012–2013,25–29,3rd,3rd,No debt,670–739,South,Female,No signup record,No signup record,No signup record,Debit-only everyday spenders,Debit only,Gas and auto,4th,2nd,17676.91,83.680955,257.27378999999996
272,24133,2011,False,0.0,,Debit,No credit card on day one,Visa,1,2011,18–24,4th,4th,2× or more,740–799,Northeast,Female,blog_or_review_site,/cards/rewards,paid_search_brand,Not active Nov 2018 – Oct 2019,Debit + prepaid,Not active Nov 2018 – Oct 2019,Not active Nov 2018 – Oct 2019,Not active Nov 2018 – Oct 2019,,,
988,24127,2010,True,768.34854,768.34854,Credit,$10–15k,Mastercard,1,2010,50–59,3rd,3rd,Under 1×,740–799,South,Male,podcast_or_youtube,/apply,paid_search_brand,Younger credit users,Credit only,Gas and auto,3rd,Bottom,13112.31,211.90157999999997,556.44696
660,24130,2010,True,455.14633999999995,455.14633999999995,Credit,$10–15k,Amex,1,2010,18–24,3rd,3rd,2× or more,670–739,South,Female,No signup record,No signup record,No signup record,Younger credit users,Credit only,"Bills, utilities and professional services",Bottom,4th,4358.9,91.1942,363.95214
661,24164,2013,True,253.72645,253.72645,Credit,$5–10k,Amex,1,2012–2013,50–59,3rd,3rd,1–2×,Under 580,Northeast,Male,No signup record,No signup record,No signup record,Younger credit users,Credit + debit,Gas and auto,Bottom,Bottom,2728.5,66.275,187.45145
1298,24122,2010,True,175.05094499999998,175.05094499999998,Debit,No credit card on day one,Mastercard,1,2010,18–24,Bottom,Bottom,1–2×,670–739,West,Female,No signup record,No signup record,No signup record,Younger credit users,Credit + debit,"Bills, utilities and professional services",Bottom,Top,4116.43,22.967715,152.08323
1704,24140,2011,False,0.0,,Debit,No credit card on day one,Mastercard,1,2011,18–24,Top,Top,2× or more,670–739,Midwest,Male,No signup record,No signup record,No signup record,Not active Nov 2018 – Oct 2019,Debit only,Not active Nov 2018 – Oct 2019,Not active Nov 2018 – Oct 2019,Not active Nov 2018 – Oct 2019,,,
197,24144,2011,True,340.690615,340.690615,Debit,No credit card on day one,Visa,1,2011,18–24,2nd,Bottom,1–2×,670–739,South,Male,friend_or_family,/cards/rewards,organic_search,Younger credit users,Credit + debit + prepaid,"Grocery, wholesale and pharmacy",4th,Bottom,15886.619999999999,84.34881,256.34180499999997
1554,24190,2015,False,0.0,,Credit,$10–15k,Discover,1,2014–2015,40–49,4th,4th,1–2×,670–739,Northeast,Male,No signup record,No signup record,No signup record,Not active Nov 2018 – Oct 2019,Credit only,Not active Nov 2018 – Oct 2019,Not active Nov 2018 – Oct 2019,Not active Nov 2018 – Oct 2019,,,
938,24121,2010,True,942.4947599999999,942.4947599999999,Credit,$10–15k,Mastercard,1,2010,18–24,4th,4th,1–2×,670–739,Midwest,Female,social_media,/apply,paid_search_brand,Younger credit users,Credit + debit + prepaid,Restaurants and bars,4th,Bottom,12248.589999999998,207.73062,734.76414
622,24189,2015,False,0.0,,Prepaid,No credit card on day one,Mastercard,1,2014–2015,18–24,Top,Top,No debt,670–739,South,Male,blog_or_review_site,/cards,paid_search_brand,Not active Nov 2018 – Oct 2019,Prepaid only,Not active Nov 2018 – Oct 2019,Not active Nov 2018 – Oct 2019,Not active Nov 2018 – Oct 2019,,,
796,24159,2013,False,0.0,,Credit,$10–15k,Mastercard,1,2012–2013,18–24,3rd,3rd,1–2×,740–799,South,Female,search,/blog/credit-basics,paid_search_brand,Not active Nov 2018 – Oct 2019,Debit only,Not active Nov 2018 – Oct 2019,Not active Nov 2018 – Oct 2019,Not active Nov 2018 – Oct 2019,,,
1890,24209,2017,False,0.0,,Debit,No credit card on day one,Mastercard,1,2016–2018,25–29,2nd,Bottom,2× or more,740–799,Northeast,Male,blog_or_review_site,/blog/credit-basics,paid_search_brand,Not active Nov 2018 – Oct 2019,Debit only,Not active Nov 2018 – Oct 2019,Not active Nov 2018 – Oct 2019,Not active Nov 2018 – Oct 2019,,,
58,24158,2013,True,218.41071499999998,218.41071499999998,Debit,No credit card on day one,Mastercard,1,2012–2013,30–39,4th,4th,1–2×,670–739,Midwest,Female,search,/compare,direct,Debit-only everyday spenders,Debit only,Travel and transport,4th,Top,15399.16,52.17108,166.239635
960,24206,2017,False,0.0,,Debit,No credit card on day one,Visa,1,2016–2018,25–29,4th,4th,1–2×,740–799,West,Male,search,/cards,direct,Not active Nov 2018 – Oct 2019,Credit + debit,Not active Nov 2018 – Oct 2019,Not active Nov 2018 – Oct 2019,Not active Nov 2018 – Oct 2019,,,
434,24126,2010,True,847.3573399999999,847.3573399999999,Credit,$15–25k,Amex,1,2010,18–24,4th,4th,1–2×,740–799,Midwest,Female,friend_or_family,/,paid_search_brand,Younger credit users,Credit + debit,"Bills, utilities and professional services",4th,4th,12363.150000000001,220.9787,626.3786399999999
878,24208,2017,False,0.0,,Debit,No credit card on day one,Mastercard,1,2016–2018,40–49,3rd,3rd,2× or more,580–669,Northeast,Male,search,/,paid_search_brand,Not active Nov 2018 – Oct 2019,Credit only,Not active Nov 2018 – Oct 2019,Not active Nov 2018 – Oct 2019,Not active Nov 2018 – Oct 2019,,0.0,23.75
717,24227,2018,False,0.0,,Credit,$5–10k,Mastercard,1,2016–2018,18–24,4th,4th,1–2×,580–669,South,Female,friend_or_family,/compare,direct,Not active Nov 2018 – Oct 2019,Credit + debit + prepaid,Not active Nov 2018 – Oct 2019,Not active Nov 2018 – Oct 2019,Not active Nov 2018 – Oct 2019,,,
709,24154,2012,True,188.180755,188.180755,Debit,No credit card on day one,Mastercard,1,2012–2013,18–24,3rd,3rd,1–2×,740–799,Midwest,Female,friend_or_family,/compare,paid_search_brand,Debit-only everyday spenders,Debit only,"Grocery, wholesale and pharmacy",3rd,2nd,7070.25,41.941625,146.23913
372,24134,2011,False,0.0,,Debit,No credit card on day one,Visa,1,2011,18–24,Bottom,Bottom,Under 1×,740–799,Midwest,Male,No signup record,No signup record,No signup record,Not active Nov 2018 – Oct 2019,Debit only,Not active Nov 2018 – Oct 2019,Not active Nov 2018 – Oct 2019,Not active Nov 2018 – Oct 2019,,,
1829,24193,2016,False,0.0,,Debit,No credit card on day one,Mastercard,1,2016–2018,18–24,3rd,3rd,1–2×,670–739,South,Male,friend_or_family,/apply,paid_search_brand,Not active Nov 2018 – Oct 2019,Credit + debit,Not active Nov 2018 – Oct 2019,Not active Nov 2018 – Oct 2019,Not active Nov 2018 – Oct 2019,,,
1706,24176,2014,False,0.0,,Credit,$10–15k,Amex,1,2014–2015,18–24,Bottom,Bottom,2× or more,800+,South,Female,search,/compare,paid_search_brand,Not active Nov 2018 – Oct 2019,Credit only,Not active Nov 2018 – Oct 2019,Not active Nov 2018 – Oct 2019,Not active Nov 2018 – Oct 2019,,23.75,71.25
1044,24127,2010,False,0.0,,Debit,No credit card on day one,Mastercard,1,2010,18–24,4th,3rd,2× or more,670–739,South,Male,No signup record,No signup record,No signup record,Not active Nov 2018 – Oct 2019,Debit only,Not active Nov 2018 – Oct 2019,Not active Nov 2018 – Oct 2019,Not active Nov 2018 – Oct 2019,,,
859,24121,2010,True,543.8563549999999,543.8563549999999,Credit,$5–10k,Mastercard,1,2010,40–49,2nd,Bottom,2× or more,580–669,South,Male,No signup record,No signup record,No signup record,Toll-road drivers,Credit + debit,Gas and auto,3rd,Top,10949.74,190.09331999999998,353.76303499999995
441,24130,2010,True,196.991125,196.991125,Debit,No credit card on day one,Visa,1,2010,30–39,4th,4th,1–2×,580–669,South,Female,No signup record,No signup record,No signup record,Debit-only everyday spenders,Debit only,"Grocery, wholesale and pharmacy",3rd,3rd,10589.84,51.64942,145.341705
1748,24128,2010,False,0.0,,Debit,No credit card on day one,Visa,1,2010,30–39,4th,4th,1–2×,580–669,South,Female,No signup record,No signup record,No signup record,Not active Nov 2018 – Oct 2019,Debit only,Not active Nov 2018 – Oct 2019,Not active Nov 2018 – Oct 2019,Not active Nov 2018 – Oct 2019,,,
269,24226,2018,False,0.0,,Prepaid,No credit card on day one,Visa,1,2016–2018,18–24,3rd,3rd,No debt,670–739,Midwest,Female,search,/cards/rewards,paid_search_brand,Not active Nov 2018 – Oct 2019,Prepaid only,Not active Nov 2018 – Oct 2019,Not active Nov 2018 – Oct 2019,Not active Nov 2018 – Oct 2019,,,
1793,24133,2011,True,63.812245,63.812245,Prepaid,No credit card on day one,Visa,1,2011,25–29,Bottom,Bottom,1–2×,800+,South,Male,friend_or_family,/compare,paid_search_brand,Younger credit users,Credit + prepaid,"Grocery, wholesale and pharmacy",Bottom,3rd,2763.52,16.17276,47.639485
116,24156,2012,True,255.02399499999999,255.02399499999999,Debit,No credit card on day one,Mastercard,1,2012–2013,18–24,Top,Top,Under 1×,670–739,Northeast,Male,social_media,/compare,paid_search_brand,Toll-road drivers,Debit + prepaid,Gas and auto,Top,Top,14149.25,60.768625,194.25537
71,24126,2010,False,0.0,,Credit,$5–10k,Mastercard,1,2010,30–39,2nd,2nd,1–2×,670–739,Midwest,Male,No signup record,No signup record,No signup record,Not active Nov 2018 – Oct 2019,Prepaid only,Not active Nov 2018 – Oct 2019,Not active Nov 2018 – Oct 2019,Not active Nov 2018 – Oct 2019,,,
1841,24206,2017,False,0.0,,Debit,No credit card on day one,Mastercard,1,2016–2018,25–29,3rd,3rd,1–2×,670–739,South,Female,social_media,/compare,direct,Not active Nov 2018 – Oct 2019,Credit + debit,Not active Nov 2018 – Oct 2019,Not active Nov 2018 – Oct 2019,Not active Nov 2018 – Oct 2019,,,
1653,24140,2011,False,0.0,,Debit,No credit card on day one,Mastercard,1,2011,30–39,Top,Top,1–2×,670–739,Northeast,Male,No signup record,No signup record,No signup record,Not active Nov 2018 – Oct 2019,Debit only,Not active Nov 2018 – Oct 2019,Not active Nov 2018 – Oct 2019,Not active Nov 2018 – Oct 2019,,,
1982,24126,2010,False,0.0,,Debit,No credit card on day one,Mastercard,1,2010,18–24,Top,Top,Under 1×,670–739,Northeast,Male,search,/blog/credit-basics,paid_search_brand,Not active Nov 2018 – Oct 2019,Debit only,Not active Nov 2018 – Oct 2019,Not active Nov 2018 – Oct 2019,Not active Nov 2018 – Oct 2019,,,
1582,24192,2015,True,238.87099,238.87099,Debit,No credit card on day one,Mastercard,1,2014–2015,18–24,Top,Top,1–2×,670–739,West,Female,No signup record,No signup record,No signup record,Toll-road drivers,Debit only,Gas and auto,4th,Top,16817.33,59.470665,179.40032499999998
656,24131,2010,False,0.0,,Debit,No credit card on day one,Visa,1,2010,50–59,4th,4th,2× or more,670–739,South,Female,No signup record,No signup record,No signup record,Not active Nov 2018 – Oct 2019,Debit only,Not active Nov 2018 – Oct 2019,Not active Nov 2018 – Oct 2019,Not active Nov 2018 – Oct 2019,,,
1862,24199,2016,True,599.99058,599.99058,Credit,$10–15k,Visa,1,2016–2018,18–24,3rd,2nd,1–2×,670–739,Midwest,Female,social_media,/apply,direct,Younger credit users,Credit only,"Grocery, wholesale and pharmacy",3rd,Bottom,11148.77,181.68786,418.30271999999997
1429,24150,2012,True,191.260585,191.260585,Debit,No credit card on day one,Visa,1,2012–2013,50–59,2nd,2nd,Under 1×,740–799,West,Female,friend_or_family,/blog/credit-basics,direct,Debit-only everyday spenders,Debit only,Industrial and wholesale (as labelled),3rd,Bottom,8114.66,44.55033,146.710255
1730,24133,2011,True,201.760075,201.760075,Debit,No credit card on day one,Mastercard,1,2011,40–49,3rd,3rd,2× or more,670–739,Northeast,Female,social_media,/cards/rewards,paid_search_brand,Debit-only everyday spenders,Debit only,"Grocery, wholesale and pharmacy",2nd,4th,7666.33,46.262164999999996,155.49791
86,24187,2015,True,198.996755,198.996755,Debit,No credit card on day one,Visa,1,2014–2015,18–24,Bottom,Bottom,1–2×,740–799,South,Male,social_media,/apply,direct,Toll-road drivers,Debit only,Gas and auto,2nd,Top,7935.02,46.10751,152.889245
1118,24166,2013,True,212.56232,212.56232,Debit,No credit card on day one,Mastercard,1,2012–2013,18–24,Top,Top,2× or more,670–739,West,Female,friend_or_family,/cards/rewards,paid_search_brand,Younger credit users,Credit + debit,"Bills, utilities and professional services",Top,3rd,19617.239999999998,51.65862,160.9037
627,24226,2018,False,0.0,,Credit,under $5k,Visa,1,2016–2018,40–49,4th,3rd,1–2×,670–739,Northeast,Male,social_media,/blog/credit-basics,paid_social_meta,Not active Nov 2018 – Oct 2019,Credit only,Not active Nov 2018 – Oct 2019,Not active Nov 2018 – Oct 2019,Not active Nov 2018 – Oct 2019,,,
1439,24121,2010,True,193.42594,193.42594,Debit,No credit card on day one,Mastercard,1,2010,18–24,Bottom,Bottom,1–2×,670–739,South,Female,No signup record,No signup record,No signup record,Debit-only everyday spenders,Debit only,"Grocery, wholesale and pharmacy",Bottom,3rd,4370.06,46.55403,146.87190999999999
1924,24226,2018,False,0.0,,Credit,$5–10k,Mastercard,1,2016–2018,40–49,3rd,2nd,2× or more,580–669,South,Male,social_media,/cards/rewards,direct,Not active Nov 2018 – Oct 2019,Credit only,Not active Nov 2018 – Oct 2019,Not active Nov 2018 – Oct 2019,Not active Nov 2018 – Oct 2019,,,
981,24128,2010,False,0.0,,Credit,$5–10k,Amex,1,2010,30–39,4th,4th,1–2×,670–739,West,Male,No signup record,No signup record,No signup record,Not active Nov 2018 – Oct 2019,Credit only,Not active Nov 2018 – Oct 2019,Not active Nov 2018 – Oct 2019,Not active Nov 2018 – Oct 2019,,23.75,71.25
384,24223,2018,False,0.0,,Debit,No credit card on day one,Visa,1,2016–2018,18–24,3rd,3rd,1–2×,670–739,Midwest,Male,search,/,paid_search_brand,Not active Nov 2018 – Oct 2019,Debit only,Not active Nov 2018 – Oct 2019,Not active Nov 2018 – Oct 2019,Not active Nov 2018 – Oct 2019,,,
952,24134,2011,True,209.21013499999998,209.21013499999998,Debit,No credit card on day one,Mastercard,1,2011,18–24,Top,Top,Under 1×,670–739,Northeast,Male,No signup record,No signup record,No signup record,Debit-only everyday spenders,Debit only,Gas and auto,Top,3rd,21580.3,49.223150000000004,159.986985
616,24198,2016,True,459.71189999999996,459.71189999999996,Credit,under $5k,Mastercard,1,2016–2018,40–49,2nd,2nd,1–2×,580–669,South,Female,friend_or_family,/apply,paid_search_brand,Younger credit users,Credit only,"Grocery, wholesale and pharmacy",2nd,2nd,7573.549999999999,114.81389999999999,344.89799999999997
1366,24157,2013,True,631.33524,631.33524,Credit,$10–15k,Mastercard,1,2012–2013,18–24,3rd,3rd,2× or more,740–799,South,Female,blog_or_review_site,/apply,paid_search_brand,Younger credit users,Credit + debit,"Grocery, wholesale and pharmacy",3rd,4th,8855.05,145.3329,486.00233999999995
336,24192,2015,False,0.0,,Debit,No credit card on day one,Mastercard,1,2014–2015,18–24,3rd,3rd,No debt,740–799,Northeast,Male,No signup record,No signup record,No signup record,Not active Nov 2018 – Oct 2019,Debit only,Not active Nov 2018 – Oct 2019,Not active Nov 2018 – Oct 2019,Not active Nov 2018 – Oct 2019,,,
1837,24121,2010,True,171.010835,171.010835,Debit,No credit card on day one,Visa,1,2010,50–59,Bottom,Bottom,Under 1×,740–799,West,Female,No signup record,No signup record,No signup record,Debit-only everyday spenders,Debit + prepaid,"Grocery, wholesale and pharmacy",3rd,2nd,10034.63,41.278315,129.73252
1974,24123,2010,False,0.0,,Debit,No credit card on day one,Mastercard,1,2010,60+,2nd,2nd,Under 1×,580–669,West,Female,No signup record,No signup record,No signup record,Not active Nov 2018 – Oct 2019,Credit + debit,Not active Nov 2018 – Oct 2019,Not active Nov 2018 – Oct 2019,Not active Nov 2018 – Oct 2019,,,
1954,24157,2013,True,226.998425,226.998425,Debit,No credit card on day one,Mastercard,1,2012–2013,40–49,4th,4th,1–2×,670–739,West,Female,other,/,organic_search,Younger credit users,Credit + debit,"Grocery, wholesale and pharmacy",Top,Bottom,31474.760000000002,93.33637999999999,133.66204499999998
315,24143,2011,True,88.06199,88.06199,Prepaid,No credit card on day one,Mastercard,1,2011,40–49,3rd,3rd,2× or more,670–739,Midwest,Male,blog_or_review_site,/compare,affiliate,Debit-only everyday spenders,Debit + prepaid,"Grocery, wholesale and pharmacy",Bottom,3rd,4570.85,22.029925000000002,66.032065
862,24185,2015,True,868.7717999999999,868.7717999999999,Credit,under $5k,Mastercard,1,2014–2015,18–24,3rd,3rd,1–2×,800+,South,Female,social_media,/,paid_search_brand,Younger credit users,Credit + debit,Travel and transport,4th,Top,13909.2,224.6436,644.1281999999999
1698,24131,2010,False,0.0,,Debit,No credit card on day one,Visa,1,2010,18–24,Top,Top,1–2×,740–799,Northeast,Male,podcast_or_youtube,/blog/credit-basics,paid_search_nonbrand,Not active Nov 2018 – Oct 2019,Credit only,Not active Nov 2018 – Oct 2019,Not active Nov 2018 – Oct 2019,Not active Nov 2018 – Oct 2019,,,
1316,24169,2014,False,0.0,,Credit,under $5k,Mastercard,1,2014–2015,18–24,2nd,2nd,No debt,670–739,Midwest,Female,social_media,/cards/rewards,paid_search_brand,Not active Nov 2018 – Oct 2019,Credit + debit,Not active Nov 2018 – Oct 2019,Not active Nov 2018 – Oct 2019,Not active Nov 2018 – Oct 2019,,,
889,24135,2011,False,0.0,,Credit,$10–15k,Visa,1,2011,18–24,4th,4th,2× or more,670–739,Midwest,Male,No signup record,No signup record,No signup record,Not active Nov 2018 – Oct 2019,Credit only,Not active Nov 2018 – Oct 2019,Not active Nov 2018 – Oct 2019,Not active Nov 2018 – Oct 2019,,,
910,24142,2011,False,0.0,,Debit,No credit card on day one,Visa,1,2011,18–24,Top,Top,2× or more,800+,West,Male,social_media,/cards/rewards,direct,Not active Nov 2018 – Oct 2019,Credit + debit,Not active Nov 2018 – Oct 2019,Not active Nov 2018 – Oct 2019,Not active Nov 2018 – Oct 2019,,0.0,0.0
1762,24183,2015,True,655.17732,655.17732,Credit,$15–25k,Visa,1,2014–2015,18–24,Top,Top,2× or more,580–669,West,Male,No signup record,No signup record,No signup record,Younger credit users,Credit only,"Grocery, wholesale and pharmacy",3rd,4th,9534.78,159.35003999999998,495.82728
1717,24124,2010,True,405.71924,405.71924,Debit,No credit card on day one,Mastercard,1,2010,50–59,3rd,2nd,Under 1×,670–739,Northeast,Female,search,/,paid_search_brand,Toll-road drivers,Debit only,Gas and auto,Top,Top,25831.309999999998,102.92165499999999,302.797585
1293,24154,2012,True,538.4458950000001,538.4458950000001,Debit,No credit card on day one,Mastercard,1,2012–2013,18–24,4th,4th,2× or more,670–739,South,Female,blog_or_review_site,/compare,direct,Toll-road drivers,Debit only,"Grocery, wholesale and pharmacy",Top,Top,29834.98,127.95999,410.485905
1200,24153,2012,False,0.0,,Credit,$5–10k,Visa,1,2012–2013,50–59,Bottom,Bottom,Under 1×,670–739,South,Male,No signup record,No signup record,No signup record,Not active Nov 2018 – Oct 2019,Credit only,Not active Nov 2018 – Oct 2019,Not active Nov 2018 – Oct 2019,Not active Nov 2018 – Oct 2019,,,
228,24126,2010,False,0.0,,Credit,under $5k,Visa,1,2010,40–49,2nd,Bottom,1–2×,580–669,South,Female,No signup record,No signup record,No signup record,Not active Nov 2018 – Oct 2019,Credit only,Not active Nov 2018 – Oct 2019,Not active Nov 2018 – Oct 2019,Not active Nov 2018 – Oct 2019,,,
1480,24209,2017,False,0.0,,Credit,$5–10k,Mastercard,1,2016–2018,40–49,4th,4th,1–2×,670–739,West,Male,app_store,/apply,direct,Not active Nov 2018 – Oct 2019,No open card,Not active Nov 2018 – Oct 2019,Not active Nov 2018 – Oct 2019,Not active Nov 2018 – Oct 2019,,,
267,24133,2011,True,88.35097499999999,88.35097499999999,Debit,No credit card on day one,Mastercard,1,2011,50–59,Bottom,Bottom,Under 1×,740–799,South,Female,No signup record,No signup record,No signup record,Debit-only everyday spenders,Debit only,"Grocery, wholesale and pharmacy",Bottom,4th,3441.69,19.869345,68.48163
72,24189,2015,False,0.0,,Credit,$10–15k,Mastercard,1,2014–2015,30–39,3rd,3rd,1–2×,580–669,West,Male,No signup record,No signup record,No signup record,Not active Nov 2018 – Oct 2019,Credit only,Not active Nov 2018 – Oct 2019,Not active Nov 2018 – Oct 2019,Not active Nov 2018 – Oct 2019,,,
1527,24207,2017,True,764.2872,764.2872,Credit,$5–10k,Mastercard,1,2016–2018,60+,4th,4th,1–2×,Under 580,Northeast,Female,social_media,/compare,paid_search_brand,Younger credit users,Credit only,"Grocery, wholesale and pharmacy",4th,Top,10551.73,164.92914,599.35806
1476,24133,2011,False,0.0,,Credit,$10–15k,Amex,1,2011,18–24,3rd,3rd,1–2×,670–739,Northeast,Female,search,/apply,paid_search_brand,Not active Nov 2018 – Oct 2019,Credit + debit,Not active Nov 2018 – Oct 2019,Not active Nov 2018 – Oct 2019,Not active Nov 2018 – Oct 2019,,23.75,71.25
455,24139,2011,True,170.91108499999999,170.91108499999999,Debit,No credit card on day one,Visa,1,2011,30–39,4th,4th,Under 1×,670–739,Northeast,Female,search,/cards/rewards,paid_search_brand,Debit-only everyday spenders,Debit + prepaid,"Bills, utilities and professional services",4th,3rd,14454.65,42.004325,128.90676
532,24133,2011,False,0.0,,Debit,No credit card on day one,Visa,1,2011,18–24,4th,4th,1–2×,740–799,Midwest,Male,search,/blog/credit-basics,paid_search_brand,Not active Nov 2018 – Oct 2019,Debit only,Not active Nov 2018 – Oct 2019,Not active Nov 2018 – Oct 2019,Not active Nov 2018 – Oct 2019,,,
1282,24141,2011,True,183.83504499999998,183.83504499999998,Debit,No credit card on day one,Mastercard,1,2011,25–29,3rd,3rd,1–2×,670–739,West,Female,social_media,/compare,paid_search_nonbrand,Debit-only everyday spenders,Debit only,"Bills, utilities and professional services",3rd,3rd,9160.86,42.77243,141.062615
36,24141,2011,False,0.0,,Debit,No credit card on day one,Visa,1,2011,18–24,4th,4th,1–2×,670–739,South,Male,friend_or_family,/compare,direct,Not active Nov 2018 – Oct 2019,Debit only,Not active Nov 2018 – Oct 2019,Not active Nov 2018 – Oct 2019,Not active Nov 2018 – Oct 2019,,,
603,24148,2012,False,0.0,,Credit,under $5k,Visa,1,2012–2013,30–39,3rd,3rd,2× or more,580–669,South,Female,No signup record,No signup record,No signup record,Not active Nov 2018 – Oct 2019,Credit only,Not active Nov 2018 – Oct 2019,Not active Nov 2018 – Oct 2019,Not active Nov 2018 – Oct 2019,,,
1794,24130,2010,True,203.451935,203.451935,Debit,No credit card on day one,Mastercard,1,2010,30–39,Top,Top,2× or more,580–669,South,Male,No signup record,No signup record,No signup record,Debit-only everyday spenders,Debit only,Gas and auto,Top,2nd,12954.36,52.23868,151.213255
329,24125,2010,True,1119.1517999999999,1119.1517999999999,Credit,$10–15k,Mastercard,1,2010,60+,2nd,3rd,Under 1×,670–739,West,Male,social_media,/cards,paid_search_brand,Established multi-card households,Credit + prepaid,"Grocery, wholesale and pharmacy",4th,2nd,19121.57,303.07626,816.0755399999999
1000,24220,2018,False,0.0,,Debit,No credit card on day one,Mastercard,1,2016–2018,18–24,4th,4th,1–2×,670–739,Northeast,Female,search,/,paid_search_brand,Not active Nov 2018 – Oct 2019,Debit only,Not active Nov 2018 – Oct 2019,Not active Nov 2018 – Oct 2019,Not active Nov 2018 – Oct 2019,,,
799,24135,2011,True,593.56764,593.56764,Credit,$5–10k,Mastercard,1,2011,25–29,2nd,Bottom,1–2×,670–739,Northeast,Female,search,/apply,paid_search_nonbrand,Younger credit users,Credit only,"Grocery, wholesale and pharmacy",2nd,3rd,12995.77,203.26985999999997,390.29778
781,24122,2010,False,0.0,,Debit,No credit card on day one,Mastercard,1,2010,18–24,2nd,2nd,1–2×,580–669,West,Male,social_media,/cards,paid_search_brand,Not active Nov 2018 – Oct 2019,Credit + debit,Not active Nov 2018 – Oct 2019,Not active Nov 2018 – Oct 2019,Not active Nov 2018 – Oct 2019,,,
624,24123,2010,False,0.0,,Debit,No credit card on day one,Visa,1,2010,18–24,3rd,2nd,1–2×,670–739,Midwest,Male,No signup record,No signup record,No signup record,Not active Nov 2018 – Oct 2019,No open card,Not active Nov 2018 – Oct 2019,Not active Nov 2018 – Oct 2019,Not active Nov 2018 – Oct 2019,,,
463,24149,2012,False,0.0,,Debit,No credit card on day one,Mastercard,1,2012–2013,25–29,3rd,3rd,No debt,670–739,Northeast,Female,search,/cards/rewards,paid_search_brand,Not active Nov 2018 – Oct 2019,No open card,Not active Nov 2018 – Oct 2019,Not active Nov 2018 – Oct 2019,Not active Nov 2018 – Oct 2019,,,
590,24121,2010,False,0.0,,Debit,No credit card on day one,Visa,1,2010,25–29,2nd,2nd,1–2×,670–739,South,Male,No signup record,No signup record,No signup record,Not active Nov 2018 – Oct 2019,Debit only,Not active Nov 2018 – Oct 2019,Not active Nov 2018 – Oct 2019,Not active Nov 2018 – Oct 2019,,15.833333333333334,47.5
523,24160,2013,True,1417.33836,1417.33836,Credit,$10–15k,Discover,1,2012–2013,18–24,3rd,2nd,Under 1×,740–799,Midwest,Female,search,/apply,direct,Younger credit users,Credit + debit,"Grocery, wholesale and pharmacy",Top,Bottom,22546.989999999998,368.24382,1049.0945399999998
1277,24153,2012,False,0.0,,Credit,$15–25k,Mastercard,1,2012–2013,25–29,4th,4th,1–2×,670–739,Northeast,Male,No signup record,No signup record,No signup record,Not active Nov 2018 – Oct 2019,No open card,Not active Nov 2018 – Oct 2019,Not active Nov 2018 – Oct 2019,Not active Nov 2018 – Oct 2019,,,
682,24192,2015,False,0.0,,Credit,$5–10k,Mastercard,1,2014–2015,50–59,2nd,2nd,1–2×,670–739,West,Male,friend_or_family,/compare,paid_search_brand,Not active Nov 2018 – Oct 2019,Credit + debit,Not active Nov 2018 – Oct 2019,Not active Nov 2018 – Oct 2019,Not active Nov 2018 – Oct 2019,,,
237,24162,2013,True,440.235385,440.235385,Debit,No credit card on day one,Visa,1,2012–2013,30–39,Top,Top,1–2×,Under 580,West,Male,No signup record,No signup record,No signup record,Younger credit users,Credit + debit,"Grocery, wholesale and pharmacy",3rd,4th,14281.27,41.229635,399.00575
313,24129,2010,True,497.06963999999994,497.06963999999994,Credit,$5–10k,Visa,1,2010,18–24,2nd,2nd,Under 1×,670–739,South,Female,No signup record,No signup record,No signup record,Younger credit users,Credit + debit,"Grocery, wholesale and pharmacy",2nd,3rd,7420.76,111.86568,385.20395999999994
281,24188,2015,False,0.0,,Credit,$5–10k,Visa,1,2014–2015,18–24,3rd,3rd,Under 1×,670–739,Midwest,Male,search,/cards,paid_search_brand,Not active Nov 2018 – Oct 2019,Credit only,Not active Nov 2018 – Oct 2019,Not active Nov 2018 – Oct 2019,Not active Nov 2018 – Oct 2019,,,
897,24200,2016,True,152.57318999999998,152.57318999999998,Debit,No credit card on day one,Mastercard,1,2016–2018,25–29,Bottom,Bottom,1–2×,Under 580,South,Female,friend_or_family,/blog/credit-basics,direct,Younger credit users,Credit + debit,"Grocery, wholesale and pharmacy",Bottom,4th,5122.97,37.32698499999999,115.246205
160,24172,2014,True,182.56589499999998,182.56589499999998,Debit,No credit card on day one,Visa,1,2014–2015,30–39,3rd,2nd,1–2×,740–799,South,Male,blog_or_review_site,/cards,affiliate,Debit-only everyday spenders,Debit + prepaid,"Grocery, wholesale and pharmacy",2nd,2nd,7369.37,41.683184999999995,140.88271
1655,24122,2010,False,0.0,,Credit,$5–10k,Mastercard,1,2010,40–49,2nd,2nd,2× or more,800+,Midwest,Male,blog_or_review_site,/blog/credit-basics,paid_search_brand,Not active Nov 2018 – Oct 2019,Credit only,Not active Nov 2018 – Oct 2019,Not active Nov 2018 – Oct 2019,Not active Nov 2018 – Oct 2019,,,
1329,24173,2014,False,0.0,,Debit,No credit card on day one,Mastercard,1,2014–2015,18–24,Bottom,Bottom,Under 1×,670–739,West,Female,search,/blog/credit-basics,paid_search_brand,Not active Nov 2018 – Oct 2019,Debit + prepaid,Not active Nov 2018 – Oct 2019,Not active Nov 2018 – Oct 2019,Not active Nov 2018 – Oct 2019,,,
1089,24126,2010,True,45.07786,45.07786,Prepaid,No credit card on day one,Mastercard,1,2010,18–24,4th,4th,2× or more,670–739,South,Female,No signup record,No signup record,No signup record,Debit-only everyday spenders,Debit only,"Grocery, wholesale and pharmacy",4th,4th,2128.44,20.04972,25.02814
1478,24122,2010,True,206.79314,206.79314,Debit,No credit card on day one,Mastercard,1,2010,25–29,3rd,3rd,1–2×,800+,West,Female,No signup record,No signup record,No signup record,Younger credit users,Credit + debit,"Grocery, wholesale and pharmacy",3rd,4th,9557.93,32.157965,174.635175
919,24127,2010,False,0.0,,Debit,No credit card on day one,Mastercard,1,2010,40–49,Top,Top,1–2×,670–739,South,Female,social_media,/cards/rewards,paid_search_brand,Not active Nov 2018 – Oct 2019,Credit + debit,Not active Nov 2018 – Oct 2019,Not active Nov 2018 – Oct 2019,Not active Nov 2018 – Oct 2019,,,
1347,24138,2011,True,648.69192,648.69192,Credit,$10–15k,Amex,1,2011,50–59,4th,4th,Under 1×,580–669,South,Female,No signup record,No signup record,No signup record,Younger credit users,Credit + debit,"Bills, utilities and professional services",3rd,4th,9341.48,175.74031499999998,472.951605
756,24127,2010,True,119.21309,119.21309,Debit,No credit card on day one,Visa,1,2010,50–59,Top,Top,Under 1×,670–739,Midwest,Female,No signup record,No signup record,No signup record,Debit-only everyday spenders,Debit only,"Bills, utilities and professional services",4th,4th,11678.65,28.859325,90.353765
111,24164,2013,False,0.0,,Debit,No credit card on day one,Mastercard,1,2012–2013,18–24,Bottom,Bottom,2× or more,670–739,South,Female,blog_or_review_site,/compare,paid_search_brand,Not active Nov 2018 – Oct 2019,Credit + debit,Not active Nov 2018 – Oct 2019,Not active Nov 2018 – Oct 2019,Not active Nov 2018 – Oct 2019,,0.0,0.0
863,24165,2013,True,117.41494499999999,117.41494499999999,Debit,No credit card on day one,Mastercard,1,2012–2013,50–59,2nd,2nd,Under 1×,740–799,South,Female,search,/,paid_search_brand,Debit-only everyday spenders,Debit only,"Grocery, wholesale and pharmacy",2nd,Bottom,5829.8099999999995,27.290405,90.12454
1854,24162,2013,True,1391.2171199999998,1391.2171199999998,Credit,$5–10k,Mastercard,1,2012–2013,40–49,4th,4th,1–2×,580–669,South,Male,No signup record,No signup record,No signup record,Toll-road drivers,Credit + debit,Gas and auto,Top,Bottom,22490.989999999998,371.96981999999997,1019.2472999999999
97,24135,2011,False,0.0,,Debit,No credit card on day one,Mastercard,1,2011,60+,2nd,3rd,Under 1×,740–799,South,Female,No signup record,No signup record,No signup record,Not active Nov 2018 – Oct 2019,Debit only,Not active Nov 2018 – Oct 2019,Not active Nov 2018 – Oct 2019,Not active Nov 2018 – Oct 2019,,,
31,24131,2010,False,0.0,,Credit,$10–15k,Amex,1,2010,40–49,4th,3rd,No debt,670–739,Midwest,Female,search,/apply,paid_search_brand,Not active Nov 2018 – Oct 2019,Credit + debit,Not active Nov 2018 – Oct 2019,Not active Nov 2018 – Oct 2019,Not active Nov 2018 – Oct 2019,,23.75,71.25
647,24178,2014,True,176.496255,176.496255,Debit,No credit card on day one,Mastercard,1,2014–2015,25–29,Bottom,Bottom,2× or more,740–799,West,Female,other,/cards,paid_search_nonbrand,Debit-only everyday spenders,Debit only,Gas and auto,3rd,Bottom,11276.51,44.232254999999995,132.264
1007,24146,2012,False,0.0,,Credit,$5–10k,Mastercard,1,2012–2013,50–59,4th,4th,Under 1×,580–669,Northeast,Male,No signup record,No signup record,No signup record,Not active Nov 2018 – Oct 2019,Credit only,Not active Nov 2018 – Oct 2019,Not active Nov 2018 – Oct 2019,Not active Nov 2018 – Oct 2019,,,
1110,24209,2017,False,0.0,,Credit,$10–15k,Visa,1,2016–2018,18–24,Top,Top,2× or more,670–739,Northeast,Female,app_store,/apply,direct,Not active Nov 2018 – Oct 2019,Credit only,Not active Nov 2018 – Oct 2019,Not active Nov 2018 – Oct 2019,Not active Nov 2018 – Oct 2019,,,
