group,customers,Credit + debit,Credit + debit + prepaid,Credit + prepaid,Credit only,Debit + prepaid,Debit only,No open card,Prepaid only,table,2nd,3rd,4th,Bottom,Top,18–29,30–39,40–49,50–59,60–69,70+,Midwest,Northeast,South,West,Female,Male,"Bills, utilities and professional services",Entertainment and digital,Gas and auto,"Grocery, wholesale and pharmacy",Health,Industrial and wholesale (as labelled),Money transfer,Restaurants and bars,Retail and home,Travel and transport
P1,407,0.6216216216216216,0.11302211302211303,0.03194103194103194,0.2285012285012285,0.002457002457002457,0.002457002457002457,0.0,0.0,persona x products held,,,,,,,,,,,,,,,,,,,,,,,,,,,
P2,375,0.013333333333333334,0.005333333333333333,0.0,0.0,0.20533333333333334,0.72,0.008,0.048,persona x products held,,,,,,,,,,,,,,,,,,,,,,,,,,,
P3,338,0.6420118343195266,0.2514792899408284,0.03254437869822485,0.038461538461538464,0.011834319526627219,0.023668639053254437,0.0,0.0,persona x products held,,,,,,,,,,,,,,,,,,,,,,,,,,,
P4,86,0.3953488372093023,0.10465116279069768,0.046511627906976744,0.046511627906976744,0.08139534883720931,0.3023255813953488,0.0,0.023255813953488372,persona x products held,,,,,,,,,,,,,,,,,,,,,,,,,,,
P1,407,,,,,,,,,persona x income fifth,0.25307125307125306,0.21867321867321868,0.1769041769041769,0.23832923832923833,0.11302211302211303,,,,,,,,,,,,,,,,,,,,,,
P2,375,,,,,,,,,persona x income fifth,0.18933333333333333,0.19733333333333333,0.18666666666666668,0.20533333333333334,0.22133333333333333,,,,,,,,,,,,,,,,,,,,,,
P3,338,,,,,,,,,persona x income fifth,0.14792899408284024,0.16568047337278108,0.17455621301775148,0.2455621301775148,0.26627218934911245,,,,,,,,,,,,,,,,,,,,,,
P4,86,,,,,,,,,persona x income fifth,0.2441860465116279,0.19767441860465115,0.22093023255813954,0.12790697674418605,0.20930232558139536,,,,,,,,,,,,,,,,,,,,,,
P1,407,,,,,,,,,persona x age band,,,,,,0.06142506142506143,0.3046683046683047,0.28746928746928746,0.20638820638820637,0.10319410319410319,0.036855036855036855,,,,,,,,,,,,,,,,
P2,375,,,,,,,,,persona x age band,,,,,,0.02666666666666667,0.18133333333333335,0.27466666666666667,0.24,0.18666666666666668,0.09066666666666667,,,,,,,,,,,,,,,,
P3,338,,,,,,,,,persona x age band,,,,,,0.0029585798816568047,0.04437869822485207,0.13609467455621302,0.22485207100591717,0.21893491124260356,0.3727810650887574,,,,,,,,,,,,,,,,
P4,86,,,,,,,,,persona x age band,,,,,,0.046511627906976744,0.13953488372093023,0.29069767441860467,0.29069767441860467,0.11627906976744186,0.11627906976744186,,,,,,,,,,,,,,,,
P1,407,,,,,,,,,persona x region,,,,,,,,,,,,0.24324324324324326,0.13513513513513514,0.42997542997543,0.19164619164619165,,,,,,,,,,,,
P2,375,,,,,,,,,persona x region,,,,,,,,,,,,0.22933333333333333,0.18933333333333333,0.368,0.21333333333333335,,,,,,,,,,,,
P3,338,,,,,,,,,persona x region,,,,,,,,,,,,0.21301775147928995,0.1893491124260355,0.3668639053254438,0.23076923076923078,,,,,,,,,,,,
P4,86,,,,,,,,,persona x region,,,,,,,,,,,,0.12790697674418605,0.23255813953488372,0.47674418604651164,0.16279069767441862,,,,,,,,,,,,
P1,407,,,,,,,,,persona x gender,,,,,,,,,,,,,,,,0.4963144963144963,0.5036855036855037,,,,,,,,,,
P2,375,,,,,,,,,persona x gender,,,,,,,,,,,,,,,,0.5093333333333333,0.49066666666666664,,,,,,,,,,
P3,338,,,,,,,,,persona x gender,,,,,,,,,,,,,,,,0.5443786982248521,0.4556213017751479,,,,,,,,,,
P4,86,,,,,,,,,persona x gender,,,,,,,,,,,,,,,,0.46511627906976744,0.5348837209302325,,,,,,,,,,
P1,407,,,,,,,,,persona x main spend category,,,,,,,,,,,,,,,,,,0.22604422604422605,0.004914004914004914,0.0343980343980344,0.5724815724815725,0.004914004914004914,0.019656019656019656,0.0687960687960688,0.04176904176904177,0.004914004914004914,0.022113022113022112
P2,375,,,,,,,,,persona x main spend category,,,,,,,,,,,,,,,,,,0.14133333333333334,0.013333333333333334,0.072,0.568,0.0026666666666666666,0.010666666666666666,0.06933333333333333,0.06933333333333333,0.010666666666666666,0.042666666666666665
P3,338,,,,,,,,,persona x main spend category,,,,,,,,,,,,,,,,,,0.05325443786982249,0.020710059171597635,0.05029585798816568,0.6005917159763313,0.008875739644970414,0.01775147928994083,0.05917159763313609,0.1242603550295858,0.020710059171597635,0.04437869822485207
P4,86,,,,,,,,,persona x main spend category,,,,,,,,,,,,,,,,,,0.0,0.011627906976744186,0.9186046511627907,0.023255813953488372,0.0,0.0,0.011627906976744186,0.0,0.0,0.03488372093023256
