group,customers,Credit + debit,Credit + debit + prepaid,Credit + prepaid,Credit only,Debit + prepaid,Debit only,No open card,Prepaid only,table,under $5k,$5–10k,$10–15k,$15–25k,$25k+,no credit card,2nd,3rd,4th,Bottom,Top,0,1,2,3,4,5+,18–29,30–39,40–49,50–59,60–69,70+,acquisition,existing_customer
2nd,400,0.3625,0.09,0.02,0.115,0.06,0.28,0.0475,0.025,income fifth x products held,,,,,,,,,,,,,,,,,,,,,,,,,
3rd,400,0.3475,0.0775,0.0075,0.1175,0.035,0.34,0.0525,0.0225,income fifth x products held,,,,,,,,,,,,,,,,,,,,,,,,,
4th,400,0.32,0.07,0.03,0.1425,0.095,0.26,0.0525,0.03,income fifth x products held,,,,,,,,,,,,,,,,,,,,,,,,,
Bottom,400,0.35,0.1,0.0225,0.1275,0.0725,0.2625,0.035,0.03,income fifth x products held,,,,,,,,,,,,,,,,,,,,,,,,,
Top,400,0.3,0.085,0.03,0.1275,0.065,0.315,0.025,0.0525,income fifth x products held,,,,,,,,,,,,,,,,,,,,,,,,,
2nd,400,,,,,,,,,income fifth x highest credit limit,0.0625,0.315,0.19,0.02,0.0,0.4125,,,,,,,,,,,,,,,,,,,
3rd,400,,,,,,,,,income fifth x highest credit limit,0.03,0.1775,0.2775,0.0625,0.0025,0.45,,,,,,,,,,,,,,,,,,,
4th,400,,,,,,,,,income fifth x highest credit limit,0.0225,0.09,0.2725,0.17,0.0075,0.4375,,,,,,,,,,,,,,,,,,,
Bottom,400,,,,,,,,,income fifth x highest credit limit,0.09,0.405,0.085,0.02,0.0,0.4,,,,,,,,,,,,,,,,,,,
Top,400,,,,,,,,,income fifth x highest credit limit,0.025,0.0425,0.095,0.305,0.075,0.4575,,,,,,,,,,,,,,,,,,,
18–29,480,0.25625,0.04791666666666667,0.014583333333333334,0.17708333333333334,0.06041666666666667,0.35208333333333336,0.03958333333333333,0.052083333333333336,age band x products held,,,,,,,,,,,,,,,,,,,,,,,,,
30–39,351,0.3162393162393162,0.05982905982905983,0.02564102564102564,0.14245014245014245,0.042735042735042736,0.2905982905982906,0.07122507122507123,0.05128205128205128,age band x products held,,,,,,,,,,,,,,,,,,,,,,,,,
40–49,371,0.3504043126684636,0.0673854447439353,0.03234501347708895,0.13746630727762804,0.0673854447439353,0.29110512129380056,0.03504043126684636,0.018867924528301886,age band x products held,,,,,,,,,,,,,,,,,,,,,,,,,
50–59,352,0.3778409090909091,0.10227272727272728,0.017045454545454544,0.10795454545454546,0.07386363636363637,0.26704545454545453,0.04261363636363636,0.011363636363636364,age band x products held,,,,,,,,,,,,,,,,,,,,,,,,,
60–69,231,0.36363636363636365,0.09956709956709957,0.012987012987012988,0.08225108225108226,0.09956709956709957,0.26406926406926406,0.05194805194805195,0.025974025974025976,age band x products held,,,,,,,,,,,,,,,,,,,,,,,,,
70+,215,0.4232558139534884,0.19069767441860466,0.03255813953488372,0.04186046511627907,0.06046511627906977,0.22790697674418606,0.004651162790697674,0.018604651162790697,age band x products held,,,,,,,,,,,,,,,,,,,,,,,,,
Midwest,430,,,,,,,,,region x income fifth,,,,,,,0.2302325581395349,0.26046511627906976,0.19767441860465115,0.16511627906976745,0.14651162790697675,,,,,,,,,,,,,,
Northeast,359,,,,,,,,,region x income fifth,,,,,,,0.12256267409470752,0.17827298050139276,0.2618384401114206,0.11142061281337047,0.32590529247910865,,,,,,,,,,,,,,
South,779,,,,,,,,,region x income fifth,,,,,,,0.2362002567394095,0.19127086007702182,0.15789473684210525,0.251604621309371,0.16302952503209242,,,,,,,,,,,,,,
Unresolved,1,,,,,,,,,region x income fifth,,,,,,,0.0,0.0,0.0,1.0,0.0,,,,,,,,,,,,,,
West,431,,,,,,,,,region x income fifth,,,,,,,0.16937354988399073,0.1740139211136891,0.2273781902552204,0.21345707656612528,0.21577726218097448,,,,,,,,,,,,,,
10–14 years,650,,,,,,,,,tenure x cards open,,,,,,,,,,,,0.06,0.22,0.26615384615384613,0.24307692307692308,0.13384615384615384,0.07692307692307693,,,,,,,,
15–19 years,527,,,,,,,,,tenure x cards open,,,,,,,,,,,,0.022770398481973434,0.14231499051233396,0.2409867172675522,0.24857685009487665,0.19734345351043645,0.14800759013282733,,,,,,,,
20+ years,171,,,,,,,,,tenure x cards open,,,,,,,,,,,,0.029239766081871343,0.09941520467836257,0.16374269005847952,0.3216374269005848,0.15789473684210525,0.22807017543859648,,,,,,,,
5–9 years,188,,,,,,,,,tenure x cards open,,,,,,,,,,,,0.06914893617021277,0.30319148936170215,0.28191489361702127,0.2393617021276596,0.06914893617021277,0.03723404255319149,,,,,,,,
Under 5 years,464,,,,,,,,,tenure x cards open,,,,,,,,,,,,0.034482758620689655,0.46551724137931033,0.29094827586206895,0.14655172413793102,0.04310344827586207,0.01939655172413793,,,,,,,,
580–669,348,0.23563218390804597,0.040229885057471264,0.017241379310344827,0.16954022988505746,0.05459770114942529,0.34770114942528735,0.07471264367816093,0.0603448275862069,credit score x products held,,,,,,,,,,,,,,,,,,,,,,,,,
670–739,931,0.3727175080558539,0.08700322234156821,0.024704618689581095,0.10848549946294307,0.07518796992481203,0.2728249194414608,0.03759398496240601,0.021482277121374866,credit score x products held,,,,,,,,,,,,,,,,,,,,,,,,,
740–799,474,0.3459915611814346,0.10548523206751055,0.02109704641350211,0.12447257383966245,0.056962025316455694,0.27848101265822783,0.035864978902953586,0.03164556962025317,credit score x products held,,,,,,,,,,,,,,,,,,,,,,,,,
800+,166,0.3855421686746988,0.13855421686746988,0.018072289156626505,0.13855421686746988,0.05421686746987952,0.2289156626506024,0.006024096385542169,0.030120481927710843,credit score x products held,,,,,,,,,,,,,,,,,,,,,,,,,
Under 580,81,0.18518518518518517,0.012345679012345678,0.024691358024691357,0.12345679012345678,0.07407407407407407,0.4691358024691358,0.07407407407407407,0.037037037037037035,credit score x products held,,,,,,,,,,,,,,,,,,,,,,,,,
app_store,32,,,,,,,,,source x age band,,,,,,,,,,,,,,,,,,0.46875,0.15625,0.1875,0.09375,0.03125,0.0625,,
blog_or_review_site,147,,,,,,,,,source x age band,,,,,,,,,,,,,,,,,,0.46258503401360546,0.23129251700680273,0.06802721088435375,0.11564625850340136,0.04081632653061224,0.08163265306122448,,
friend_or_family,131,,,,,,,,,source x age band,,,,,,,,,,,,,,,,,,0.4198473282442748,0.2595419847328244,0.07633587786259542,0.12213740458015267,0.04580152671755725,0.07633587786259542,,
other,89,,,,,,,,,source x age band,,,,,,,,,,,,,,,,,,0.47191011235955055,0.1797752808988764,0.10112359550561797,0.12359550561797752,0.0449438202247191,0.07865168539325842,,
podcast_or_youtube,42,,,,,,,,,source x age band,,,,,,,,,,,,,,,,,,0.35714285714285715,0.16666666666666666,0.09523809523809523,0.09523809523809523,0.14285714285714285,0.14285714285714285,,
search,361,,,,,,,,,source x age band,,,,,,,,,,,,,,,,,,0.4930747922437673,0.15512465373961218,0.09418282548476455,0.09695290858725762,0.0664819944598338,0.09418282548476455,,
social_media,192,,,,,,,,,source x age band,,,,,,,,,,,,,,,,,,0.4427083333333333,0.171875,0.13541666666666666,0.109375,0.0625,0.078125,,
app_store,32,,,,,,,,,source x income fifth,,,,,,,0.125,0.15625,0.28125,0.28125,0.15625,,,,,,,,,,,,,,
blog_or_review_site,147,,,,,,,,,source x income fifth,,,,,,,0.17006802721088435,0.2108843537414966,0.20408163265306123,0.17687074829931973,0.23809523809523808,,,,,,,,,,,,,,
friend_or_family,131,,,,,,,,,source x income fifth,,,,,,,0.17557251908396945,0.19083969465648856,0.21374045801526717,0.21374045801526717,0.20610687022900764,,,,,,,,,,,,,,
other,89,,,,,,,,,source x income fifth,,,,,,,0.23595505617977527,0.1348314606741573,0.24719101123595505,0.15730337078651685,0.2247191011235955,,,,,,,,,,,,,,
podcast_or_youtube,42,,,,,,,,,source x income fifth,,,,,,,0.2619047619047619,0.16666666666666666,0.11904761904761904,0.14285714285714285,0.30952380952380953,,,,,,,,,,,,,,
search,361,,,,,,,,,source x income fifth,,,,,,,0.21329639889196675,0.21052631578947367,0.21329639889196675,0.15789473684210525,0.20498614958448755,,,,,,,,,,,,,,
social_media,192,,,,,,,,,source x income fifth,,,,,,,0.19791666666666666,0.21354166666666666,0.25,0.15625,0.18229166666666666,,,,,,,,,,,,,,
No linked touches,1,,,,,,,,,last-touch channel x new or existing customer,,,,,,,,,,,,,,,,,,,,,,,,0.0,1.0
affiliate,20,,,,,,,,,last-touch channel x new or existing customer,,,,,,,,,,,,,,,,,,,,,,,,0.6,0.4
apple_search_ads,3,,,,,,,,,last-touch channel x new or existing customer,,,,,,,,,,,,,,,,,,,,,,,,0.3333333333333333,0.6666666666666666
direct,302,,,,,,,,,last-touch channel x new or existing customer,,,,,,,,,,,,,,,,,,,,,,,,0.4602649006622517,0.5397350993377483
microsoft_ads,23,,,,,,,,,last-touch channel x new or existing customer,,,,,,,,,,,,,,,,,,,,,,,,0.43478260869565216,0.5652173913043478
organic_search,67,,,,,,,,,last-touch channel x new or existing customer,,,,,,,,,,,,,,,,,,,,,,,,0.5074626865671642,0.4925373134328358
paid_search_brand,439,,,,,,,,,last-touch channel x new or existing customer,,,,,,,,,,,,,,,,,,,,,,,,0.41002277904328016,0.5899772209567198
paid_search_nonbrand,52,,,,,,,,,last-touch channel x new or existing customer,,,,,,,,,,,,,,,,,,,,,,,,0.4423076923076923,0.5576923076923077
paid_social_meta,70,,,,,,,,,last-touch channel x new or existing customer,,,,,,,,,,,,,,,,,,,,,,,,0.5142857142857142,0.4857142857142857
paid_social_reddit,14,,,,,,,,,last-touch channel x new or existing customer,,,,,,,,,,,,,,,,,,,,,,,,0.42857142857142855,0.5714285714285714
referral,3,,,,,,,,,last-touch channel x new or existing customer,,,,,,,,,,,,,,,,,,,,,,,,0.0,1.0
