,P1,P2,P3,P4
current_age,44.0,50.0,63.0,51.0
age_at_first_card,29.0,35.0,45.0,34.0
tenure_years,13.75,14.166666666666666,17.333333333333332,14.458333333333332
yearly_income,37785.0,41427.0,42319.0,41146.5
total_debt,62224.0,54474.0,21496.5,54294.5
debt_to_income,1.6209238116558466,1.3493258266527957,0.5838958764864315,1.2905650681844134
credit_score,712.0,710.0,730.5,700.0
cards_open,3.0,2.0,4.0,3.0
total_credit_limit,12400.0,0.0,17400.0,9900.0
purchases,780.0,918.0,1201.5,1521.5
spend,35617.84,43519.75,58630.385,70792.16
avg_ticket,47.80854716981132,49.27757281553398,49.30743395625258,42.3860219250482
active_days,329.0,342.0,358.0,363.0
distinct_merchants,85.0,92.0,107.0,93.5
online_share,0.11680193245284916,0.11349367487874124,0.1005284834077713,0.3862544546723817
in_person_out_of_state_share,0.11647569767950107,0.12962248881390753,0.12828275659097818,0.13186476468071148
error_rate,0.013617021276595745,0.015,0.013644926533487646,0.01625982143838707
insufficient_balance_rate,0.007987220447284345,0.00825082508250825,0.008700444957503129,0.00721552664192888
credit_share_of_spend,0.5538711462240016,0.0,0.5320797142280846,0.4130948182436179
"share_Grocery, wholesale and pharmacy",0.23720787581238137,0.23269388458780968,0.23933550199084214,0.14513289366271404
share_Gas and auto,0.11716597908534278,0.11306013080980071,0.11296473430108075,0.4123275264956878
share_Restaurants and bars,0.030824815209154796,0.04579887984448848,0.0482890432142718,0.025825368626799565
share_Money transfer,0.051429447828345645,0.04283172062840253,0.03550918757158315,0.02682238937366461
"share_Bills, utilities and professional services",0.15573847644267413,0.1388105057964042,0.1105782893777641,0.09127987040261556
customers,407,375,338,86
