dimension,group,customers,with_data,first_year_revenue,low_95,high_95,median,index_vs_all,share_of_first_year_revenue,with_data_revenue,with_data_low_95,with_data_high_95,known
day_one_product,Credit,103,48,358.3695484951456,264.9570132148058,457.79150356189314,0.0,1.8054536625645214,0.6594387490927153,769.0013228124999,650.0986880468749,904.0554876822916,Day one
day_one_product,Debit,161,83,114.75711701863352,94.63085695108694,135.12687861956522,91.65031499999999,0.5781424735908994,0.33007424910686106,222.60115469879514,202.0367565240964,245.15790111596385,Day one
day_one_product,Prepaid,18,7,32.611644444444444,12.054086555555555,58.01212157638887,0.0,0.1642963615399697,0.010487001800423598,83.85851428571428,56.683213267857134,115.50130251785711,Day one
day_one_credit_limit,$25k+,2,1,1162.5788499999999,0.0,2325.1576999999997,1162.5788499999999,5.857032919137608,0.041539240561259634,2325.1576999999997,,,Day one
day_one_credit_limit,$15–25k,12,7,527.7185158333333,203.08450920833332,974.4035873541662,455.03643999999997,2.658628031358281,0.11313310771737366,904.6603128571427,542.3654914285714,1505.4702174821423,Day one
day_one_credit_limit,$10–15k,33,18,483.42261333333323,317.8008213636364,647.142988181818,506.18735999999996,2.4354667729839266,0.2850014308810978,886.274791111111,770.2446088055553,1009.825532611111,Day one
day_one_credit_limit,$5–10k,39,17,245.80785397435895,144.78902202884612,357.89649818910254,0.0,1.2383716532520703,0.17126416481145654,563.9121355882353,450.1187981029411,695.7003672867644,Day one
day_one_credit_limit,under $5k,17,5,159.6959447058823,48.487402352941174,282.0406329117646,0.0,0.804542767310047,0.04850080512152766,542.966212,421.6567160000001,714.5269119999999,Day one
day_one_credit_limit,No credit card on day one,179,90,106.4966784357542,87.76776935963687,126.34268000279329,39.38419,0.5365266634405268,0.34056125090728473,211.81006044444442,191.02951109305553,233.59798544166665,Day one
day_one_brand,Amex,20,12,488.92563174999987,260.38071941874995,755.9725096437494,420.22624999999994,2.4631907936136126,0.17469438252578814,814.8760529166666,567.2287513333333,1143.8049395312496,Day one
day_one_brand,Discover,9,3,478.9551599999999,0.0,1093.8059964999968,0.0,2.412959894213472,0.07700935832596187,1436.8654799999997,257.8401,2635.4179799999997,Day one
day_one_brand,Mastercard,143,70,167.88271961538462,125.77748705506993,213.94927713374125,0.0,0.8457874623658058,0.42889222382379516,342.96041292857143,278.7725640321428,411.49739374285707,Day one
day_one_brand,Visa,110,53,162.53300868181822,117.71100236477272,209.6578346215909,0.0,0.8188357996499661,0.3194040353244549,337.3326595283019,275.98688655188676,402.1010270070754,Day one
cards_in_first_month,2+,1,1,454.61843999999996,,,454.61843999999996,2.2903523221044195,0.008121816745051132,454.61843999999996,,,Day one
cards_in_first_month,1,281,137,197.58131848754445,159.09825072686832,239.75705374377225,0.0,0.9954079988537208,0.9918781832549488,405.25803281021894,344.2246049525547,473.9178954607664,Day one
year_joined,2012–2013,49,28,264.3702307142857,153.14966432908165,406.5622204336734,117.41494499999999,1.3318882793486015,0.2314273960570265,462.64790374999995,287.0869543571428,673.9213700133926,Day one
year_joined,2010,97,59,249.04573525773196,184.33286679896906,323.0599470515464,147.40183,1.2546839896282012,0.431575698560055,409.448073220339,323.3612609597457,505.33775930296605,Day one
year_joined,2011,48,26,165.6657665625,104.36071913020832,237.5605610598958,74.2851575,0.8346185278794028,0.14206272814968557,305.84449211538464,221.1061442932692,406.85409815865364,Day one
year_joined,2014–2015,43,16,148.14792802325582,74.11713178197674,232.89647558430227,0.0,0.7463642499037707,0.11380731470163878,398.1475565625,268.55865483593755,555.6137168046874,Day one
year_joined,2016–2018,45,9,100.9127468888889,36.72581723611111,177.84974814722213,0.0,0.5083950051979903,0.0811268625315942,504.5637344444445,302.4733977638889,697.8081832499997,Day one
age_at_first_card,50–59,22,14,226.81662863636367,122.82700153409087,354.7438905852273,135.97799750000001,1.1426945024253556,0.08914637962183625,356.42613071428565,222.5288509375,500.1609596517857,Day one
age_at_first_card,40–49,40,20,213.80992312499993,98.449970071875,382.2587145499999,44.030995,1.0771671600437305,0.15278966809130928,427.61984624999997,226.45026758125,710.8225139937498,Day one
age_at_first_card,30–39,34,22,212.68279117647057,141.3007270367647,289.99163962867635,175.9422475,1.071488707415121,0.12918658174508552,328.69158636363636,251.38211334090911,415.5428127215908,Day one
age_at_first_card,18–24,133,63,208.582797406015,151.69405308082705,268.76943751691715,0.0,1.0508330774921981,0.49560567129951183,440.3414611904762,348.152192781746,541.9966849484126,Day one
age_at_first_card,60+,11,4,206.27018227272723,20.69275,446.9725640909091,0.0,1.039182200680735,0.04053547591307832,567.2430012499999,192.7665025,941.7194999999999,Day one
age_at_first_card,25–29,41,15,126.60749317073171,55.83336043902438,214.70746665548776,0.0,0.6378442677763023,0.0927362233291787,346.06048133333326,208.04291297499995,511.50080345,Day one
age_at_first_card,Under 18,1,0,0.0,,,0.0,0.0,0.0,,,,Day one
income_fifth,Top,55,30,251.52554999999995,137.17428102045452,395.23501722272715,119.21309,1.267177212413758,0.2471444917828251,461.1301749999999,280.4274551208333,696.2707741458331,Snapshot (Feb 2020)
income_fifth,4th,63,29,251.3546363492063,162.498881406746,346.3321740873016,0.0,1.2663161552226447,0.2829004176561228,546.0462789655172,419.35483283620675,677.1529802155171,Snapshot (Feb 2020)
income_fifth,3rd,69,34,174.38865644927535,117.46783118840578,236.4960681358695,0.0,0.8785641520552216,0.2149678244390436,353.90639102941174,270.51831552573526,455.27928106985297,Snapshot (Feb 2020)
income_fifth,2nd,58,27,168.2320329310345,103.8676265,240.48791339008613,0.0,0.8475472910336458,0.17431823716294845,361.38732999999996,267.313042037037,468.1925115833332,Snapshot (Feb 2020)
income_fifth,Bottom,37,18,122.03909162162162,69.26387471621622,189.32788075675657,0.0,0.6148288153095927,0.08066902895906003,250.85813277777777,169.00100085416668,356.0237068333332,Snapshot (Feb 2020)
area_income_fifth,4th,54,27,283.8812606481481,190.2727645648148,392.6080722453704,22.53893,1.430184188145593,0.2738650573044753,567.7625212962962,428.2356293796296,701.7104359444444,Snapshot (Feb 2020)
area_income_fifth,Top,53,29,255.98482650943393,143.863950754717,391.49447154009397,119.21309,1.289642896622009,0.24237969333676054,467.8343381034482,283.8115213362069,709.3128526249993,Snapshot (Feb 2020)
area_income_fifth,2nd,63,30,183.27598055555555,118.98380464880952,263.235073156746,0.0,0.9233381902665038,0.2062776808042189,384.87955916666664,281.9818007666666,503.6654190041666,Snapshot (Feb 2020)
area_income_fifth,3rd,70,30,143.79177157142854,93.93745051785714,202.33982823214285,0.0,0.724418081057446,0.17982009104262844,335.5141336666666,252.53371681666667,425.2481166416666,Snapshot (Feb 2020)
area_income_fifth,Bottom,42,22,130.15176833333334,81.53261848809524,181.01572535714283,76.08161,0.655700206151441,0.09765747751191674,248.47155772727274,185.56262936363638,317.4282342613637,Snapshot (Feb 2020)
debt_to_income,Under 1×,60,28,219.69843366666663,127.18556377708335,333.93627576874997,0.0,1.1068332769589235,0.23549644190615393,470.7823578571428,303.73068564732137,662.7098962946428,Snapshot (Feb 2020)
debt_to_income,1–2×,136,68,199.39904077205878,147.39279530514705,262.15769371047793,31.9061225,1.0045656222340622,0.48447136391429957,398.7980815441176,314.40512548713235,499.8404263786764,Snapshot (Feb 2020)
debt_to_income,2× or more,72,36,194.46388937499998,133.0024814184028,262.39402796006937,19.692095,0.9797024964396257,0.25013680760160656,388.9277787499999,296.3499687222222,489.4804171770833,Snapshot (Feb 2020)
debt_to_income,No debt,14,6,119.52809535714285,47.481052857142856,199.21641793749995,0.0,0.6021785010699315,0.029895386577939866,278.8988891666667,209.31847583333334,341.2700930833333,Snapshot (Feb 2020)
credit_score,580–669,51,19,267.69237382352935,144.9206630612745,416.6232897769607,0.0,1.3486251239530997,0.2439002883744968,718.5426876315787,483.91081403947373,1008.1991667828945,Snapshot (Feb 2020)
credit_score,740–799,61,38,245.9745413114754,173.64545232581966,328.565272217213,117.41494499999999,1.2392114184178433,0.26805637065066823,394.85386894736837,291.3457912401316,495.43865877631555,Snapshot (Feb 2020)
credit_score,Under 580,12,6,171.32876208333332,58.237447499999995,311.45359854166657,76.28659499999999,0.8631485077482517,0.036729723733968156,342.65752416666663,203.10544745833334,527.539485,Snapshot (Feb 2020)
credit_score,670–739,143,67,160.70069580419576,118.42353609353148,209.06280140209788,0.0,0.8096046693551096,0.41054421176517975,342.988052238806,272.62531024253735,428.0921340671641,Snapshot (Feb 2020)
credit_score,800+,15,8,152.13774700000002,59.15169908333333,270.0713949833333,63.812245,0.7664648229429162,0.040769405475687026,285.25827562499995,163.66176521875002,464.4589436718749,Snapshot (Feb 2020)
region,Northeast,55,23,234.6800148181818,123.35734268636364,387.2046038477272,0.0,1.182309976010481,0.23059237120771794,561.1913397826086,334.8375877880435,851.4283559782606,Snapshot (Feb 2020)
region,West,59,33,233.03571525423726,151.11451646398302,318.6357897076271,126.856635,1.1740260504299092,0.2456295637424278,416.63961212121205,303.3329948901515,542.9524959280303,Snapshot (Feb 2020)
region,South,114,60,178.6431454385965,135.0745454780702,225.57436454934202,66.8565775,0.8999981236645989,0.3638290287154761,339.42197633333336,275.29440672708336,411.6520581604166,Snapshot (Feb 2020)
region,Midwest,54,22,165.7989322222222,93.24224127083332,253.49607950694443,0.0,0.8352894119684188,0.15994903633437807,406.96101545454536,273.81432188068186,560.7925957613636,Snapshot (Feb 2020)
gender,Male,139,62,204.3720951438849,145.57094578776977,278.4542287526978,0.0,1.0296197019332127,0.5075075835770091,458.18905201612904,346.4205521512097,589.347019703629,Snapshot (Feb 2020)
gender,Female,143,76,192.777956013986,151.38495014248252,235.97306799213285,100.936145,0.9712088211977863,0.4924924164229909,362.72694355263155,303.84958413980263,429.76486359703944,Snapshot (Feb 2020)
self_reported_source,podcast_or_youtube,8,5,391.23186749999996,114.16186499999999,680.4502213124997,176.04818999999998,1.9710129140601371,0.05591525997333722,625.970988,301.35039599999993,976.716576,At signup
self_reported_source,other,8,6,279.182736875,127.64800678124999,459.4032208906248,250.0042675,1.4065131843158922,0.03990108324300404,372.24364916666656,231.0570579791667,569.8446358333333,At signup
self_reported_source,social_media,33,16,221.55534121212122,119.52015874621212,340.95735336363623,0.0,1.1161883143583415,0.1306177814674655,456.95789125,310.0921937578125,616.4028694296873,At signup
self_reported_source,search,61,28,209.79648459016389,121.19651711065572,318.39695146516385,0.0,1.0569475924699094,0.22863050759100878,457.05662714285705,302.09951901339286,647.9777461651786,At signup
self_reported_source,No signup record,105,55,199.12547899999998,140.99080804285714,269.9291335630952,88.35097499999999,1.0031874272803472,0.3735272335618313,380.14864172727283,286.10799558863636,500.2269742090908,At signup
self_reported_source,friend_or_family,29,12,156.94533086206894,64.10453404310344,269.5350982801724,0.0,0.7906852678113674,0.0813116055550697,379.28454958333333,216.82046172916665,566.673510864583,At signup
self_reported_source,blog_or_review_site,33,15,133.1814118181818,72.04419108333333,201.5612591780303,0.0,0.6709634475427738,0.07851699918053737,292.999106,209.27446455833334,379.9034619166666,At signup
self_reported_source,app_store,5,1,129.63276,0.0,388.89828,0.0,0.6530854597248736,0.011579529427745988,648.1637999999999,,,At signup
signup_landing_page,/cards/rewards,37,18,252.42333135135138,120.0773556385135,410.10618867567507,0.0,1.2717002044921473,0.1668542821496789,518.8701811111112,309.11934377083327,787.4959983472221,At signup
signup_landing_page,/cards,21,12,248.5520126190476,117.69885190476191,397.45124224999995,107.95250999999999,1.252196631675923,0.09324868533756873,434.96602208333337,261.20829427083333,621.5954991041666,At signup
signup_landing_page,/apply,26,11,237.02639807692307,111.05915540865385,387.9065073942305,0.0,1.1941309754956866,0.11009718213790019,560.2442136363636,356.92860081818174,793.0673320795454,At signup
signup_landing_page,No signup record,105,55,199.12547899999998,140.99080804285714,269.9291335630952,88.35097499999999,1.0031874272803472,0.3735272335618313,380.14864172727283,286.10799558863636,500.2269742090908,At signup
signup_landing_page,/,29,13,173.49611172413793,86.52432857758619,271.404110616379,0.0,0.8740675419225563,0.08988637842466005,387.0297876923077,256.4355065865384,530.0483026057689,At signup
signup_landing_page,/compare,32,16,154.99745359374998,76.99904547656249,255.72389565234366,31.9061225,0.7808719280254388,0.08860958048515619,309.9949071875,193.83168103906252,470.931572953125,At signup
signup_landing_page,/blog/credit-basics,32,13,136.04831281249997,66.602396171875,218.59692847265617,0.0,0.6854067977719904,0.0777766579032046,334.8881546153846,213.4707938365385,465.9416639230769,At signup
channel_last_touch,paid_social_reddit,2,2,368.03639,166.96228,569.1105,368.03639,1.8541548830606778,0.013150034631636012,368.03639,166.96228,569.1105,At signup
channel_last_touch,apple_search_ads,1,1,288.73626,,,288.73626,1.4546435106476225,0.005158310321445469,288.73626,,,At signup
channel_last_touch,paid_search_nonbrand,10,6,287.10832199999993,112.49202399999999,479.3884187749999,180.16564999999997,1.4464420140727317,0.05129227000257914,478.51386999999994,287.6377783333333,675.1612666666665,At signup
channel_last_touch,paid_search_brand,82,42,263.9307734756097,184.6618629390244,352.7610257362804,80.4279775,1.3296743086459015,0.3866428840743402,515.2934148809524,393.03361502083334,652.8043577886903,At signup
channel_last_touch,No signup record,105,55,199.12547899999998,140.99080804285714,269.9291335630952,88.35097499999999,1.0031874272803472,0.3735272335618313,380.14864172727283,286.10799558863636,500.2269742090908,At signup
channel_last_touch,paid_social_meta,10,5,157.603699,56.230169000000004,259.33220274999985,123.675535,0.794002104219301,0.028156102986500033,315.207398,266.045384,379.269892,At signup
channel_last_touch,affiliate,2,2,135.3139425,88.06199,182.56589499999998,135.3139425,0.6817070649795439,0.004834801879287546,135.3139425,88.06199,182.56589499999998,At signup
channel_last_touch,organic_search,10,4,115.2051265,22.6998425,227.13777499999998,0.0,0.5803995302029729,0.020581543624218896,288.01281625,178.371105,397.71343625,At signup
channel_last_touch,direct,57,20,113.07199552631577,60.36835475877192,181.19780877631575,0.0,0.5696528885160881,0.11514260512559228,322.25518724999995,200.698964225,480.20821839374986,At signup
channel_last_touch,referral,1,1,84.75807,,,84.75807,0.42700828950446656,0.0015142137925690303,84.75807,,,At signup
channel_last_touch,microsoft_ads,2,0,0.0,0.0,0.0,0.0,0.0,0.0,,,,At signup
persona,Established multi-card households,3,3,579.5601233333333,214.2814,1119.1517999999999,405.24717,2.919804296270129,0.031061747832660944,579.5601233333333,214.2814,1119.1517999999999,Consequence (Nov 2018 – Oct 2019)
persona,Younger credit users,68,68,560.4376729411765,461.42811260845593,676.6217184650733,454.88239,2.823466038059567,0.6808357822271296,560.4376729411765,461.42811260845593,676.6217184650733,Consequence (Nov 2018 – Oct 2019)
persona,Toll-road drivers,13,13,443.5775511538461,290.34065902884623,633.6416635192305,288.73626,2.234728697583414,0.10301940804462546,443.5775511538461,290.34065902884623,633.6416635192305,Consequence (Nov 2018 – Oct 2019)
persona,Debit-only everyday spenders,52,52,183.9927348076923,165.1216992596154,204.69871002163455,180.489685,0.926949173942748,0.1709267980319961,183.9927348076923,165.1216992596154,204.69871002163455,Consequence (Nov 2018 – Oct 2019)
persona,Not active Nov 2018 – Oct 2019,146,2,5.427372808219177,0.0,15.815314402397195,0.0,0.027342920613231566,0.014156263863587974,396.19821499999995,69.90091,722.4955199999999,Consequence (Nov 2018 – Oct 2019)
products_held_feb_2020,Credit + prepaid,5,4,546.322314,175.064284,930.3427929999998,683.884685,2.752353337201544,0.04880059108513376,682.9028925,264.04989374999997,1010.33502125,Consequence (Feb 2020)
products_held_feb_2020,Credit + debit,70,41,311.3766632857143,217.45516694999998,422.04445817678544,184.757745,1.568705096532296,0.3893948821179458,531.6186934146342,413.8113779999999,682.4406410152438,Consequence (Feb 2020)
products_held_feb_2020,Credit only,59,23,268.8929112711864,164.78614434745762,390.92749168644065,0.0,1.354673391003188,0.283424574713433,689.7687723913043,523.9429482391305,918.7609413478256,Consequence (Feb 2020)
products_held_feb_2020,Credit + debit + prepaid,16,10,200.20403124999999,84.71446670312498,337.2668766562499,115.872405,1.0086211370310965,0.0572267311790693,320.32644999999997,177.2070469125,505.04272201249984,Consequence (Feb 2020)
products_held_feb_2020,Debit only,84,45,112.84143886904762,85.6392957827381,140.47157375595236,98.9899275,0.5684913518759317,0.1693378494949584,210.6373525555555,184.248446025,240.70996091388884,Consequence (Feb 2020)
products_held_feb_2020,Debit + prepaid,23,12,86.70248913043478,51.810034608695645,127.32132550543469,88.06199,0.4368042073087148,0.035625875064185956,166.17977083333332,134.01485427083338,200.39708880208332,Consequence (Feb 2020)
products_held_feb_2020,No open card,18,2,44.02202388888888,0.0,124.29930388888887,0.0,0.22178146719621158,0.014156263863587974,396.19821499999995,69.90091,722.4955199999999,Consequence (Feb 2020)
products_held_feb_2020,Prepaid only,7,1,16.258589285714287,0.0,48.77576785714286,0.0,0.08191022283363111,0.0020332324816858785,113.810125,,,Consequence (Feb 2020)
main_spend_category,Money transfer,5,5,891.734528,213.397323,1831.8202979999999,289.732625,4.4925283868940475,0.07965475863287319,891.734528,213.397323,1831.8202979999999,Consequence (Nov 2018 – Oct 2019)
main_spend_category,Travel and transport,6,6,462.4932516666666,199.34349833333332,754.7272413333326,265.809655,2.330025356895716,0.04957500759352587,462.4932516666666,199.34349833333332,754.7272413333326,Consequence (Nov 2018 – Oct 2019)
main_spend_category,"Bills, utilities and professional services",20,20,455.1672667499999,321.70663248125,601.2271096124999,369.84111999999993,2.2931172927054697,0.16263243210677092,455.1672667499999,321.70663248125,601.2271096124999,Consequence (Nov 2018 – Oct 2019)
main_spend_category,Gas and auto,20,20,410.50496225000006,305.77447485,547.1016316312496,286.26484500000004,2.0681101134495883,0.14667447613117646,410.50496225000006,305.77447485,547.1016316312496,Consequence (Nov 2018 – Oct 2019)
main_spend_category,"Grocery, wholesale and pharmacy",73,73,371.0442612328767,295.9393810359589,455.31472305136975,230.82798,1.8693084365830783,0.48389899244881107,371.0442612328767,295.9393810359589,455.31472305136975,Consequence (Nov 2018 – Oct 2019)
main_spend_category,Restaurants and bars,6,6,318.66944916666665,120.7801225,586.9388483333333,153.6901325,1.6054459051036543,0.034158423512843705,318.66944916666665,120.7801225,586.9388483333333,Consequence (Nov 2018 – Oct 2019)
main_spend_category,Industrial and wholesale (as labelled),4,4,290.99201,148.34631,433.63770999999997,297.7591125,1.466007902841188,0.02079443833817288,290.99201,148.34631,433.63770999999997,Consequence (Nov 2018 – Oct 2019)
main_spend_category,Health,2,2,236.63998499999997,84.75807,388.52189999999996,236.63998499999997,1.1921842394855453,0.00845520737223791,236.63998499999997,84.75807,388.52189999999996,Consequence (Nov 2018 – Oct 2019)
main_spend_category,Not active Nov 2018 – Oct 2019,146,2,5.427372808219177,0.0,15.815314402397195,0.0,0.027342920613231566,0.014156263863587974,396.19821499999995,69.90091,722.4955199999999,Consequence (Nov 2018 – Oct 2019)
spend_fifth_2019,Top,27,27,613.9124683333333,399.54463200000004,883.5815465462957,289.732625,3.0928702483254003,0.29612587483966596,613.9124683333333,399.54463200000004,883.5815465462957,Consequence (Nov 2018 – Oct 2019)
spend_fifth_2019,4th,27,27,489.1682381481481,362.73531402777775,630.3769587499999,288.73626,2.46441303644071,0.23595443965921692,489.1682381481481,362.73531402777775,630.3769587499999,Consequence (Nov 2018 – Oct 2019)
spend_fifth_2019,3rd,27,27,417.3525459259258,323.0521479675926,512.8356324999999,440.235385,2.10260800837211,0.20131353271647864,417.3525459259258,323.0521479675926,512.8356324999999,Consequence (Nov 2018 – Oct 2019)
spend_fifth_2019,2nd,27,27,319.4217531481481,242.8946572314815,396.72114237037033,230.82798,1.6092359871137778,0.15407578600025532,319.4217531481481,242.8946572314815,396.72114237037033,Consequence (Nov 2018 – Oct 2019)
spend_fifth_2019,Bottom,28,28,196.66026267857143,156.10492738392855,243.77660615624987,149.98751,0.990767750845151,0.09837410292079514,196.66026267857143,156.10492738392855,243.77660615624987,Consequence (Nov 2018 – Oct 2019)
spend_fifth_2019,Not active Nov 2018 – Oct 2019,146,2,5.427372808219177,0.0,15.815314402397195,0.0,0.027342920613231566,0.014156263863587974,396.19821499999995,69.90091,722.4955199999999,Consequence (Nov 2018 – Oct 2019)
online_share_fifth_2019,2nd,27,27,570.5745788888888,364.6923647870371,829.0127425046295,325.07715,2.874535427317726,0.27522147708361205,570.5745788888888,364.6923647870371,829.0127425046295,Consequence (Nov 2018 – Oct 2019)
online_share_fifth_2019,Bottom,28,28,437.96507107142855,309.5388486116071,583.6358171383926,285.203555,2.2064532127844916,0.21908046084385022,437.96507107142855,309.5388486116071,583.6358171383926,Consequence (Nov 2018 – Oct 2019)
online_share_fifth_2019,Top,27,27,375.56662462962964,281.4929990555555,477.8854206666666,255.02399499999999,1.8920919503955695,0.1811577399314907,375.56662462962964,281.4929990555555,477.8854206666666,Consequence (Nov 2018 – Oct 2019)
online_share_fifth_2019,4th,27,27,340.5459435185184,255.35345071296297,431.4665483148147,266.70944499999996,1.7156589436206748,0.16426521800623484,340.5459435185184,255.35345071296297,431.4665483148147,Consequence (Nov 2018 – Oct 2019)
online_share_fifth_2019,3rd,27,27,302.92583499999995,219.3074405787037,391.0118428981479,207.14999999999998,1.5261301094994522,0.14611884027122415,302.92583499999995,219.3074405787037,391.0118428981479,Consequence (Nov 2018 – Oct 2019)
online_share_fifth_2019,Not active Nov 2018 – Oct 2019,146,2,5.427372808219177,0.0,15.815314402397195,0.0,0.027342920613231566,0.014156263863587974,396.19821499999995,69.90091,722.4955199999999,Consequence (Nov 2018 – Oct 2019)
