group,"Credit, limit $13.0k+","Credit, limit under $13.0k",Debit or prepaid,customers,dimension
Bottom,0.0,0.375,0.625,96,income fifth
2nd,0.03816793893129771,0.366412213740458,0.5954198473282443,131,income fifth
3rd,0.07432432432432433,0.28378378378378377,0.6418918918918919,148,income fifth
4th,0.16149068322981366,0.2981366459627329,0.5403726708074534,161,income fifth
Top,0.2676056338028169,0.08450704225352113,0.647887323943662,142,income fifth
Under 30,0.12361623616236163,0.25461254612546125,0.6217712177121771,542,age at first card
30–39,0.13793103448275862,0.27586206896551724,0.5862068965517241,58,age at first card
40–49,0.023255813953488372,0.4418604651162791,0.5348837209302325,43,age at first card
50–59,0.13043478260869565,0.34782608695652173,0.5217391304347826,23,age at first card
60+,0.08333333333333333,0.4166666666666667,0.5,12,age at first card
Midwest,0.11678832116788321,0.25547445255474455,0.6277372262773723,137,region
Northeast,0.13846153846153847,0.25384615384615383,0.6076923076923076,130,region
South,0.1015625,0.29296875,0.60546875,256,region
West,0.12987012987012986,0.2792207792207792,0.5909090909090909,154,region
