cut,above,below,between_ss,mean_above,mean_below
6000.0,397,101,948943.8938976437,418.1577120570949,309.59542125412537
6500.0,383,115,1330134.5887960321,424.4593679025239,301.82444631884056
7000.0,360,138,2033299.8970746384,435.7017036296296,292.93576758454105
7500.0,338,160,2216713.8536275327,442.043134556213,299.16981095833336
8000.0,319,179,2426073.4674803494,448.4240190595612,302.96361538175046
8500.0,304,194,2563571.4058332397,453.45556210526314,306.32607398625424
9000.0,272,226,2976364.4826844065,466.60906588235287,311.32780227138636
9500.0,250,248,3803011.765005949,483.1772763199999,308.40092803763434
10000.0,231,267,4863384.225789934,502.3840212987013,304.2211247690387
10500.0,219,279,4808969.375591148,507.0553383561643,309.07752735961765
11000.0,208,290,5409964.565684182,519.2093983653847,307.86963577011494
11500.0,184,314,5323963.378418921,531.2100185869566,316.9907828450106
12000.0,172,326,5559930.231828434,541.607090116279,319.39058200409
12500.0,163,335,5598048.068667782,548.1360876073619,322.1837819502487
13000.0,142,356,6053848.62590536,570.7150118309859,326.50622908239694
13500.0,127,371,5723833.814593735,579.377378582677,333.4146149685534
14000.0,114,384,5806945.826618402,594.3257985964912,337.3036671701389
14500.0,101,397,5632209.928571975,606.9831194059406,342.4998845675902
