population,attribute,credit_vs_debit_or_prepaid,high_vs_low_limit_among_credit,customers,credit_customers
joined 2010 or later,yearly_income,0.5095353675450763,0.8364247311827957,678,266
joined 2010 or later,per_capita_income,0.5123549164172567,0.8441532258064516,678,266
joined 2010 or later,age_at_first_card,0.5103246587342142,0.4780577956989247,678,266
joined 2010 or later,credit_score,0.4989460909555442,0.5376008064516129,678,266
joined 2010 or later,total_debt,0.5187878677275714,0.6759408602150537,678,266
all customers,yearly_income,0.4977419921189185,0.8397255905825665,2000,722
all customers,per_capita_income,0.4984957451696947,0.8805725572867303,2000,722
all customers,age_at_first_card,0.4792601407150196,0.47851138648502617,2000,722
all customers,credit_score,0.5225611130618738,0.5265950379549501,2000,722
all customers,total_debt,0.4979793349199537,0.6141128639379257,2000,722
