,count,mean,std,min,1%,5%,25%,50%,75%,95%,99%,max
current_age,2000.0,45.3915,18.414091537014983,18.0,18.0,19.0,30.0,44.0,58.0,80.04999999999995,90.0,101.0
retirement_age,2000.0,66.2375,3.6288673286639352,50.0,56.0,60.0,65.0,66.0,68.0,72.0,74.0,79.0
birth_year,2000.0,1973.803,18.421233995880012,1918.0,1929.0,1939.0,1961.0,1975.0,1989.0,2000.0,2002.0,2002.0
birth_month,2000.0,6.439,3.565337966786417,1.0,1.0,1.0,3.0,7.0,10.0,12.0,12.0,12.0
latitude,2000.0,37.389225,5.114323963553452,20.88,25.77,28.2285,33.837500000000006,38.25,41.2,44.693,47.6502,61.2
longitude,2000.0,-91.554765,16.283292617096887,-159.41,-123.0002,-122.1005,-97.395,-86.44,-80.13,-73.3995,-71.0594,-68.67
per_capita_income,2000.0,23141.928,11324.137357664982,0.0,9277.740000000002,12683.65,16824.5,20581.0,26286.0,41685.399999999994,58537.75999999998,163145.0
yearly_income,2000.0,45715.882,22992.61545631199,1.0,10138.53,22849.7,32818.5,40744.5,52698.5,82980.5,118866.45999999999,307018.0
total_debt,2000.0,63709.694,52254.45342050285,0.0,0.0,0.0,23986.75,58251.0,89070.5,153445.29999999993,231627.87,516263.0
credit_score,2000.0,709.7345,67.2219488333422,480.0,519.97,589.0,681.0,711.5,753.0,815.0,850.0,850.0
num_credit_cards,2000.0,3.073,1.637379462969069,1.0,1.0,1.0,2.0,3.0,4.0,6.0,7.009999999999991,9.0
cards_in_table,2000.0,3.073,1.637379462969069,1.0,1.0,1.0,2.0,3.0,4.0,6.0,7.009999999999991,9.0
credit_cards_in_table,2000.0,1.0285,0.9844655078610342,0.0,0.0,0.0,0.0,1.0,2.0,3.0,4.0,6.0
