client_id,acq_m,y1_value,y1_value_no_mt,y1_value_prepaid_debit,y1_purchases,y2_value,y2_value_no_mt,y2_value_prepaid_debit,y2_purchases,y3_value,y3_value_no_mt,y3_value_prepaid_debit,y3_purchases,acq_has_credit,acq_has_debit,acq_credit_limit,acq_n_cards,acq_product,added_credit_in_y1,yearly_income,credit_score,current_age,total_debt
22,24211,756.41886,750.29886,756.41886,1253.0,720.43956,711.43956,720.43956,1154.0,,,,,True,False,13600.0,1,Credit,False,53966,747,56,135478
29,24125,0.0,0.0,0.0,0.0,0.0,0.0,0.0,0.0,0.0,0.0,0.0,0.0,False,True,0.0,1,Debit,False,27358,665,68,13557
31,24131,95.0,95.0,95.0,0.0,95.0,95.0,95.0,0.0,95.0,95.0,95.0,0.0,True,False,11500.0,1,Credit,False,45570,712,51,0
36,24141,0.0,0.0,0.0,0.0,0.0,0.0,0.0,0.0,0.0,0.0,0.0,0.0,False,True,0.0,1,Debit,False,50242,722,31,84457
43,24213,0.0,0.0,0.0,0.0,0.0,0.0,0.0,0.0,,,,,False,True,0.0,1,Debit,False,61104,721,26,79486
49,24125,0.0,0.0,0.0,0.0,0.0,0.0,0.0,0.0,0.0,0.0,0.0,0.0,False,True,0.0,1,Debit,False,38663,686,38,59053
51,24132,825.9173999999999,814.7574,825.9173999999999,872.0,767.5137,742.3136999999999,767.5137,912.0,786.16098,768.52098,786.16098,883.0,True,False,12700.0,1,Credit,False,51303,688,29,106248
57,24132,256.04539,245.17539,256.04539,1115.0,269.686865,254.656865,269.686865,1166.0,254.51901999999998,241.23901999999998,254.51901999999998,1111.0,False,True,0.0,1,Debit,False,43826,823,28,84935
58,24158,227.230715,225.86129499999998,227.230715,950.0,213.38395,212.82395,213.38395,892.0,216.774215,215.094215,216.774215,913.0,False,True,0.0,1,Debit,False,52512,706,38,95640
71,24126,0.0,0.0,0.0,0.0,0.0,0.0,0.0,0.0,0.0,0.0,0.0,0.0,True,False,9100.0,1,Credit,False,32801,701,39,44496
72,24189,0.0,0.0,0.0,0.0,0.0,0.0,0.0,0.0,0.0,0.0,0.0,0.0,True,False,14300.0,1,Credit,False,41401,580,37,71180
74,24146,106.942105,100.742105,106.942105,455.0,118.63183,113.11183,118.63183,503.0,126.293885,121.77388499999999,126.293885,541.0,False,True,0.0,1,Debit,False,41957,783,54,151027
82,24220,0.0,0.0,0.0,0.0,,,,,,,,,False,False,0.0,1,Prepaid only,False,2026,779,22,1417
83,24183,0.0,0.0,0.0,0.0,0.0,0.0,0.0,0.0,0.0,0.0,0.0,0.0,True,False,11600.0,1,Credit,False,59455,557,31,96224
86,24187,204.456755,190.466755,204.456755,898.0,204.034685,191.504685,204.034685,902.0,211.29393499999998,199.553935,211.29393499999998,941.0,False,True,0.0,1,Debit,False,23212,799,24,25138
91,24220,0.0,0.0,0.0,0.0,,,,,,,,,True,False,19100.0,1,Credit,False,72647,739,38,90579
93,24132,0.0,0.0,0.0,0.0,0.0,0.0,0.0,0.0,0.0,0.0,0.0,0.0,False,True,0.0,1,Debit,False,28696,686,33,52910
97,24135,0.0,0.0,0.0,0.0,0.0,0.0,0.0,0.0,0.0,0.0,0.0,0.0,False,True,0.0,1,Debit,False,32952,765,69,5077
109,24170,0.0,0.0,0.0,0.0,0.0,0.0,0.0,0.0,0.0,0.0,0.0,0.0,False,True,0.0,1,Debit,False,40005,737,29,37694
111,24164,0.0,0.0,0.0,0.0,0.0,0.0,0.0,0.0,0.0,0.0,0.0,0.0,False,True,0.0,1,Debit,False,30004,738,25,67526
116,24156,263.843995,250.263995,263.843995,1122.0,244.034775,231.77477499999998,244.034775,1040.0,253.862545,241.71254499999998,253.862545,1082.0,False,True,0.0,1,Debit,False,67230,685,31,45269
124,24125,153.28182999999999,147.14183,153.28182999999999,687.0,160.4063,154.7663,160.4063,716.0,179.06661499999998,172.366615,179.06661499999998,802.0,False,True,0.0,1,Debit,False,34311,680,31,6971
134,24132,993.16094,974.80094,993.16094,776.0,677.5725199999999,668.2125199999999,677.5725199999999,514.0,110.40926,110.40926,110.40926,1.0,True,False,10400.0,1,Credit,False,50174,643,43,145300
149,24186,1167.49062,945.01062,1167.49062,893.0,1115.60292,923.36292,1115.60292,822.0,985.75002,798.19002,985.75002,800.0,True,False,14200.0,1,Credit,False,91237,594,24,231619
158,24130,0.0,0.0,0.0,0.0,0.0,0.0,0.0,0.0,0.0,0.0,0.0,0.0,False,True,0.0,1,Debit,False,41475,747,31,0
160,24172,192.855895,189.385895,192.855895,846.0,200.632565,196.532565,200.632565,877.0,188.74346,187.56346,188.74346,829.0,False,True,0.0,1,Debit,False,37965,796,44,69614
196,24133,420.02819999999997,415.7082,420.02819999999997,539.0,490.27356,469.03356,490.27356,585.0,538.3701,527.2101,538.3701,584.0,True,False,4300.0,1,Credit,False,35775,773,44,67263
197,24144,345.730615,333.820615,345.730615,1499.0,357.516985,347.646985,357.516985,1549.0,327.67696,315.74696,327.67696,1414.0,False,True,0.0,1,Debit,False,32128,724,32,58373
206,24125,506.18736,448.22736,506.18736,503.0,507.66641999999996,424.86641999999995,507.66641999999996,533.0,553.8155399999999,484.33554000000004,553.8155399999999,541.0,True,False,11300.0,1,Credit,False,37583,782,28,51633
214,24155,0.0,0.0,0.0,0.0,0.0,0.0,0.0,0.0,0.0,0.0,0.0,0.0,True,False,0.0,1,Credit,False,47803,652,30,81929
220,24123,604.071985,583.001985,604.071985,455.0,590.6662349999999,577.1562349999999,590.6662349999999,476.0,502.78333000000003,484.28222,502.78333000000003,436.0,True,False,17200.0,1,Credit,False,61846,722,33,12525
225,24122,257.43107,218.58106999999998,257.43107,688.0,479.670275,420.170275,479.670275,782.0,428.59573,378.17573,428.59573,793.0,False,True,0.0,1,Debit,True,40887,688,32,50734
226,24160,0.0,0.0,0.0,0.0,0.0,0.0,0.0,0.0,0.0,0.0,0.0,0.0,False,True,0.0,1,Debit,False,92960,724,30,64167
228,24126,0.0,0.0,0.0,0.0,0.0,0.0,0.0,0.0,0.0,0.0,0.0,0.0,True,False,1700.0,1,Credit,False,31655,623,54,46405
233,24146,1042.3475600000002,1042.3475600000002,1042.3475600000002,693.0,1130.711,1130.351,1130.711,765.0,1072.06322,1072.06322,1072.06322,737.0,True,False,13700.0,1,Credit,False,47464,716,37,83591
237,24162,446.745385,406.615385,446.745385,781.0,676.628255,628.958255,676.628255,768.0,749.6508,687.1708,749.6508,841.0,False,True,0.0,1,Debit,True,58584,563,42,99235
254,24122,414.48717,335.93717,414.48717,1743.0,429.86445499999996,347.904455,429.86445499999996,1793.0,412.348485,334.398485,412.348485,1733.0,False,True,0.0,1,Debit,False,67589,734,30,0
258,24209,0.0,0.0,0.0,0.0,0.0,0.0,0.0,0.0,,,,,False,True,0.0,1,Debit,False,29622,694,51,17385
267,24133,92.76097499999999,90.330975,92.76097499999999,405.0,93.17557,89.99557,93.17557,406.0,106.6214,103.6314,106.6214,466.0,False,True,0.0,1,Debit,False,27733,765,61,21785
269,24226,0.0,0.0,0.0,0.0,,,,,,,,,False,False,0.0,1,Prepaid only,False,38739,689,21,0
272,24133,0.0,0.0,0.0,0.0,0.0,0.0,0.0,0.0,0.0,0.0,0.0,0.0,False,True,0.0,1,Debit,False,53407,767,30,125586
281,24188,0.0,0.0,0.0,0.0,0.0,0.0,0.0,0.0,0.0,0.0,0.0,0.0,True,False,5700.0,1,Credit,False,38549,684,24,35691
286,24129,137.388995,136.438995,137.388995,602.0,133.36595499999999,132.875955,133.36595499999999,590.0,142.64316,141.68316,142.64316,630.0,False,True,0.0,1,Debit,False,38223,725,38,30756
302,24158,0.0,0.0,0.0,0.0,0.0,0.0,0.0,0.0,0.0,0.0,0.0,0.0,False,True,0.0,1,Debit,False,37384,706,27,120327
313,24129,497.06964,491.30964,497.06964,727.0,458.96886,455.36886,458.96886,703.0,417.84714,408.48714,417.84714,689.0,True,False,8900.0,1,Credit,False,33548,693,32,31183
314,24213,0.0,0.0,0.0,0.0,0.0,0.0,0.0,0.0,,,,,True,False,19800.0,1,Credit,False,57927,557,27,87736
315,24143,32.768485,29.968485,100.24199,435.0,59.404019999999996,53.29402,107.39553,466.0,59.15123,54.10123,105.42412,451.0,False,False,0.0,1,Prepaid only,False,42379,692,54,136748
319,24121,864.76284,853.24284,864.76284,746.0,919.47906,902.91906,919.47906,739.0,860.77764,847.09764,860.77764,731.0,True,False,6800.0,1,Credit,False,28357,628,67,10400
329,24125,1119.1518,1093.5918000000001,1119.1518,1495.0,1080.60786,1066.56786,1080.60786,1495.0,1062.19458,1044.19458,1062.19458,1557.0,True,False,12300.0,1,Credit,True,36724,701,70,16437
330,24122,0.0,0.0,0.0,0.0,0.0,0.0,0.0,0.0,0.0,0.0,0.0,0.0,False,True,0.0,1,Debit,False,64419,711,36,183210
336,24192,0.0,0.0,0.0,0.0,0.0,0.0,0.0,0.0,0.0,0.0,0.0,0.0,False,True,0.0,1,Debit,False,44128,760,23,0
338,24155,285.58288,270.69288,285.58288,1188.0,281.22423499999996,270.064235,281.22423499999996,1170.0,297.893405,284.283405,297.893405,1252.0,False,True,0.0,1,Debit,False,50258,686,68,0
347,24184,0.0,0.0,0.0,0.0,0.0,0.0,0.0,0.0,0.0,0.0,0.0,0.0,True,False,6100.0,1,Credit,False,44046,557,28,57982
353,24226,0.0,0.0,0.0,0.0,,,,,,,,,False,False,0.0,1,Prepaid only,False,32847,721,24,33514
358,24122,0.0,0.0,0.0,0.0,0.0,0.0,0.0,0.0,0.0,0.0,0.0,0.0,False,True,0.0,1,Debit,False,31079,605,36,91845
372,24134,0.0,0.0,0.0,0.0,0.0,0.0,0.0,0.0,0.0,0.0,0.0,0.0,False,True,0.0,1,Debit,False,24668,756,32,22338
384,24223,0.0,0.0,0.0,0.0,,,,,,,,,False,True,0.0,1,Debit,False,39144,702,20,55347
388,24167,0.0,0.0,0.0,0.0,0.0,0.0,0.0,0.0,0.0,0.0,0.0,0.0,False,True,0.0,1,Debit,False,17310,749,25,21853
404,24130,0.0,0.0,0.0,0.0,0.0,0.0,0.0,0.0,0.0,0.0,0.0,0.0,True,False,10900.0,1,Credit,False,44816,625,44,63043
406,24198,0.0,0.0,0.0,0.0,0.0,0.0,0.0,0.0,0.0,0.0,0.0,0.0,True,False,4200.0,1,Credit,False,85128,641,23,108678
409,24125,0.0,0.0,0.0,0.0,0.0,0.0,0.0,0.0,0.0,0.0,0.0,0.0,False,True,0.0,1,Debit,False,29699,711,54,6569
411,24153,0.0,0.0,0.0,0.0,0.0,0.0,0.0,0.0,0.0,0.0,0.0,0.0,False,False,0.0,1,Prepaid only,False,37521,775,30,65701
427,24131,35.859205,34.609205,112.20813,494.0,103.98403499999999,100.654035,170.21148,736.0,92.66701499999999,88.827015,154.43212499999998,672.0,False,True,0.0,1,Debit,False,32527,705,44,74331
434,24126,847.35734,753.39734,847.35734,807.0,968.89244,873.13244,968.89244,858.0,853.04174,763.76174,853.04174,842.0,True,False,15500.0,1,Credit,False,53395,785,31,73370
439,24196,0.0,0.0,0.0,0.0,0.0,0.0,0.0,0.0,0.0,0.0,0.0,0.0,False,True,0.0,1,Debit,False,51938,697,33,97252
441,24130,203.711125,199.221125,203.711125,890.0,195.749395,191.999395,195.749395,846.0,207.00583,202.04583,207.00583,894.0,False,True,0.0,1,Debit,False,46108,635,41,64994
455,24139,174.061085,162.301085,174.061085,713.0,160.446745,148.016745,160.446745,662.0,178.10938,166.17937999999998,178.10938,720.0,False,True,0.0,1,Debit,False,49776,684,41,17352
463,24149,0.0,0.0,0.0,0.0,0.0,0.0,0.0,0.0,0.0,0.0,0.0,0.0,False,True,0.0,1,Debit,False,40256,719,32,0
504,24152,0.0,0.0,0.0,0.0,0.0,0.0,0.0,0.0,0.0,0.0,0.0,0.0,False,False,0.0,1,Prepaid only,False,34311,705,38,61776
513,24182,0.0,0.0,0.0,0.0,0.0,0.0,0.0,0.0,0.0,0.0,0.0,0.0,False,True,0.0,1,Debit,False,35856,712,24,73257
518,24215,0.0,0.0,0.0,0.0,0.0,0.0,0.0,0.0,,,,,True,False,5900.0,1,Credit,False,45433,523,31,91998
523,24160,1417.33836,1288.81836,1417.33836,1196.0,1394.12844,1256.24844,1394.12844,1159.0,1444.77684,1293.21684,1444.77684,1210.0,True,False,13000.0,1,Credit,False,38487,773,27,28032
524,24123,129.644325,118.604325,129.644325,565.0,123.39263,115.77262999999999,123.39263,547.0,131.54966,122.07965999999999,131.54966,579.0,False,True,0.0,1,Debit,False,35239,726,57,43270
525,24132,253.096495,246.046495,253.096495,1095.0,270.10237,263.28237,270.10237,1171.0,293.41569,285.13569,293.41569,1273.0,False,True,0.0,1,Debit,False,37147,703,55,0
527,24176,0.0,0.0,0.0,0.0,0.0,0.0,0.0,0.0,0.0,0.0,0.0,0.0,True,False,10500.0,1,Credit,False,40628,636,58,66552
532,24133,0.0,0.0,0.0,0.0,0.0,0.0,0.0,0.0,0.0,0.0,0.0,0.0,False,True,0.0,1,Debit,False,48484,775,27,63561
534,24139,298.552625,214.252625,298.552625,1262.0,300.3832,221.8632,300.3832,1271.0,329.48684,247.56683999999998,329.48684,1400.0,False,True,0.0,1,Debit,False,60510,790,27,23196
535,24189,0.0,0.0,0.0,0.0,0.0,0.0,0.0,0.0,0.0,0.0,0.0,0.0,True,False,12200.0,1,Credit,False,49737,643,51,136056
567,24190,0.0,0.0,0.0,0.0,0.0,0.0,0.0,0.0,0.0,0.0,0.0,0.0,True,False,3300.0,1,Credit,False,33534,761,25,76166
569,24196,441.30708000000004,426.90708,441.30708000000004,623.0,539.41464,525.37464,539.41464,613.0,471.44988,456.32988,471.44988,618.0,True,False,5900.0,1,Credit,False,45625,662,52,81136
572,24183,0.0,0.0,0.0,0.0,0.0,0.0,0.0,0.0,0.0,0.0,0.0,0.0,False,True,0.0,1,Debit,False,47317,680,29,42433
577,24124,704.87168,632.15168,704.87168,921.0,684.34268,619.18268,684.34268,929.0,580.15119,533.67119,580.15119,1096.0,True,False,8500.0,1,Credit,False,33106,763,28,108695
586,24139,474.29802,371.06802,474.29802,775.0,453.40941499999997,372.049415,453.40941499999997,982.0,390.802865,327.942865,390.802865,938.0,True,False,20300.0,1,Credit,False,46864,751,37,58954
590,24121,87.08333333333333,87.08333333333333,87.08333333333333,0.0,95.0,95.0,95.0,0.0,95.0,95.0,95.0,0.0,False,True,0.0,1,Debit,True,35060,724,37,39104
596,24184,569.1105,486.6705,569.1105,766.0,490.95918,420.03918000000004,490.95918,698.0,566.72748,492.20748000000003,566.72748,700.0,True,False,5100.0,1,Credit,False,34629,721,28,34484
603,24148,0.0,0.0,0.0,0.0,0.0,0.0,0.0,0.0,0.0,0.0,0.0,0.0,True,False,3900.0,1,Credit,False,44624,611,42,102882
607,24180,0.0,0.0,0.0,0.0,0.0,0.0,0.0,0.0,0.0,0.0,0.0,0.0,False,True,0.0,1,Debit,False,42617,771,25,67590
608,24135,140.663785,138.603785,140.663785,642.0,148.85011,143.57011,148.85011,677.0,141.6848,135.5048,141.6848,644.0,False,True,0.0,1,Debit,False,2365,769,32,0
616,24198,459.7119,388.4319,459.7119,795.0,535.90878,471.46878000000004,535.90878,847.0,394.95852,359.67852,394.95852,738.0,True,False,4500.0,1,Credit,False,34817,586,45,63313
617,24195,0.0,0.0,0.0,0.0,0.0,0.0,0.0,0.0,0.0,0.0,0.0,0.0,False,True,0.0,1,Debit,False,58026,691,27,133169
622,24189,0.0,0.0,0.0,0.0,0.0,0.0,0.0,0.0,0.0,0.0,0.0,0.0,False,False,0.0,1,Prepaid only,False,87437,738,23,0
624,24123,0.0,0.0,0.0,0.0,0.0,0.0,0.0,0.0,0.0,0.0,0.0,0.0,False,True,0.0,1,Debit,False,37579,710,33,59201
627,24226,0.0,0.0,0.0,0.0,,,,,,,,,True,False,4200.0,1,Credit,False,45674,717,50,83331
643,24131,562.06152,541.90152,562.06152,1222.0,705.17106,695.09106,705.17106,1278.0,610.53084,600.81084,610.53084,1204.0,True,False,500.0,1,Credit,False,43397,697,29,42168
644,24124,447.0804,447.0804,447.0804,549.0,419.49108,419.49108,419.49108,505.0,413.8119,413.8119,413.8119,523.0,True,False,7700.0,1,Credit,False,41963,741,58,53857
647,24178,246.216255,246.216255,246.216255,1126.0,263.2675,263.2675,263.2675,1203.0,261.96774,261.65819999999997,261.96774,1197.0,False,True,0.0,1,Debit,False,26900,758,31,74083
654,24185,0.0,0.0,0.0,0.0,0.0,0.0,0.0,0.0,0.0,0.0,0.0,0.0,True,False,7600.0,1,Credit,False,33883,524,47,50616
656,24131,0.0,0.0,0.0,0.0,0.0,0.0,0.0,0.0,0.0,0.0,0.0,0.0,False,True,0.0,1,Debit,False,52633,704,61,137109
660,24130,455.14634,443.26634,455.14634,611.0,475.80674,459.96674,475.80674,627.0,482.0171,465.4571,482.0171,638.0,True,False,12000.0,1,Credit,False,44041,680,31,109159
661,24164,255.40645,251.92645,255.40645,458.0,344.989185,344.989185,344.989185,552.0,278.389355,275.989355,278.389355,602.0,True,False,5300.0,1,Credit,False,42831,566,64,59948
662,24124,298.262815,295.172815,298.262815,1260.0,198.27401,194.24612,332.505975,1415.0,201.118035,197.578035,346.41603,1469.0,False,True,0.0,1,Debit,False,85694,822,32,120733
666,24122,0.0,0.0,0.0,0.0,0.0,0.0,0.0,0.0,0.0,0.0,0.0,0.0,False,True,0.0,1,Debit,False,36282,725,57,14141
675,24142,454.61844,423.29843999999997,454.61844,797.0,459.87483000000003,437.88483,459.87483000000003,913.0,442.77186,417.44185999999996,442.77186,909.0,True,False,9700.0,2,Credit,False,35489,724,40,91995
678,24125,257.8401,244.1601,257.8401,503.0,288.41634,268.97634,288.41634,531.0,306.18126,284.94126,306.18126,658.0,True,False,7300.0,1,Credit,False,29477,850,63,56355
682,24192,0.0,0.0,0.0,0.0,0.0,0.0,0.0,0.0,0.0,0.0,0.0,0.0,True,False,9300.0,1,Credit,False,35229,724,58,60945
684,24130,201.08784,191.03784000000002,201.08784,525.0,299.91163,288.115165,299.91163,572.0,271.11992,261.71992,271.11992,553.0,False,True,0.0,1,Debit,True,44170,661,51,90049
688,24125,457.271435,446.05143499999997,457.271435,1244.0,598.5796799999999,588.45968,598.5796799999999,1261.0,644.23923,638.68923,644.23923,1311.0,False,True,0.0,1,Debit,True,47227,760,44,151030
697,24125,101.87370999999999,95.88371,101.87370999999999,396.0,102.14480499999999,96.36480499999999,102.14480499999999,407.0,103.157815,99.547815,103.157815,409.0,False,True,0.0,1,Debit,False,66230,742,56,90248
701,24217,95.0,95.0,95.0,0.0,,,,,,,,,True,False,11800.0,1,Credit,False,53984,701,28,76118
709,24154,194.690755,187.11075499999998,194.690755,852.0,194.705805,187.565805,194.705805,852.0,214.848925,211.068415,214.848925,942.0,False,True,0.0,1,Debit,False,42931,742,26,48783
713,24180,0.0,0.0,0.0,0.0,0.0,0.0,0.0,0.0,0.0,0.0,0.0,0.0,False,True,0.0,1,Debit,False,34745,691,25,26503
717,24227,0.0,0.0,0.0,0.0,,,,,,,,,True,False,7100.0,1,Credit,False,53675,659,23,82373
731,24143,91.05807,80.69807,91.05807,370.0,100.404035,88.754035,100.404035,407.0,103.8781,92.7481,103.8781,425.0,False,True,0.0,1,Debit,False,38193,703,31,39874
741,24139,0.0,0.0,0.0,0.0,0.0,0.0,0.0,0.0,0.0,0.0,0.0,0.0,False,True,0.0,1,Debit,False,41316,826,75,22629
756,24127,131.18309,122.57309,131.18309,523.0,130.21999499999998,122.229995,130.21999499999998,507.0,131.035145,124.495145,131.035145,518.0,False,True,0.0,1,Debit,False,59251,679,66,29300
780,24132,0.0,0.0,124.730125,558.0,0.0,0.0,169.22791999999998,752.0,0.0,0.0,190.37908499999998,845.0,False,False,0.0,1,Prepaid only,False,58378,652,74,73124
781,24122,0.0,0.0,0.0,0.0,0.0,0.0,0.0,0.0,0.0,0.0,0.0,0.0,False,True,0.0,1,Debit,False,33993,602,30,45149
792,24126,0.0,0.0,0.0,0.0,0.0,0.0,0.0,0.0,0.0,0.0,0.0,0.0,False,False,0.0,1,Prepaid only,False,45180,698,28,13168
796,24159,0.0,0.0,0.0,0.0,0.0,0.0,0.0,0.0,0.0,0.0,0.0,0.0,True,False,11800.0,1,Credit,False,43178,746,25,74257
799,24135,593.56764,558.28764,593.56764,598.0,479.9754,447.5754,479.9754,565.0,550.7199,520.04394,550.7199,602.0,True,False,7000.0,1,Credit,False,31525,686,34,57818
800,24196,0.0,0.0,0.0,0.0,0.0,0.0,0.0,0.0,0.0,0.0,0.0,0.0,False,True,0.0,1,Debit,False,26025,723,28,23971
808,24138,282.91826,281.99826,282.91826,1133.0,282.424055,282.184055,282.424055,1126.0,281.687735,281.237735,281.687735,1126.0,False,True,0.0,1,Debit,False,36045,683,38,0
812,24154,0.0,0.0,0.0,0.0,0.0,0.0,0.0,0.0,0.0,0.0,0.0,0.0,True,False,2400.0,1,Credit,False,41469,659,41,119423
829,24222,0.0,0.0,0.0,0.0,,,,,,,,,True,False,8200.0,1,Credit,False,36404,726,29,11745
835,24129,0.0,0.0,0.0,0.0,0.0,0.0,0.0,0.0,0.0,0.0,0.0,0.0,False,True,0.0,1,Debit,True,45312,681,32,11788
850,24179,301.12626,294.50626,301.12626,1318.0,309.73609,305.00609,309.73609,1366.0,326.71591,321.72591,326.71591,1440.0,False,True,0.0,1,Debit,False,40087,712,38,17392
854,24145,0.0,0.0,0.0,0.0,0.0,0.0,0.0,0.0,0.0,0.0,0.0,0.0,False,True,0.0,1,Debit,False,59699,688,26,71110
856,24134,335.99715,323.55715,335.99715,1303.0,331.459175,320.039175,331.459175,1299.0,354.36139499999996,339.321395,354.36139499999996,1392.0,False,True,0.0,1,Debit,False,114318,748,54,328089
859,24121,545.326355,524.976355,545.326355,902.0,443.02568499999995,425.94568499999997,443.02568499999995,886.0,407.23581,391.92581,407.23581,935.0,True,False,8800.0,1,Credit,False,32531,631,51,78193
862,24185,868.7718,785.9718,868.7718,1516.0,848.04408,764.52408,848.04408,1573.0,971.22942,895.62942,971.22942,1683.0,True,False,3800.0,1,Credit,False,42883,807,25,65917
863,24165,122.034945,112.054945,122.034945,529.0,146.383475,133.033255,146.383475,632.0,142.901395,129.190315,142.901395,625.0,False,True,0.0,1,Debit,False,34406,774,60,1636
878,24208,23.75,23.75,23.75,0.0,95.0,95.0,95.0,0.0,,,,,False,True,0.0,1,Debit,True,40093,615,45,81752
880,24126,95.0,95.0,95.0,0.0,95.0,95.0,95.0,0.0,95.0,95.0,95.0,0.0,True,False,9500.0,1,Credit,False,39354,685,28,26700
883,24198,1066.88822,948.08822,1066.88822,670.0,972.24872,833.64872,972.24872,668.0,871.5731,708.1331,871.5731,632.0,True,False,12500.0,1,Credit,False,54333,584,33,103224
889,24135,0.0,0.0,0.0,0.0,0.0,0.0,0.0,0.0,0.0,0.0,0.0,0.0,True,False,14700.0,1,Credit,False,52550,710,27,140825
896,24135,0.0,0.0,0.0,0.0,0.0,0.0,0.0,0.0,0.0,0.0,0.0,0.0,False,True,0.0,1,Debit,False,37268,626,27,50388
897,24200,158.03319,158.03319,158.03319,715.0,171.73862499999998,171.73862499999998,171.73862499999998,777.0,158.42003,158.42003,158.42003,718.0,False,True,0.0,1,Debit,False,26996,501,30,33332
899,24138,0.0,0.0,0.0,0.0,0.0,0.0,0.0,0.0,0.0,0.0,0.0,0.0,False,True,0.0,1,Debit,False,47891,629,29,114299
910,24142,0.0,0.0,0.0,0.0,0.0,0.0,0.0,0.0,0.0,0.0,0.0,0.0,False,True,0.0,1,Debit,False,76820,819,31,159137
919,24127,0.0,0.0,0.0,0.0,0.0,0.0,0.0,0.0,0.0,0.0,0.0,0.0,False,True,0.0,1,Debit,False,67890,698,54,112564
927,24141,0.0,0.0,0.0,0.0,0.0,0.0,0.0,0.0,0.0,0.0,0.0,0.0,False,True,0.0,1,Debit,False,59375,729,37,0
938,24121,942.49476,893.17476,942.49476,1061.0,974.1276,933.8076,974.1276,1095.0,947.0822400000001,895.24224,947.0822400000001,983.0,True,False,12500.0,1,Credit,False,50934,720,28,54406
943,24197,0.0,0.0,0.0,0.0,0.0,0.0,0.0,0.0,0.0,0.0,0.0,0.0,True,False,6600.0,1,Credit,False,87317,773,64,41998
949,24123,213.45,197.75,213.45,876.0,218.33739999999997,205.54739999999998,218.33739999999997,902.0,626.019555,584.329555,626.019555,972.0,False,True,0.0,1,Debit,False,63684,709,29,96864
952,24134,224.750135,219.920135,224.750135,871.0,228.37688,222.56688,228.37688,877.0,238.072215,231.992215,238.072215,917.0,False,True,0.0,1,Debit,False,126775,685,29,28869
955,24194,108.372035,95.382035,108.372035,477.0,119.126325,108.126325,119.126325,527.0,117.908545,109.978545,117.908545,522.0,False,True,0.0,1,Debit,False,33944,798,33,53353
960,24206,0.0,0.0,0.0,0.0,0.0,0.0,0.0,0.0,,,,,False,True,0.0,1,Debit,False,53376,750,29,60953
962,24122,139.12621,138.64621,139.12621,606.0,126.9413,125.51129999999999,126.9413,551.0,126.996145,126.736145,126.996145,551.0,False,True,0.0,1,Debit,False,34262,846,28,60506
963,24182,463.01778,397.13778,463.01778,693.0,385.16868,309.56868,385.16868,654.0,489.32730000000004,429.9273,489.32730000000004,710.0,True,False,6500.0,1,Credit,False,41714,687,24,54541
981,24128,95.0,95.0,95.0,0.0,95.0,95.0,95.0,0.0,95.0,95.0,95.0,0.0,True,False,7500.0,1,Credit,False,56163,671,44,104767
988,24127,768.34854,728.38854,768.34854,703.0,758.1365999999999,722.1366,758.1365999999999,703.0,731.41272,682.09272,731.41272,729.0,True,False,13200.0,1,Credit,False,39832,785,68,5377
993,24170,0.0,0.0,0.0,0.0,0.0,0.0,0.0,0.0,0.0,0.0,0.0,0.0,True,False,9500.0,1,Credit,False,44789,638,47,94789
1000,24220,0.0,0.0,0.0,0.0,,,,,,,,,False,True,0.0,1,Debit,False,54424,687,20,92199
1003,24161,2635.41798,1512.21798,2635.41798,1573.0,2538.59112,1443.4711200000002,2538.59112,1575.0,2644.01748,1502.81748,2644.01748,1637.0,True,False,21000.0,1,Credit,False,80526,632,51,117380
1007,24146,0.0,0.0,0.0,0.0,0.0,0.0,0.0,0.0,0.0,0.0,0.0,0.0,True,False,9200.0,1,Credit,False,54654,618,66,27241
1012,24161,105.136145,98.516145,105.136145,441.0,124.37671499999999,118.01671499999999,124.37671499999999,527.0,109.14905,102.25905,109.14905,463.0,False,True,0.0,1,Debit,False,32855,693,35,94228
1020,24122,386.52834,381.70834,386.52834,1648.0,364.41541,358.82541,364.41541,1546.0,361.33409,352.32409,361.33409,1540.0,False,True,0.0,1,Debit,False,54122,796,29,166903
1044,24127,0.0,0.0,0.0,0.0,0.0,0.0,0.0,0.0,0.0,0.0,0.0,0.0,False,True,0.0,1,Debit,False,45649,693,30,150985
1045,24142,0.0,0.0,0.0,0.0,0.0,0.0,0.0,0.0,0.0,0.0,0.0,0.0,False,False,0.0,1,Prepaid only,False,33778,757,27,10058
1047,24151,286.24010999999996,273.89011,286.24010999999996,1205.0,303.202935,291.70293499999997,303.202935,1268.0,279.37566499999997,268.295665,279.37566499999997,1173.0,False,True,0.0,1,Debit,False,53554,689,26,119852
1050,24126,334.740415,322.650415,402.561985,1752.0,320.450785,307.710785,427.65790999999996,1860.0,331.27225,321.47225,432.6826,1884.0,False,True,0.0,1,Debit,False,35938,670,43,47204
1056,24174,0.0,0.0,0.0,0.0,0.0,0.0,0.0,0.0,0.0,0.0,0.0,0.0,False,True,0.0,1,Debit,False,52036,703,24,26232
1057,24125,0.0,0.0,0.0,0.0,0.0,0.0,0.0,0.0,0.0,0.0,0.0,0.0,False,True,0.0,1,Debit,False,44958,787,39,91549
1059,24124,0.0,0.0,0.0,0.0,0.0,0.0,0.0,0.0,0.0,0.0,0.0,0.0,False,True,0.0,1,Debit,False,45560,644,50,79660
1062,24140,0.0,0.0,0.0,0.0,0.0,0.0,0.0,0.0,0.0,0.0,0.0,0.0,False,True,0.0,1,Debit,False,35274,708,58,35234
1071,24169,0.0,0.0,0.0,0.0,0.0,0.0,0.0,0.0,0.0,0.0,0.0,0.0,False,True,0.0,1,Debit,False,38363,838,26,63974
1085,24142,0.0,0.0,0.0,0.0,0.0,0.0,0.0,0.0,0.0,0.0,0.0,0.0,False,False,0.0,1,Prepaid only,False,74198,838,27,16084
1089,24126,26.91814,25.92814,47.59786,210.0,190.40534,183.78534,190.40534,797.0,197.47514999999999,190.28515,197.47514999999999,818.0,False,False,0.0,1,Prepaid only,False,51501,729,31,140481
1101,24186,0.0,0.0,0.0,0.0,0.0,0.0,0.0,0.0,0.0,0.0,0.0,0.0,False,True,0.0,1,Debit,False,28862,751,25,20944
1110,24209,0.0,0.0,0.0,0.0,0.0,0.0,0.0,0.0,,,,,True,False,14400.0,1,Credit,False,65909,673,21,181261
1118,24166,226.63232,224.94232,226.63232,862.0,224.49114,223.94114,224.49114,841.0,216.88272999999998,216.06273,216.88272999999998,829.0,False,True,0.0,1,Debit,False,83104,714,25,222502
1120,24122,0.0,0.0,0.0,0.0,0.0,0.0,0.0,0.0,0.0,0.0,0.0,0.0,True,False,21400.0,1,Credit,False,54981,737,44,121701
1122,24157,0.0,0.0,0.0,0.0,0.0,0.0,0.0,0.0,0.0,0.0,0.0,0.0,False,True,0.0,1,Debit,False,69706,785,33,97070
1125,24186,511.2457,483.9057,511.2457,672.0,592.8571549999999,564.797155,592.8571549999999,675.0,584.73005,557.90005,584.73005,701.0,False,True,0.0,1,Debit,True,64917,689,25,102747
1152,24157,0.0,0.0,0.0,0.0,0.0,0.0,0.0,0.0,0.0,0.0,0.0,0.0,True,False,7200.0,1,Credit,False,35538,747,43,71591
1158,24158,0.0,0.0,0.0,0.0,0.0,0.0,0.0,0.0,0.0,0.0,0.0,0.0,False,True,0.0,1,Debit,False,33112,716,62,56040
1165,24129,0.0,0.0,0.0,0.0,0.0,0.0,0.0,0.0,0.0,0.0,0.0,0.0,False,True,0.0,1,Debit,False,27572,797,55,59404
1180,24144,1144.64718,1100.72718,1144.64718,1195.0,1208.23686,1155.31686,1208.23686,1273.0,1178.55612,1111.23612,1178.55612,1248.0,True,False,11200.0,1,Credit,False,35940,595,28,54354
1182,24132,0.0,0.0,0.0,0.0,0.0,0.0,0.0,0.0,0.0,0.0,0.0,0.0,False,True,0.0,1,Debit,False,38153,658,30,92466
1192,24122,181.45102,175.12102,181.45102,817.0,161.28986,155.90985999999998,161.28986,728.0,148.63491499999998,143.074915,148.63491499999998,674.0,False,True,0.0,1,Debit,False,40026,768,44,70877
1200,24153,0.0,0.0,0.0,0.0,0.0,0.0,0.0,0.0,0.0,0.0,0.0,0.0,True,False,6000.0,1,Credit,False,24420,685,64,14460
1219,24126,230.22964499999998,218.799645,230.22964499999998,938.0,218.574805,205.974805,218.574805,885.0,411.35831,384.21831,411.35831,1016.0,False,True,0.0,1,Debit,False,58105,688,28,70254
1233,24141,0.0,0.0,0.0,0.0,0.0,0.0,0.0,0.0,0.0,0.0,0.0,0.0,True,False,11000.0,1,Credit,False,37843,697,35,40003
1260,24168,404.25764,363.21764,404.25764,637.0,438.86516,388.46515999999997,438.86516,682.0,450.46274,414.82274,450.46274,685.0,True,False,0.0,1,Credit,False,42806,712,28,49194
1277,24153,0.0,0.0,0.0,0.0,0.0,0.0,0.0,0.0,0.0,0.0,0.0,0.0,True,False,19800.0,1,Credit,False,51848,692,33,86951
1280,24192,95.0,95.0,95.0,0.0,95.0,95.0,95.0,0.0,95.0,95.0,95.0,0.0,True,False,6000.0,1,Credit,False,32676,641,28,88515
1282,24141,196.855045,190.655045,196.855045,851.0,195.38368,188.991945,195.38368,839.0,201.770745,194.04074500000002,201.770745,878.0,False,True,0.0,1,Debit,False,41249,695,34,42268
1289,24131,0.0,0.0,71.79091,333.0,0.0,0.0,79.077355,367.0,0.0,0.0,74.081755,344.0,False,False,0.0,1,Prepaid only,False,42808,758,33,117011
1293,24154,553.985895,547.995895,553.985895,2348.0,559.763075,556.093075,559.763075,2361.0,562.12144,557.41144,562.12144,2382.0,False,True,0.0,1,Debit,False,49374,706,32,108192
1297,24122,0.0,0.0,0.0,0.0,0.0,0.0,0.0,0.0,0.0,0.0,0.0,0.0,False,True,0.0,1,Debit,True,38371,703,58,50530
1298,24122,179.250945,161.050945,179.250945,551.0,290.424695,245.134695,290.424695,706.0,250.644355,221.924355,250.644355,600.0,False,True,0.0,1,Debit,True,25603,729,32,26348
1301,24161,219.5314,204.4914,219.5314,943.0,264.458595,254.01859499999998,264.458595,1150.0,295.11199999999997,279.032,295.11199999999997,1287.0,False,True,0.0,1,Debit,False,61850,728,26,81158
1311,24134,0.0,0.0,0.0,0.0,0.0,0.0,0.0,0.0,0.0,0.0,0.0,0.0,True,False,14000.0,1,Credit,False,43264,729,27,89798
1316,24169,0.0,0.0,0.0,0.0,0.0,0.0,0.0,0.0,0.0,0.0,0.0,0.0,True,False,4700.0,1,Credit,False,33266,693,27,0
1328,24158,0.0,0.0,0.0,0.0,0.0,0.0,0.0,0.0,0.0,0.0,0.0,0.0,True,False,1000.0,1,Credit,False,84987,600,28,162718
1329,24173,0.0,0.0,0.0,0.0,0.0,0.0,0.0,0.0,0.0,0.0,0.0,0.0,False,True,0.0,1,Debit,False,28011,720,24,20196
1335,24156,238.45450499999998,225.434505,238.45450499999998,967.0,230.64079999999998,217.5708,280.70581,1163.0,255.525585,242.035585,306.43835,1258.0,False,True,0.0,1,Debit,False,97845,836,51,255288
1342,24134,0.0,0.0,0.0,0.0,0.0,0.0,0.0,0.0,0.0,0.0,0.0,0.0,False,False,0.0,1,Prepaid only,False,40744,717,27,50803
1343,24199,95.0,95.0,95.0,0.0,95.0,95.0,95.0,0.0,95.0,95.0,95.0,0.0,True,False,5300.0,1,Credit,False,24369,575,22,37437
1347,24138,650.37192,613.01192,650.37192,651.0,623.328245,582.3497050000001,623.328245,685.0,611.50679,576.2367899999999,611.50679,717.0,True,False,13100.0,1,Credit,False,55418,590,64,20950
1366,24157,631.33524,616.21524,631.33524,926.0,659.64222,649.56222,659.64222,936.0,678.68802,662.84802,678.68802,960.0,True,False,12400.0,1,Credit,False,40000,767,25,127951
1368,24129,0.0,0.0,0.0,0.0,0.0,0.0,0.0,0.0,0.0,0.0,0.0,0.0,False,True,0.0,1,Debit,False,44976,717,29,80109
1372,24124,0.0,0.0,0.0,0.0,0.0,0.0,0.0,0.0,0.0,0.0,0.0,0.0,False,True,0.0,1,Debit,False,28215,697,76,18116
1394,24126,275.319445,272.099445,275.319445,1188.0,284.315245,282.125245,284.315245,1228.0,303.40197,300.92197,303.40197,1310.0,False,True,0.0,1,Debit,False,57853,558,30,131828
1399,24223,0.0,0.0,0.0,0.0,,,,,,,,,False,True,0.0,1,Debit,False,40314,707,28,131348
1402,24145,0.0,0.0,0.0,0.0,0.0,0.0,0.0,0.0,0.0,0.0,0.0,0.0,True,False,25300.0,1,Credit,False,96574,590,35,265319
1415,24225,0.0,0.0,0.0,0.0,,,,,,,,,True,False,6400.0,1,Credit,False,45021,689,28,77559
1421,24150,83.23482,83.23482,103.200315,431.0,62.48801,62.48801,95.17122,398.0,72.08611,72.08611,104.22441,438.0,False,True,0.0,1,Debit,False,32985,740,30,32764
1427,24127,210.64827499999998,203.538275,210.64827499999998,856.0,211.68982499999998,204.809825,211.68982499999998,854.0,201.31885499999999,193.838855,201.31885499999999,823.0,False,True,0.0,1,Debit,False,100880,770,34,210445
1429,24150,195.250585,179.650585,195.250585,843.0,236.77121499999998,222.4041,236.77121499999998,1034.0,252.71107999999998,238.18108,252.71107999999998,1111.0,False,True,0.0,1,Debit,False,33556,799,62,10619
1439,24121,194.47593999999998,178.48594,194.47593999999998,883.0,193.963125,185.163125,193.963125,887.0,180.092075,166.402075,180.092075,821.0,False,True,0.0,1,Debit,False,29371,715,28,32300
1442,24124,301.54116,288.18116,301.54116,1290.0,277.207535,269.137535,277.207535,1186.0,288.941845,276.841845,288.941845,1233.0,False,True,0.0,1,Debit,False,30432,624,41,101847
1446,24139,141.04924499999998,141.04924499999998,141.04924499999998,618.0,129.84786499999998,129.84786499999998,129.84786499999998,567.0,135.482655,135.482655,135.482655,592.0,False,True,0.0,1,Debit,False,28163,689,28,50872
1467,24150,297.952865,286.012865,297.952865,1284.0,277.39519,269.44518999999997,277.39519,1201.0,293.11136,282.16136,293.11136,1272.0,False,True,0.0,1,Debit,False,53254,736,26,131334
1471,24137,648.1638,643.4838,648.1638,811.0,640.55646,636.95646,640.55646,807.0,720.8022599999999,716.48226,720.8022599999999,913.0,True,False,7900.0,1,Credit,False,21876,786,31,20169
1476,24133,95.0,95.0,95.0,0.0,95.0,95.0,95.0,0.0,95.0,95.0,95.0,0.0,True,False,10400.0,1,Credit,False,44688,716,29,88092
1478,24122,219.39314,213.29314,219.39314,781.0,548.136635,529.666635,548.136635,860.0,595.275335,571.425335,595.275335,882.0,False,True,0.0,1,Debit,True,44506,849,39,57994
1480,24209,0.0,0.0,0.0,0.0,0.0,0.0,0.0,0.0,,,,,True,False,7100.0,1,Credit,False,49756,705,49,70744
1482,24122,240.88108499999998,239.071085,240.88108499999998,990.0,253.76628,253.02627999999999,253.76628,1056.0,256.19507,254.62507,256.19507,1069.0,False,True,0.0,1,Debit,False,89152,675,54,162012
1486,24128,303.48738,271.08738,303.48738,662.0,284.10858,259.13592,284.10858,604.0,295.04664,252.20664,295.04664,642.0,True,False,9600.0,1,Credit,False,23307,789,39,31064
1493,24126,1144.89504,390.69504,1144.89504,709.0,1113.04188,373.96188000000006,1113.04188,691.0,1163.7493200000001,442.66932,1163.7493200000001,766.0,True,False,14400.0,1,Credit,False,54537,765,30,121987
1494,24174,171.98653,171.98653,171.98653,573.0,273.311,273.311,273.311,708.0,280.542335,280.542335,280.542335,682.0,False,True,0.0,1,Debit,True,28931,711,26,34511
1499,24151,436.19486,436.19486,436.19486,414.0,439.97702,439.97702,439.97702,413.0,487.35805999999997,487.35805999999997,487.35805999999997,393.0,True,False,23700.0,1,Credit,False,41287,662,46,88151
1510,24122,722.4955199999999,722.4955199999999,722.4955199999999,501.0,760.34772,760.34772,760.34772,566.0,706.90608,706.90608,706.90608,416.0,True,False,11400.0,1,Credit,True,50658,764,32,72806
1522,24130,0.0,0.0,0.0,0.0,0.0,0.0,0.0,0.0,0.0,0.0,0.0,0.0,True,False,21900.0,1,Credit,False,31828,593,88,3777
1527,24207,764.2872,764.2872,764.2872,877.0,711.5886,711.5886,711.5886,751.0,,,,,True,False,7100.0,1,Credit,False,50523,578,66,98763
1544,24161,284.08572499999997,282.165725,284.08572499999997,1187.0,289.09749,285.71749,289.09749,1210.0,500.55619666666666,497.5861966666667,500.55619666666666,1181.0,False,True,0.0,1,Debit,False,33339,679,36,83353
1547,24222,0.0,0.0,0.0,0.0,,,,,,,,,False,False,0.0,1,Prepaid only,False,40035,684,28,69241
1552,24122,158.412905,151.99290499999998,158.412905,627.0,166.626905,161.17690499999998,166.626905,658.0,161.53605,154.86605,161.53605,634.0,False,True,0.0,1,Debit,False,45450,686,62,85218
1554,24190,0.0,0.0,0.0,0.0,0.0,0.0,0.0,0.0,0.0,0.0,0.0,0.0,True,False,11300.0,1,Credit,False,51802,696,49,91118
1555,24144,0.0,0.0,41.27419,183.0,0.0,0.0,45.047945,200.0,0.0,0.0,37.422354999999996,166.0,False,False,0.0,1,Prepaid only,False,39708,717,28,113715
1578,24164,0.0,0.0,0.0,0.0,0.0,0.0,0.0,0.0,0.0,0.0,0.0,0.0,True,False,6800.0,1,Credit,False,33291,714,86,695
1582,24192,250.84099,241.16099,250.84099,1050.0,257.05633,247.19633,257.05633,1075.0,238.161465,233.08146499999998,238.161465,1001.0,False,True,0.0,1,Debit,False,59479,688,23,69645
1584,24144,117.26351,116.52350999999999,117.26351,496.0,128.055125,127.575125,128.055125,548.0,122.200075,121.730075,122.200075,521.0,False,True,0.0,1,Debit,False,46733,692,27,34333
1585,24160,356.704745,351.644745,356.704745,1553.0,374.914455,367.30445499999996,374.914455,1641.0,399.205225,393.135225,399.205225,1751.0,False,True,0.0,1,Debit,False,42229,688,35,0
1587,24125,2325.1577,2311.1177000000002,2325.1577,1108.0,2193.8748800000003,2187.03488,2193.8748800000003,1076.0,1598.872705,1590.592705,1598.872705,1141.0,True,False,30900.0,1,Credit,False,82019,695,31,64583
1589,24169,113.83251,98.08251,113.83251,488.0,114.97145499999999,98.25145499999999,114.97145499999999,494.0,106.34493,94.72493,106.34493,457.0,False,True,0.0,1,Debit,False,27494,702,39,44258
1602,24133,388.52189999999996,377.0019,388.52189999999996,386.0,377.0109,363.3309,377.0109,388.0,393.89238,373.01238,393.89238,384.0,True,False,6600.0,1,Credit,False,29864,717,41,44902
1639,24122,294.744485,195.82448499999998,294.744485,1165.0,290.67957,193.68956999999997,290.67957,1145.0,295.56257,196.207295,295.56257,1167.0,False,True,0.0,1,Debit,False,49595,676,58,68057
1641,24207,0.0,0.0,0.0,0.0,0.0,0.0,0.0,0.0,,,,,True,False,1900.0,1,Credit,False,51998,640,30,73575
1652,24136,172.877265,162.547265,172.877265,748.0,186.04218,172.52218,186.04218,810.0,184.13349,169.99349,184.13349,806.0,False,True,0.0,1,Debit,False,42749,728,51,53471
1653,24140,0.0,0.0,0.0,0.0,0.0,0.0,0.0,0.0,0.0,0.0,0.0,0.0,False,True,0.0,1,Debit,False,59663,681,42,89579
1655,24122,0.0,0.0,0.0,0.0,0.0,0.0,0.0,0.0,0.0,0.0,0.0,0.0,True,False,8400.0,1,Credit,False,34856,830,57,127313
1656,24188,153.76638,148.97638,153.76638,680.0,143.869695,137.309695,143.869695,629.0,145.22251,138.98251,145.22251,647.0,False,True,0.0,1,Debit,False,41141,706,35,81016
1672,24151,0.0,0.0,167.59228,772.0,0.0,0.0,171.907355,793.0,0.0,0.0,172.915425,797.0,False,False,0.0,1,Prepaid only,False,74644,792,28,204251
1680,24214,208.114545,205.644545,208.114545,898.0,190.426345,186.956345,190.426345,831.0,,,,,False,True,0.0,1,Debit,False,58959,598,59,109358
1685,24122,130.531305,126.141305,138.406635,583.0,135.35038,131.17038,167.53516,716.0,131.885785,129.825785,168.114525,719.0,False,True,0.0,1,Debit,False,74012,681,53,93119
1688,24225,0.0,0.0,0.0,0.0,,,,,,,,,False,True,0.0,1,Debit,False,33641,743,27,40696
1689,24216,0.0,0.0,0.0,0.0,,,,,,,,,False,True,0.0,1,Debit,False,61746,637,21,154817
1698,24131,0.0,0.0,0.0,0.0,0.0,0.0,0.0,0.0,0.0,0.0,0.0,0.0,False,True,0.0,1,Debit,False,67976,747,32,105337
1704,24140,0.0,0.0,0.0,0.0,0.0,0.0,0.0,0.0,0.0,0.0,0.0,0.0,False,True,0.0,1,Debit,False,63760,716,27,151177
1706,24176,95.0,95.0,95.0,0.0,95.0,95.0,95.0,0.0,95.0,95.0,95.0,0.0,True,False,10600.0,1,Credit,False,26839,805,24,70077
1707,24129,0.0,0.0,0.0,0.0,0.0,0.0,0.0,0.0,0.0,0.0,0.0,0.0,False,True,0.0,1,Debit,False,35194,620,28,56006
1717,24124,418.73924,343.06924,418.73924,1770.0,436.06501999999995,352.67501999999996,436.06501999999995,1844.0,457.827075,368.077075,457.827075,1935.0,False,True,0.0,1,Debit,False,43070,726,67,14135
1722,24172,0.0,0.0,0.0,0.0,0.0,0.0,0.0,0.0,0.0,0.0,0.0,0.0,True,False,3900.0,1,Credit,False,24648,600,24,32962
1730,24133,215.410075,207.600075,215.410075,965.0,196.28060499999998,190.91060499999998,196.28060499999998,888.0,230.14887499999998,224.778875,230.14887499999998,1036.0,False,True,0.0,1,Debit,False,44128,739,52,148684
1734,24129,0.0,0.0,0.0,0.0,0.0,0.0,0.0,0.0,0.0,0.0,0.0,0.0,False,True,0.0,1,Debit,False,82637,739,37,84762
1748,24128,0.0,0.0,0.0,0.0,0.0,0.0,0.0,0.0,0.0,0.0,0.0,0.0,False,True,0.0,1,Debit,False,54659,628,44,73363
1753,24131,182.613475,176.383475,182.613475,770.0,198.121625,190.545525,198.121625,850.0,195.55273499999998,189.572735,195.55273499999998,827.0,False,True,0.0,1,Debit,False,45476,506,46,67636
1762,24183,655.17732,650.13732,655.17732,751.0,676.38204,664.14204,676.38204,765.0,633.69612,616.41612,633.69612,764.0,True,False,18400.0,1,Credit,False,63583,635,29,200435
1770,24144,288.83343,275.91343,288.83343,965.0,467.98923,427.29922999999997,467.98923,1108.0,512.20274,482.47274,512.20274,1101.0,False,True,0.0,1,Debit,True,37544,703,30,15489
1775,24181,613.470045,603.5800449999999,613.470045,2647.0,610.899,601.3489999999999,610.899,2637.0,603.9525649999999,589.692565,603.9525649999999,2609.0,False,True,0.0,1,Debit,False,37968,788,26,55982
1779,24122,238.17798,227.92798,238.17798,1050.0,249.881865,237.901865,249.881865,1109.0,236.72608499999998,226.486085,236.72608499999998,1052.0,False,True,0.0,1,Debit,False,32125,733,30,58712
1780,24204,0.0,0.0,0.0,0.0,0.0,0.0,0.0,0.0,,,,,True,False,700.0,1,Credit,False,38054,666,46,63293
1793,24133,0.0,0.0,73.472245,330.0,0.0,0.0,68.468905,308.0,0.0,0.0,71.896335,323.0,False,False,0.0,1,Prepaid only,False,29297,825,37,36303
1794,24130,217.731935,202.511935,217.731935,918.0,221.61345,205.12345,221.61345,931.0,226.54661,210.63661,226.54661,948.0,False,True,0.0,1,Debit,False,75137,631,49,175263
1824,24203,0.0,0.0,0.0,0.0,0.0,0.0,0.0,0.0,0.0,0.0,0.0,0.0,False,True,0.0,1,Debit,False,50433,838,23,97029
1828,24137,0.0,0.0,0.0,0.0,0.0,0.0,0.0,0.0,0.0,0.0,0.0,0.0,False,True,0.0,1,Debit,False,2466,711,50,5521
1829,24193,0.0,0.0,0.0,0.0,0.0,0.0,0.0,0.0,0.0,0.0,0.0,0.0,False,True,0.0,1,Debit,False,44204,710,25,59310
1833,24183,104.765565,100.00556499999999,104.765565,446.0,48.263259999999995,46.39326,48.263259999999995,209.0,238.78334,228.19333999999998,238.78334,1026.0,False,True,0.0,1,Debit,False,35026,743,27,11468
1837,24121,181.510835,169.040835,181.510835,778.0,182.933215,170.413215,182.933215,791.0,188.84644,175.14643999999998,188.84644,815.0,False,True,0.0,1,Debit,False,24947,766,66,1767
1841,24206,0.0,0.0,0.0,0.0,0.0,0.0,0.0,0.0,,,,,False,True,0.0,1,Debit,False,40381,730,28,63008
1854,24162,1391.21712,1327.1371199999999,1391.21712,980.0,835.497285,794.697285,835.497285,962.0,847.243415,817.913415,847.243415,967.0,True,False,7200.0,1,Credit,False,48337,625,48,70603
1862,24199,599.99058,531.59058,599.99058,1309.0,573.86142,517.70142,573.86142,1266.0,670.07574,609.2357400000001,670.07574,1330.0,True,False,10200.0,1,Credit,False,37864,686,25,57052
1890,24209,0.0,0.0,0.0,0.0,0.0,0.0,0.0,0.0,,,,,False,True,0.0,1,Debit,False,32024,754,29,69171
1924,24226,0.0,0.0,0.0,0.0,,,,,,,,,True,False,5200.0,1,Credit,False,38190,652,47,81968
1927,24143,0.0,0.0,0.0,0.0,0.0,0.0,0.0,0.0,0.0,0.0,0.0,0.0,False,True,0.0,1,Debit,False,35199,739,28,68569
1930,24171,0.0,0.0,0.0,0.0,0.0,0.0,0.0,0.0,0.0,0.0,0.0,0.0,False,True,0.0,1,Debit,False,44470,721,26,66413
1954,24157,234.978425,183.278425,234.978425,948.0,799.7292,519.2892,799.7292,573.0,2337.1263,1523.8863,2337.1263,1685.0,False,True,0.0,1,Debit,False,48406,683,47,80441
1974,24123,0.0,0.0,0.0,0.0,0.0,0.0,0.0,0.0,0.0,0.0,0.0,0.0,False,True,0.0,1,Debit,False,31792,647,74,28723
1982,24126,0.0,0.0,0.0,0.0,0.0,0.0,0.0,0.0,0.0,0.0,0.0,0.0,False,True,0.0,1,Debit,False,69412,699,30,64273
1994,24132,651.374555,619.334555,686.1946849999999,817.0,635.66875,620.34875,708.1525750000001,1065.0,546.8258000000001,533.6558,596.69939,979.0,True,False,21600.0,1,Credit,False,78180,740,48,102759
