segment,year,n,mean,ci_low,ci_high,n_all,mean_missing_as_zero
Premium credit,y1,26,946.8652357692307,764.7663760480767,1162.8067950769228,47,523.79779
Premium credit,y2,26,926.2679288461538,764.0303649807694,1125.0170742884611,45,535.1770255555556
Premium credit,y3,25,870.5603744000001,700.6978623150001,1080.3820058299998,42,518.1906990476191
Premium credit,cum3,25,2759.5445288,2236.35498559,3412.4760085149996,42,1642.5860290476194
Core credit,y1,22,559.2948802272728,463.42206906818177,672.0388976249998,56,219.7229886607143
Core credit,y2,22,535.5059129545454,462.79732513068177,611.6024973409088,51,231.00255068627447
Core credit,y3,21,524.1870014285715,450.05868123809523,603.2786157976191,46,239.30276152173914
Core credit,cum3,21,1600.8413657142855,1367.2149896309522,1846.8062801428578,46,730.8188843478262
Debit,y1,83,232.7621185542169,211.58903195933735,256.52122849096384,161,119.99537788819875
Debit,y2,83,261.4202828915663,232.6861207243976,295.81426752259034,156,139.08899666666667
Debit,y3,82,297.3377422154472,248.46013852642275,362.0487610579267,149,163.63553598434004
Debit,cum3,82,792.6865035569105,698.6534031011179,899.2108005975609,149,436.2435791387025
Prepaid,y1,7,89.5285142857143,60.46417785714284,120.89391026785712,18,34.81664444444445
Prepaid,y2,7,118.79005,79.58501728571427,156.98795071428563,14,59.395025
Prepaid,y3,7,121.37060357142859,79.14196064285713,165.56595357142857,14,60.685301785714294
Prepaid,cum3,7,329.6891678571429,229.9144457142857,431.7382705178571,14,164.84458392857144
