segment,annual_churn_pct,three_year_value
Premium credit,0.0,2759.5445288
Premium credit,5.0,2627.9398391160003
Premium credit,10.0,2500.6879513040003
Premium credit,15.0,2377.7888653640002
Core credit,0.0,1600.8413657142855
Core credit,5.0,1523.377081920238
Core credit,10.0,1448.5337331333333
Core credit,15.0,1376.3113193535714
Debit,0.0,792.6865035569107
Debit,5.0,750.581770559807
Debit,10.0,709.9637262737806
Debit,15.0,670.8323706988313
Prepaid,0.0,329.6891678571429
Prepaid,5.0,311.91603150892854
Prepaid,10.0,294.74974817857145
Prepaid,15.0,278.19031786607144
