period,acquisition,channel,last,first,linear,any
2016-19,False,affiliate,3.0,43.0,14.1,47.0
2016-19,False,apple_search_ads,3.0,16.0,6.7,17.0
2016-19,False,direct,103.0,28.0,72.3,210.0
2016-19,False,email_lifecycle,0.0,24.0,9.8,26.0
2016-19,False,microsoft_ads,6.0,18.0,14.1,56.0
2016-19,False,organic_search,25.0,47.0,39.1,132.0
2016-19,False,paid_search_brand,171.0,44.0,105.2,263.0
2016-19,False,paid_search_nonbrand,16.0,34.0,26.8,101.0
2016-19,False,paid_social_meta,21.0,63.0,48.4,162.0
2016-19,False,paid_social_reddit,2.0,21.0,10.6,38.0
2016-19,False,referral,2.0,14.0,4.8,14.0
2016-19,True,affiliate,1.0,13.0,4.4,13.0
2016-19,True,apple_search_ads,0.0,6.0,1.7,6.0
2016-19,True,direct,22.0,1.0,11.0,29.0
2016-19,True,microsoft_ads,1.0,7.0,3.4,14.0
2016-19,True,organic_search,6.0,9.0,7.6,20.0
2016-19,True,paid_search_brand,19.0,8.0,14.5,36.0
2016-19,True,paid_search_nonbrand,2.0,2.0,3.6,15.0
2016-19,True,paid_social_meta,5.0,8.0,8.6,24.0
2016-19,True,paid_social_reddit,0.0,1.0,1.0,3.0
2016-19,True,referral,0.0,1.0,0.3,1.0
2020,False,affiliate,10.0,91.0,37.2,133.0
2020,False,apple_search_ads,2.0,22.0,8.5,37.0
2020,False,direct,200.0,75.0,145.4,418.0
2020,False,email_lifecycle,70.0,175.0,114.7,260.0
2020,False,microsoft_ads,20.0,51.0,32.1,131.0
2020,False,organic_search,36.0,55.0,51.1,209.0
2020,False,paid_search_brand,313.0,123.0,216.0,528.0
2020,False,paid_search_nonbrand,39.0,56.0,53.9,208.0
2020,False,paid_social_meta,45.0,74.0,70.4,257.0
2020,False,paid_social_reddit,11.0,23.0,16.6,76.0
2020,False,referral,2.0,3.0,2.2,9.0
2020,True,affiliate,11.0,81.0,30.9,112.0
2020,True,apple_search_ads,1.0,21.0,6.6,33.0
2020,True,direct,117.0,27.0,77.7,255.0
2020,True,microsoft_ads,9.0,31.0,19.3,89.0
2020,True,organic_search,28.0,48.0,40.0,161.0
2020,True,paid_search_brand,161.0,46.0,108.1,289.0
2020,True,paid_search_nonbrand,21.0,55.0,37.0,156.0
2020,True,paid_social_meta,31.0,62.0,54.7,202.0
2020,True,paid_social_reddit,6.0,13.0,10.4,48.0
2020,True,referral,0.0,1.0,0.3,2.0
