month,channel,spend,impressions,clicks,platform_reported_conversions,touches,distinct_clients
2016-01,affiliate,,,,,2,2
2016-01,apple_search_ads,9270.12,772482.0,31750.0,0.0,2759,1
2016-01,direct,,,,,10,6
2016-01,microsoft_ads,6980.48,775584.0,21280.0,6.5,3729,3
2016-01,organic_search,,,,,3,3
2016-01,paid_search_brand,12586.62,899016.0,49742.0,1.0,7502,11
2016-01,paid_search_nonbrand,18751.47,1704639.0,54561.0,0.99,6178,6
2016-01,paid_social_meta,23564.91,2772306.0,39222.0,1.2,7954,6
2016-01,paid_social_reddit,5601.94,1018508.0,9188.0,1.0,2385,3
2016-02,affiliate,,,,,1,1
2016-02,apple_search_ads,9122.58,760190.0,30854.0,1.0,2719,0
2016-02,direct,,,,,6,5
2016-02,email_lifecycle,,,,,2,1
2016-02,microsoft_ads,6804.86,756062.0,21164.0,0.0,3609,1
2016-02,organic_search,,,,,5,4
2016-02,paid_search_brand,11842.2,845846.0,45336.0,0.0,7169,10
2016-02,paid_search_nonbrand,17757.93,1614309.0,52104.0,0.99,5858,1
2016-02,paid_social_meta,22478.64,2644515.0,36744.0,1.2,7593,4
2016-02,paid_social_reddit,5663.7,1029720.0,9188.0,1.0,2308,1
2016-02,referral,,,,,1,1
2016-03,affiliate,,,,,2,2
2016-03,apple_search_ads,9938.26,828158.0,33582.0,0.0,2813,0
2016-03,direct,,,,,6,5
2016-03,email_lifecycle,,,,,4,3
2016-03,microsoft_ads,7733.4,859234.0,24166.0,6.5,3785,4
2016-03,organic_search,,,,,4,4
2016-03,paid_search_brand,13888.76,992024.0,55014.0,3.0,7712,7
2016-03,paid_search_nonbrand,20010.57,1819101.0,57888.0,0.99,6186,4
2016-03,paid_social_meta,25145.34,2958240.0,41388.0,0.0,7940,7
2016-03,paid_social_reddit,6118.38,1112400.0,9980.0,0.0,2394,0
2016-04,apple_search_ads,9911.94,825968.0,34040.0,0.0,2794,0
2016-04,direct,,,,,13,11
2016-04,email_lifecycle,,,,,7,5
2016-04,microsoft_ads,7731.8,859054.0,24014.0,13.0,3629,2
2016-04,organic_search,,,,,3,2
2016-04,paid_search_brand,13513.14,965194.0,52720.0,0.0,7240,9
2016-04,paid_search_nonbrand,19934.64,1812198.0,58119.0,0.99,5899,6
2016-04,paid_social_meta,25221.81,2967237.0,41040.0,6.0,7682,8
2016-04,paid_social_reddit,6253.8,1137028.0,10364.0,0.0,2335,1
2016-04,referral,,,,,1,1
2016-05,affiliate,,,,,4,4
2016-05,apple_search_ads,10800.54,900008.0,36598.0,1.0,2728,1
2016-05,direct,,,,,17,13
2016-05,email_lifecycle,,,,,11,9
2016-05,microsoft_ads,8616.34,957350.0,26476.0,0.0,3736,5
2016-05,organic_search,,,,,9,8
2016-05,paid_search_brand,14529.28,1037774.0,57012.0,2.0,7640,19
2016-05,paid_search_nonbrand,21431.01,1948233.0,61542.0,3.96,6173,6
2016-05,paid_social_meta,27186.78,3198402.0,44697.0,6.0,8054,7
2016-05,paid_social_reddit,6790.54,1234610.0,11130.0,1.0,2376,3
2016-05,referral,,,,,1,1
2016-06,affiliate,,,,,1,1
2016-06,apple_search_ads,10804.94,900376.0,36736.0,0.0,2830,0
2016-06,direct,,,,,10,9
2016-06,email_lifecycle,,,,,19,15
2016-06,microsoft_ads,8525.86,947296.0,27276.0,6.5,3663,2
2016-06,organic_search,,,,,6,6
2016-06,paid_search_brand,14562.94,1040188.0,57170.0,1.0,7352,8
2016-06,paid_search_nonbrand,21648.99,1968039.0,62985.0,0.99,5901,1
2016-06,paid_social_meta,28808.4,3389166.0,47295.0,3.6,7642,6
2016-06,paid_social_reddit,6586.4,1197496.0,10878.0,0.0,2337,0
2016-07,apple_search_ads,11471.34,955918.0,38698.0,0.0,2773,1
2016-07,direct,,,,,6,5
2016-07,email_lifecycle,,,,,15,13
2016-07,microsoft_ads,8896.22,988440.0,27676.0,0.0,3830,1
2016-07,organic_search,,,,,7,4
2016-07,paid_search_brand,15786.96,1127612.0,62418.0,0.0,7469,3
2016-07,paid_search_nonbrand,23682.27,2152887.0,68601.0,0.99,5981,2
2016-07,paid_social_meta,28416.27,3343041.0,46995.0,3.6,7989,2
2016-07,paid_social_reddit,7082.86,1287768.0,11322.0,1.0,2403,0
2016-07,referral,,,,,1,1
2016-08,affiliate,,,,,2,2
2016-08,apple_search_ads,12511.9,1042634.0,43188.0,1.0,2829,0
2016-08,direct,,,,,5,5
2016-08,email_lifecycle,,,,,7,7
2016-08,microsoft_ads,9899.8,1099942.0,30928.0,0.0,3790,3
2016-08,organic_search,,,,,7,6
2016-08,paid_search_brand,16316.7,1165440.0,63300.0,3.0,7476,9
2016-08,paid_search_nonbrand,24447.51,2222463.0,70896.0,0.0,6096,2
2016-08,paid_social_meta,31054.98,3653490.0,50691.0,0.0,8045,7
2016-08,paid_social_reddit,7461.34,1356570.0,12080.0,0.0,2444,2
2016-08,referral,,,,,2,2
2016-09,affiliate,,,,,1,1
2016-09,apple_search_ads,12245.24,1020408.0,41696.0,0.0,2729,0
2016-09,direct,,,,,3,3
2016-09,email_lifecycle,,,,,20,17
2016-09,microsoft_ads,9083.52,1009250.0,28176.0,0.0,3614,0
2016-09,organic_search,,,,,7,7
2016-09,paid_search_brand,16424.5,1173146.0,63626.0,0.0,7437,8
2016-09,paid_search_nonbrand,23654.61,2150370.0,69201.0,0.0,5990,2
2016-09,paid_social_meta,30925.17,3638208.0,50628.0,1.2,7744,6
2016-09,paid_social_reddit,7579.48,1378048.0,12252.0,2.0,2263,0
2016-09,referral,,,,,1,1
2016-10,apple_search_ads,12730.84,1060866.0,43096.0,1.0,2843,3
2016-10,direct,,,,,8,6
2016-10,email_lifecycle,,,,,24,18
2016-10,microsoft_ads,9982.98,1109184.0,31108.0,0.0,3805,1
2016-10,organic_search,,,,,4,4
2016-10,paid_search_brand,17417.12,1244050.0,67150.0,0.0,7469,9
2016-10,paid_search_nonbrand,25384.77,2307651.0,75240.0,0.0,6078,2
2016-10,paid_social_meta,32943.9,3875709.0,53568.0,4.8,8069,5
2016-10,paid_social_reddit,7843.86,1426120.0,12964.0,0.0,2396,1
2016-10,referral,,,,,1,1
2016-11,apple_search_ads,12713.1,1059392.0,43206.0,1.0,2776,0
2016-11,direct,,,,,18,13
2016-11,email_lifecycle,,,,,13,12
2016-11,microsoft_ads,9981.12,1108982.0,30310.0,0.0,3580,1
2016-11,organic_search,,,,,4,3
2016-11,paid_search_brand,17690.64,1263594.0,69852.0,2.0,7337,13
2016-11,paid_search_nonbrand,25406.4,2309634.0,73398.0,0.99,5836,4
2016-11,paid_social_meta,32999.67,3882273.0,54447.0,1.2,7744,7
2016-11,paid_social_reddit,7813.4,1420596.0,12762.0,1.0,2298,1
2016-12,apple_search_ads,13522.92,1126880.0,46180.0,1.0,2876,0
2016-12,direct,,,,,8,6
2016-12,email_lifecycle,,,,,15,12
2016-12,microsoft_ads,10597.8,1177504.0,33172.0,6.5,3752,0
2016-12,organic_search,,,,,4,3
2016-12,paid_search_brand,18313.54,1308076.0,71846.0,2.0,7588,8
2016-12,paid_search_nonbrand,26580.42,2416350.0,77235.0,3.96,6136,6
2016-12,paid_social_meta,33952.53,3994362.0,55797.0,3.6,7952,1
2016-12,paid_social_reddit,8349.8,1518116.0,13594.0,0.0,2254,1
2017-01,apple_search_ads,13842.04,1153476.0,47950.0,0.0,2808,0
2017-01,direct,,,,,4,3
2017-01,email_lifecycle,,,,,19,15
2017-01,microsoft_ads,10858.72,1206484.0,34070.0,0.0,3804,2
2017-01,organic_search,,,,,4,4
2017-01,paid_search_brand,19048.42,1360574.0,74742.0,0.0,7483,5
2017-01,paid_search_nonbrand,28129.71,2557200.0,83010.0,0.0,6099,4
2017-01,paid_social_meta,35236.2,4145394.0,58068.0,2.4,8164,3
2017-01,paid_social_reddit,8506.24,1546554.0,14082.0,0.0,2358,0
2017-02,apple_search_ads,13400.8,1116702.0,46368.0,0.0,2590,1
2017-02,direct,,,,,8,6
2017-02,email_lifecycle,,,,,15,12
2017-02,microsoft_ads,10360.38,1151124.0,32082.0,0.0,3504,2
2017-02,organic_search,,,,,3,3
2017-02,paid_search_brand,17839.32,1274210.0,70152.0,2.0,6712,6
2017-02,paid_search_nonbrand,25740.81,2340027.0,73425.0,0.99,5501,1
2017-02,paid_social_meta,33909.45,3989313.0,56427.0,3.6,7204,3
2017-02,paid_social_reddit,8017.48,1457696.0,12936.0,0.0,2145,2
2017-03,apple_search_ads,15011.16,1250898.0,51532.0,0.0,2722,0
2017-03,direct,,,,,9,6
2017-03,email_lifecycle,,,,,12,11
2017-03,microsoft_ads,11445.12,1271650.0,36332.0,0.0,3831,1
2017-03,organic_search,,,,,3,3
2017-03,paid_search_brand,20052.96,1432332.0,80476.0,2.0,7485,11
2017-03,paid_search_nonbrand,29013.48,2637546.0,83415.0,0.99,6119,2
2017-03,paid_social_meta,37643.13,4428552.0,62451.0,2.4,7890,7
2017-03,paid_social_reddit,9002.74,1636820.0,14784.0,1.0,2349,0
2017-04,apple_search_ads,14685.94,1223798.0,50218.0,1.0,2757,2
2017-04,direct,,,,,12,7
2017-04,email_lifecycle,,,,,14,13
2017-04,microsoft_ads,11451.5,1272366.0,35176.0,6.5,3655,0
2017-04,organic_search,,,,,3,2
2017-04,paid_search_brand,19428.6,1387728.0,74574.0,0.0,7365,7
2017-04,paid_search_nonbrand,28404.36,2582151.0,83331.0,0.99,5930,2
2017-04,paid_social_meta,36817.26,4331388.0,59181.0,1.2,7718,5
2017-04,paid_social_reddit,8944.42,1626224.0,14502.0,1.0,2264,3
2017-04,referral,,,,,1,1
2017-05,affiliate,,,,,3,3
2017-05,apple_search_ads,15680.2,1306652.0,53638.0,3.0,2834,1
2017-05,direct,,,,,8,7
2017-05,email_lifecycle,,,,,15,13
2017-05,microsoft_ads,12275.68,1363938.0,37788.0,0.0,3799,2
2017-05,organic_search,,,,,1,1
2017-05,paid_search_brand,21638.78,1545602.0,84286.0,1.0,7556,11
2017-05,paid_search_nonbrand,30684.66,2789469.0,89139.0,0.0,6190,5
2017-05,paid_social_meta,39639.03,4663377.0,64914.0,1.2,7992,2
2017-05,paid_social_reddit,9776.34,1777494.0,16000.0,2.0,2402,2
2017-06,apple_search_ads,15384.22,1281992.0,52630.0,0.0,2734,1
2017-06,direct,,,,,10,9
2017-06,email_lifecycle,,,,,17,14
2017-06,microsoft_ads,11964.1,1329328.0,37238.0,0.0,3668,2
2017-06,organic_search,,,,,7,6
2017-06,paid_search_brand,21161.18,1511484.0,82270.0,3.0,7274,14
2017-06,paid_search_nonbrand,30678.33,2788899.0,88167.0,0.0,5826,4
2017-06,paid_social_meta,38058.0,4477371.0,63390.0,1.2,7760,3
2017-06,paid_social_reddit,9420.04,1712708.0,15436.0,2.0,2307,2
2017-06,referral,,,,,1,1
2017-07,apple_search_ads,15890.64,1324186.0,54768.0,1.0,2868,0
2017-07,direct,,,,,4,4
2017-07,email_lifecycle,,,,,15,14
2017-07,microsoft_ads,12648.06,1405310.0,40582.0,6.5,3734,3
2017-07,organic_search,,,,,2,2
2017-07,paid_search_brand,21714.04,1550970.0,85686.0,4.0,7624,10
2017-07,paid_search_nonbrand,32702.49,2972904.0,95406.0,1.98,6219,1
2017-07,paid_social_meta,41460.39,4877646.0,69126.0,2.4,7997,5
2017-07,paid_social_reddit,9889.96,1798142.0,16148.0,0.0,2407,0
2017-08,affiliate,,,,,3,3
2017-08,apple_search_ads,16749.36,1395734.0,57478.0,0.0,2753,0
2017-08,direct,,,,,4,4
2017-08,email_lifecycle,,,,,19,13
2017-08,microsoft_ads,13117.6,1457480.0,41094.0,6.5,3829,1
2017-08,organic_search,,,,,6,4
2017-08,paid_search_brand,22405.18,1600340.0,89200.0,3.0,7522,7
2017-08,paid_search_nonbrand,32492.79,2953851.0,93528.0,0.99,6159,1
2017-08,paid_social_meta,42254.55,4971084.0,68322.0,1.2,7870,5
2017-08,paid_social_reddit,10697.44,1944944.0,17504.0,0.0,2316,2
2017-09,affiliate,,,,,2,2
2017-09,apple_search_ads,16385.34,1365416.0,56676.0,0.0,2762,0
2017-09,direct,,,,,7,6
2017-09,email_lifecycle,,,,,19,15
2017-09,microsoft_ads,12841.68,1426828.0,40342.0,0.0,3662,1
2017-09,organic_search,,,,,3,3
2017-09,paid_search_brand,23296.62,1664016.0,90694.0,1.0,7393,9
2017-09,paid_search_nonbrand,31928.1,2902518.0,91950.0,0.0,5827,2
2017-09,paid_social_meta,41365.68,4866498.0,68223.0,6.0,7820,5
2017-09,paid_social_reddit,10184.42,1851686.0,16588.0,0.0,2277,0
2017-10,affiliate,,,,,1,1
2017-10,apple_search_ads,18085.84,1507120.0,61274.0,0.0,2740,1
2017-10,direct,,,,,11,6
2017-10,email_lifecycle,,,,,18,14
2017-10,microsoft_ads,14030.1,1558882.0,43780.0,0.0,3741,0
2017-10,organic_search,,,,,6,5
2017-10,paid_search_brand,23988.82,1713458.0,93540.0,3.0,7536,7
2017-10,paid_search_nonbrand,34292.61,3117459.0,99069.0,0.99,5969,3
2017-10,paid_social_meta,43558.53,5124486.0,70659.0,0.0,7931,4
2017-10,paid_social_reddit,10832.34,1969494.0,17648.0,0.0,2285,1
2017-11,affiliate,,,,,1,1
2017-11,apple_search_ads,17564.4,1463670.0,62256.0,1.0,2720,0
2017-11,direct,,,,,2,2
2017-11,email_lifecycle,,,,,11,9
2017-11,microsoft_ads,13480.38,1497792.0,42190.0,0.0,3676,0
2017-11,organic_search,,,,,2,2
2017-11,paid_search_brand,23744.98,1696042.0,92094.0,1.0,7241,4
2017-11,paid_search_nonbrand,34015.08,3092238.0,99501.0,0.0,5861,1
2017-11,paid_social_meta,44180.79,5197686.0,72981.0,0.0,7673,2
2017-11,paid_social_reddit,10820.98,1967426.0,17418.0,1.0,2267,0
2017-12,affiliate,,,,,1,1
2017-12,apple_search_ads,18075.18,1506234.0,61498.0,0.0,2806,1
2017-12,direct,,,,,10,8
2017-12,email_lifecycle,,,,,19,17
2017-12,microsoft_ads,13579.22,1508762.0,42598.0,6.5,3757,2
2017-12,organic_search,,,,,3,3
2017-12,paid_search_brand,24598.66,1757016.0,95678.0,0.0,7596,6
2017-12,paid_search_nonbrand,35557.26,3232434.0,103896.0,0.0,6170,3
2017-12,paid_social_meta,44652.75,5253213.0,73167.0,1.2,8070,5
2017-12,paid_social_reddit,10766.06,1957434.0,17304.0,0.0,2366,0
2018-01,affiliate,,,,,7,7
2018-01,apple_search_ads,19009.02,1584054.0,65050.0,1.0,2868,0
2018-01,direct,,,,,16,9
2018-01,email_lifecycle,,,,,17,12
2018-01,microsoft_ads,14344.68,1593826.0,43994.0,0.0,3780,1
2018-01,organic_search,,,,,2,2
2018-01,paid_search_brand,26868.34,1919130.0,106800.0,2.0,7562,10
2018-01,paid_search_nonbrand,37368.33,3397089.0,108840.0,1.98,6022,0
2018-01,paid_social_meta,48008.4,5647998.0,78834.0,2.4,7950,10
2018-01,paid_social_reddit,11449.56,2081720.0,18792.0,0.0,2269,1
2018-01,referral,,,,,2,2
2018-02,affiliate,,,,,2,2
2018-02,apple_search_ads,16626.82,1385546.0,57192.0,0.0,2579,1
2018-02,direct,,,,,8,6
2018-02,email_lifecycle,,,,,7,6
2018-02,microsoft_ads,13501.84,1500180.0,42382.0,0.0,3439,0
2018-02,organic_search,,,,,2,2
2018-02,paid_search_brand,23640.0,1688548.0,94322.0,2.0,6702,8
2018-02,paid_search_nonbrand,35058.9,3187143.0,100989.0,0.0,5615,1
2018-02,paid_social_meta,44920.26,5284695.0,74706.0,0.0,7287,4
2018-02,paid_social_reddit,10349.8,1881750.0,16822.0,0.0,2135,0
2018-02,referral,,,,,1,1
2018-03,affiliate,,,,,4,4
2018-03,apple_search_ads,19928.82,1660698.0,66874.0,1.0,2807,0
2018-03,direct,,,,,11,9
2018-03,email_lifecycle,,,,,13,12
2018-03,microsoft_ads,14548.38,1616454.0,45566.0,0.0,3858,1
2018-03,organic_search,,,,,6,5
2018-03,paid_search_brand,27276.8,1948316.0,105806.0,0.0,7472,8
2018-03,paid_search_nonbrand,37617.63,3419727.0,107937.0,0.0,6151,4
2018-03,paid_social_meta,50320.23,5919990.0,81147.0,2.4,7965,5
2018-03,paid_social_reddit,12104.14,2200714.0,19498.0,0.0,2340,0
2018-03,referral,,,,,1,1
2018-04,apple_search_ads,18882.5,1573506.0,64458.0,0.0,2691,0
2018-04,direct,,,,,4,3
2018-04,email_lifecycle,,,,,9,9
2018-04,microsoft_ads,14434.9,1603844.0,45200.0,0.0,3681,1
2018-04,paid_search_brand,25843.28,1845922.0,102408.0,0.0,7171,7
2018-04,paid_search_nonbrand,39303.72,3573027.0,113301.0,0.99,5824,0
2018-04,paid_social_meta,48420.15,5696445.0,78591.0,1.2,7871,2
2018-04,paid_social_reddit,11921.18,2167462.0,19334.0,0.0,2289,0
2018-05,apple_search_ads,20542.08,1711814.0,70354.0,0.0,2844,0
2018-05,direct,,,,,1,1
2018-05,email_lifecycle,,,,,7,6
2018-05,microsoft_ads,15885.86,1765070.0,48862.0,6.5,3750,2
2018-05,organic_search,,,,,1,1
2018-05,paid_search_brand,27977.42,1998352.0,108438.0,1.0,7611,5
2018-05,paid_search_nonbrand,40304.28,3663981.0,115686.0,0.0,6229,3
2018-05,paid_social_meta,52216.95,6143127.0,85245.0,0.0,8108,5
2018-05,paid_social_reddit,12640.38,2298216.0,20678.0,0.0,2483,0
2018-06,affiliate,,,,,1,1
2018-06,apple_search_ads,19690.58,1640852.0,68078.0,0.0,2781,0
2018-06,direct,,,,,20,12
2018-06,email_lifecycle,,,,,13,11
2018-06,microsoft_ads,14514.1,1612646.0,44446.0,26.0,3696,3
2018-06,organic_search,,,,,4,4
2018-06,paid_search_brand,26957.14,1925480.0,106680.0,4.0,7382,15
2018-06,paid_search_nonbrand,39522.27,3592893.0,115131.0,0.99,5961,1
2018-06,paid_social_meta,48861.09,5748327.0,80571.0,2.4,7655,6
2018-06,paid_social_reddit,12317.24,2239466.0,19678.0,0.0,2261,2
2018-06,referral,,,,,1,1
2018-07,affiliate,,,,,3,3
2018-07,apple_search_ads,20828.38,1735668.0,70788.0,0.0,2856,0
2018-07,direct,,,,,5,4
2018-07,email_lifecycle,,,,,11,10
2018-07,microsoft_ads,16489.44,1832130.0,51668.0,6.5,3809,4
2018-07,organic_search,,,,,3,3
2018-07,paid_search_brand,28008.62,2000588.0,111298.0,2.0,7557,11
2018-07,paid_search_nonbrand,41869.02,3806229.0,123045.0,0.99,5996,3
2018-07,paid_social_meta,53836.11,6333606.0,88647.0,2.4,8070,3
2018-07,paid_social_reddit,12992.88,2362314.0,21218.0,1.0,2411,0
2018-08,affiliate,,,,,2,2
2018-08,apple_search_ads,21471.3,1789244.0,72882.0,0.0,2784,1
2018-08,direct,,,,,5,4
2018-08,email_lifecycle,,,,,13,9
2018-08,microsoft_ads,16821.62,1869040.0,52834.0,13.0,3816,2
2018-08,organic_search,,,,,3,2
2018-08,paid_search_brand,29267.36,2090494.0,115414.0,2.0,7415,5
2018-08,paid_search_nonbrand,42551.64,3868278.0,121896.0,0.99,6189,2
2018-08,paid_social_meta,56429.07,6638679.0,92061.0,2.4,8121,4
2018-08,paid_social_reddit,13155.64,2391916.0,21706.0,0.0,2303,0
2018-09,affiliate,,,,,2,2
2018-09,apple_search_ads,20606.52,1717176.0,70800.0,1.0,2764,0
2018-09,direct,,,,,4,2
2018-09,email_lifecycle,,,,,16,12
2018-09,microsoft_ads,16199.08,1799864.0,48980.0,6.5,3610,1
2018-09,organic_search,,,,,2,2
2018-09,paid_search_brand,28173.62,2012368.0,110166.0,0.0,7397,5
2018-09,paid_search_nonbrand,42028.53,3820728.0,124467.0,0.0,5924,1
2018-09,paid_social_meta,50540.22,5945868.0,84135.0,0.0,7658,5
2018-09,paid_social_reddit,13030.4,2369128.0,21044.0,0.0,2362,0
2018-10,affiliate,,,,,2,2
2018-10,apple_search_ads,22729.56,1894108.0,77896.0,0.0,2814,0
2018-10,direct,,,,,2,2
2018-10,email_lifecycle,,,,,10,9
2018-10,microsoft_ads,17544.12,1949316.0,54226.0,13.0,3684,3
2018-10,organic_search,,,,,5,4
2018-10,paid_search_brand,30041.5,2145784.0,118748.0,0.0,7562,4
2018-10,paid_search_nonbrand,45638.52,4148916.0,134184.0,1.98,6145,3
2018-10,paid_social_meta,56322.93,6626175.0,91572.0,2.4,7897,3
2018-10,paid_social_reddit,13559.16,2465268.0,22354.0,0.0,2338,1
2018-11,affiliate,,,,,1,1
2018-11,apple_search_ads,21966.42,1830498.0,74802.0,0.0,2751,0
2018-11,direct,,,,,5,4
2018-11,email_lifecycle,,,,,17,16
2018-11,microsoft_ads,16770.78,1863390.0,51786.0,6.5,3674,0
2018-11,organic_search,,,,,5,4
2018-11,paid_search_brand,30923.52,2208792.0,122218.0,0.0,7201,4
2018-11,paid_search_nonbrand,42798.81,3890757.0,123417.0,0.99,5988,2
2018-11,paid_social_meta,57095.88,6717120.0,94923.0,1.2,7887,4
2018-11,paid_social_reddit,12839.24,2334380.0,21046.0,0.0,2335,0
2018-12,affiliate,,,,,1,1
2018-12,apple_search_ads,22875.36,1906256.0,79156.0,0.0,2820,1
2018-12,direct,,,,,7,4
2018-12,email_lifecycle,,,,,13,11
2018-12,microsoft_ads,17836.18,1981758.0,55070.0,0.0,3756,0
2018-12,organic_search,,,,,3,3
2018-12,paid_search_brand,31611.78,2257952.0,124620.0,0.0,7301,10
2018-12,paid_search_nonbrand,43630.47,3966348.0,126411.0,0.0,6071,0
2018-12,paid_social_meta,58770.42,6914136.0,95148.0,1.2,8054,2
2018-12,paid_social_reddit,14216.02,2584708.0,23252.0,0.0,2368,1
2019-01,affiliate,,,,,1,1
2019-01,apple_search_ads,23479.92,1956632.0,79726.0,1.0,2845,0
2019-01,direct,,,,,8,6
2019-01,email_lifecycle,,,,,12,10
2019-01,microsoft_ads,18465.88,2051726.0,57858.0,0.0,3626,2
2019-01,organic_search,,,,,2,2
2019-01,paid_search_brand,32950.58,2353582.0,129166.0,1.0,7357,4
2019-01,paid_search_nonbrand,47066.7,4278744.0,137073.0,0.0,6146,5
2019-01,paid_social_meta,61348.59,7217424.0,99699.0,1.2,8028,2
2019-01,paid_social_reddit,14746.54,2681158.0,24302.0,1.0,2263,0
2019-02,affiliate,,,,,3,3
2019-02,apple_search_ads,21943.6,1828608.0,74926.0,2.0,2550,2
2019-02,direct,,,,,13,8
2019-02,email_lifecycle,,,,,8,8
2019-02,microsoft_ads,16869.44,1874354.0,52712.0,6.5,3341,1
2019-02,organic_search,,,,,5,5
2019-02,paid_search_brand,29208.94,2086326.0,114300.0,2.0,6753,5
2019-02,paid_search_nonbrand,44104.35,4009440.0,125931.0,1.98,5509,2
2019-02,paid_social_meta,54858.06,6453840.0,89448.0,0.0,7190,2
2019-02,paid_social_reddit,13796.64,2508458.0,22102.0,0.0,2106,3
2019-03,affiliate,,,,,2,2
2019-03,apple_search_ads,24209.66,2017442.0,82210.0,0.0,2746,0
2019-03,direct,,,,,9,6
2019-03,email_lifecycle,,,,,12,10
2019-03,microsoft_ads,18489.12,2054312.0,58180.0,0.0,3622,1
2019-03,organic_search,,,,,4,4
2019-03,paid_search_brand,46088.44,3292000.0,182820.0,1.0,7579,7
2019-03,paid_search_nonbrand,47897.58,4354281.0,139095.0,0.99,6128,2
2019-03,paid_social_meta,85764.57,10089900.0,140541.0,3.6,8113,3
2019-03,paid_social_reddit,15234.88,2769950.0,24696.0,2.0,2397,0
2019-04,apple_search_ads,23542.34,1961822.0,82276.0,0.0,2671,0
2019-04,email_lifecycle,,,,,13,9
2019-04,microsoft_ads,18827.92,2091958.0,58562.0,0.0,3708,0
2019-04,organic_search,,,,,1,1
2019-04,paid_search_brand,32759.32,2339926.0,130040.0,0.0,7363,3
2019-04,paid_search_nonbrand,46654.35,4241259.0,135327.0,0.0,5960,0
2019-04,paid_social_meta,59717.07,7025493.0,97335.0,2.4,7863,2
2019-04,paid_social_reddit,14515.56,2639156.0,24010.0,0.0,2243,0
2019-05,apple_search_ads,25541.84,2128462.0,86722.0,0.0,2850,0
2019-05,direct,,,,,4,3
2019-05,email_lifecycle,,,,,10,9
2019-05,microsoft_ads,19564.22,2173780.0,60476.0,0.0,3778,0
2019-05,organic_search,,,,,1,1
2019-05,paid_search_brand,35011.56,2500790.0,137192.0,0.0,7482,4
2019-05,paid_search_nonbrand,47966.82,4360578.0,142176.0,0.0,6072,2
2019-05,paid_social_meta,63801.81,7506045.0,105099.0,1.2,8186,3
2019-05,paid_social_reddit,15261.16,2774730.0,24774.0,0.0,2270,1
2019-06,apple_search_ads,24170.5,2014180.0,81736.0,0.0,786,0
2019-06,direct,,,,,20656,2
2019-06,email_lifecycle,,,,,13,9
2019-06,microsoft_ads,19013.52,2112580.0,59178.0,0.0,1126,0
2019-06,organic_search,,,,,1,1
2019-06,paid_search_brand,33105.26,2364634.0,130992.0,1.0,2186,3
2019-06,paid_search_nonbrand,47207.49,4291554.0,135855.0,0.99,1848,3
2019-06,paid_social_meta,60880.83,7162410.0,102018.0,1.2,2321,0
2019-06,paid_social_reddit,14371.22,2612922.0,23696.0,1.0,714,1
2019-07,affiliate,,,,,1,1
2019-07,apple_search_ads,25360.14,2113316.0,86692.0,0.0,2799,2
2019-07,direct,,,,,8,7
2019-07,email_lifecycle,,,,,8,8
2019-07,microsoft_ads,20164.84,2240510.0,63172.0,0.0,3832,3
2019-07,organic_search,,,,,5,5
2019-07,paid_search_brand,35564.02,2540256.0,140116.0,0.0,7499,7
2019-07,paid_search_nonbrand,52297.35,4754256.0,151389.0,1.98,6134,1
2019-07,paid_social_meta,67180.11,7903497.0,109977.0,2.4,7908,4
2019-07,paid_social_reddit,15840.82,2880120.0,25342.0,0.0,2303,1
2019-08,apple_search_ads,26502.06,2208474.0,90444.0,2.0,2907,0
2019-08,direct,,,,,10,9
2019-08,email_lifecycle,,,,,11,10
2019-08,microsoft_ads,20763.08,2306986.0,64756.0,13.0,3722,3
2019-08,organic_search,,,,,3,3
2019-08,paid_search_brand,34481.6,2462938.0,134588.0,1.0,7408,9
2019-08,paid_search_nonbrand,49879.02,4534404.0,144396.0,0.0,6252,4
2019-08,paid_social_meta,64950.15,7641144.0,105333.0,1.2,8010,3
2019-08,paid_social_reddit,15704.64,2855362.0,25652.0,1.0,2334,0
2019-09,affiliate,,,,,1,1
2019-09,apple_search_ads,25437.2,2119744.0,87734.0,0.0,2761,1
2019-09,direct,,,,,8,7
2019-09,email_lifecycle,,,,,13,10
2019-09,microsoft_ads,19866.7,2207388.0,61158.0,0.0,3718,2
2019-09,organic_search,,,,,7,6
2019-09,paid_search_brand,34445.14,2460332.0,133124.0,2.0,7262,9
2019-09,paid_search_nonbrand,51570.18,4688154.0,149877.0,1.98,5960,2
2019-09,paid_social_meta,64903.74,7635693.0,105801.0,1.2,7755,6
2019-09,paid_social_reddit,16011.98,2911226.0,25538.0,0.0,2279,1
2019-10,affiliate,,,,,1,1
2019-10,apple_search_ads,26598.28,2216496.0,90734.0,3.0,2738,2
2019-10,direct,,,,,5,5
2019-10,email_lifecycle,,,,,14,11
2019-10,microsoft_ads,21371.58,2374576.0,67436.0,0.0,3785,0
2019-10,organic_search,,,,,3,2
2019-10,paid_search_brand,36467.84,2604816.0,143930.0,0.0,7603,6
2019-10,paid_search_nonbrand,53104.95,4827684.0,156165.0,0.0,6029,5
2019-10,paid_social_meta,69251.58,8147196.0,114537.0,2.4,7861,6
2019-10,paid_social_reddit,16421.94,2985790.0,26772.0,1.0,2424,1
2019-11,affiliate,,,,,10,10
2019-11,apple_search_ads,26090.0,2174136.0,89328.0,0.0,2620,1
2019-11,direct,,,,,12,10
2019-11,email_lifecycle,,,,,14,11
2019-11,microsoft_ads,20029.62,2225480.0,62474.0,6.5,3601,4
2019-11,organic_search,,,,,19,18
2019-11,paid_search_brand,35546.6,2539010.0,138772.0,0.0,7339,14
2019-11,paid_search_nonbrand,53554.92,4868586.0,155214.0,0.0,5906,10
2019-11,paid_social_meta,68283.24,8033280.0,113535.0,2.4,7667,11
2019-11,paid_social_reddit,16409.02,2983434.0,26810.0,0.0,2276,6
2019-12,affiliate,,,,,89,85
2019-12,apple_search_ads,28396.46,2366336.0,96684.0,0.0,2867,23
2019-12,direct,,,,,153,122
2019-12,email_lifecycle,,,,,11,9
2019-12,microsoft_ads,21924.4,2436016.0,67436.0,0.0,3772,55
2019-12,organic_search,,,,,124,106
2019-12,paid_search_brand,38103.78,2721674.0,148728.0,1.0,7806,167
2019-12,paid_search_nonbrand,55629.36,5057166.0,163404.0,0.99,6282,101
2019-12,paid_social_meta,69157.11,8136090.0,113379.0,1.2,8119,144
2019-12,paid_social_reddit,17036.34,3097496.0,27392.0,1.0,2387,30
2019-12,referral,,,,,1,1
2020-01,affiliate,,,,,131,125
2020-01,apple_search_ads,28619.2,2384900.0,99520.0,26.0,2899,33
2020-01,direct,,,,,556,344
2020-01,email_lifecycle,,,,,320,200
2020-01,microsoft_ads,21467.5,2385240.0,67476.0,292.5,3907,114
2020-01,organic_search,,,,,216,173
2020-01,paid_search_brand,38746.44,2767574.0,150942.0,70.0,8269,399
2020-01,paid_search_nonbrand,56799.63,5163552.0,165147.0,69.03,6436,163
2020-01,paid_social_meta,72969.21,8584575.0,121530.0,108.0,8332,202
2020-01,paid_social_reddit,17134.38,3115322.0,28392.0,19.0,2292,55
2020-01,referral,,,,,8,8
2020-02,affiliate,,,,,31,30
2020-02,apple_search_ads,27083.64,2256938.0,91742.0,45.0,2625,14
2020-02,direct,,,,,329,227
2020-02,email_lifecycle,,,,,1448,482
2020-02,microsoft_ads,20944.46,2327140.0,66236.0,435.5,3433,54
2020-02,organic_search,,,,,115,100
2020-02,paid_search_brand,36857.92,2632678.0,144652.0,85.0,7285,303
2020-02,paid_search_nonbrand,51741.72,4703748.0,152595.0,72.0,5649,92
2020-02,paid_social_meta,69400.08,8164671.0,118266.0,105.6,7258,128
2020-02,paid_social_reddit,16787.06,3052160.0,27402.0,23.0,2075,38
2020-02,referral,,,,,2,2
