channel,Core credit,Debit,Premium credit,Prepaid,customers_linear,expected_3yr_value,expected_3yr_value_missing_as_zero
affiliate,0.13995719151513675,0.5174575578108986,0.21487282564675259,0.12771242502721192,35.3224136974137,1269.287417380378,702.0206986268062
apple_search_ads,0.17222519082311338,0.3767111087941543,0.4510637003827323,0.0,8.304004329004329,1819.0493879002127,1031.1141566748076
direct,0.19491049409072764,0.4814136419310917,0.23895751410019453,0.08471834987798604,88.69726245976247,1380.9755010635463,758.9315153749673
microsoft_ads,0.2027224220737611,0.5104573110768509,0.18478812564634528,0.10203214120304283,22.74415584415584,1272.7290129885314,691.1869380984583
organic_search,0.28264984444321134,0.42751408401437746,0.17150625334147626,0.11832981820093486,47.56009823509824,1303.6534098349036,694.2859234003973
paid_search_brand,0.1800713965110007,0.5233988678666458,0.20662220468848788,0.08990753093386568,122.56861194361194,1302.9816723859926,714.1444887775809
paid_search_nonbrand,0.17619892783090055,0.5441121069299697,0.1928714835201169,0.08681748171901287,40.579567654567654,1274.2370862643852,697.2543127240215
paid_social_meta,0.22700969884735178,0.45167232785921463,0.2240407248570879,0.0972772484363457,63.22136058386058,1371.762686253489,746.983919883131
paid_social_reddit,0.31063762526475514,0.36488161097587957,0.29527076154648624,0.029210002212878953,11.411616161616163,1610.9613245506407,876.0198410303038
referral,0.28205128205128205,0.0,0.717948717948718,0.0,0.5909090909090908,2432.7308161347987,1385.420936952806
