,estimated_revenue
estimated_revenue,1.0
interchange,0.9934415955553975
purchase_volume,0.6879414570710216
credit_share_of_purchases,0.5855537550865664
credit_limit_sum_credit_cards,0.4717780103614467
n_credit,0.3846986420794413
avg_purchase_amount,0.2980536984810407
amex_fees,0.28916699643643035
user_yearly_income,0.27560770299346093
cards_used,0.18871788314451252
n_cards,0.16602208373262972
money_transfer_share_of_purchase_volume,0.09489576067071134
user_total_debt,0.07988051223633293
active_months,0.04674253163498768
user_credit_score,0.03728403550276333
user_current_age,0.036686291133376715
online_share_of_purchase_volume,-0.0040524242173797615
n_prepaid,-0.07459080096037048
n_debit,-0.07490499723323284
