type,k,cards,customers,revenue_per_card,ci_low,ci_high,median_revenue,pct_open,pct_active,revenue_per_open_card,revenue_per_active_card,purchase_volume_per_card
Credit,1,262,240,387.7921421374046,352.15840132926263,423.9037563922825,318.98041,1.0,1.0,387.7921421374046,387.7921421374046,22962.552595419853
Credit,2,262,240,362.53438913486,327.0773549829516,401.3970179099226,292.85053,0.9656488549618321,0.9656488549618321,375.43086938076414,375.43086938076414,21495.291145038165
Credit,3,262,240,343.6409448091603,308.4054348911115,381.30536605143226,275.44156000000004,0.9427480916030534,0.9427480916030534,364.509828097166,364.509828097166,20311.235076335877
Credit,4,262,240,333.6275611450382,299.2034165347708,369.9438151475294,261.92448,0.9198473282442748,0.9198473282442748,362.69884240663896,362.69884240663896,19797.76965648855
Credit,5,262,240,322.8652588804071,289.4009129018868,360.2956437439097,259.95807,0.9045801526717557,0.9045801526717557,356.9227756399437,356.9227756399437,19100.345877862594
Credit,6,262,240,315.54988732824427,283.4967848696352,351.43838704770985,266.06691,0.8854961832061069,0.8854961832061069,356.3537520689655,356.3537520689655,18633.21919847328
Credit,7,262,240,308.4355638931297,277.4873915108071,344.3470472774501,268.43101,0.8664122137404581,0.8664122137404581,355.9917081057268,355.9917081057268,18253.642862595418
Credit,8,262,240,310.97596297709924,276.7636142334468,344.7833296628435,274.12469999999996,0.8587786259541985,0.8587786259541985,362.11423244444444,362.11423244444444,18396.5356870229
Debit,1,405,342,100.2165367654321,92.88573176367281,107.04505211091526,82.39104,1.0,1.0,100.2165367654321,100.2165367654321,20788.78486419753
Debit,2,405,342,94.92744128395061,87.79648102546746,102.62808518731033,77.5145,0.9728395061728395,0.9728395061728395,97.57769979695432,97.57769979695432,19527.673530864195
Debit,3,405,342,91.81520265432097,84.79356356635527,98.94903805551037,76.39798,0.9580246913580247,0.9580246913580247,95.8380336984536,95.8380336984536,18938.128790123457
Debit,4,405,342,87.98745944444444,81.04142028425044,95.22172662072988,73.383225,0.9481481481481482,0.9481481481481482,92.7992736328125,92.7992736328125,18083.78686419753
Debit,5,405,342,85.58569030864197,78.82036941563516,92.28643112090518,73.30739,0.9209876543209876,0.9234567901234568,92.92808018766756,92.67969137700534,17572.913950617283
Debit,6,405,342,82.6602935925926,75.923831258184,89.70166743831095,69.414695,0.8938271604938272,0.8938271604938272,92.47905774861879,92.47905774861879,16899.22175308642
Debit,7,405,342,81.39837496296296,74.75573353748527,88.94560828910069,64.275845,0.8740740740740741,0.8740740740740741,93.12525949152543,93.12525949152543,16704.822987654323
Debit,8,405,342,78.92225416049382,72.46069436081171,85.76047156633618,62.544015,0.8592592592592593,0.8592592592592593,91.84917510057471,91.84917510057471,16167.461925925925
Prepaid,1,63,63,0.0,0.0,0.0,0.0,1.0,1.0,0.0,0.0,8622.961428571427
Prepaid,2,63,63,0.0,0.0,0.0,0.0,0.9365079365079365,0.9365079365079365,0.0,0.0,7896.0277777777765
Prepaid,3,63,63,0.0,0.0,0.0,0.0,0.9206349206349206,0.9206349206349206,0.0,0.0,8003.089682539683
Prepaid,4,63,63,0.0,0.0,0.0,0.0,0.9206349206349206,0.9206349206349206,0.0,0.0,7864.094444444444
Prepaid,5,63,63,0.0,0.0,0.0,0.0,0.9206349206349206,0.9206349206349206,0.0,0.0,7315.47
Prepaid,6,63,63,0.0,0.0,0.0,0.0,0.9206349206349206,0.9206349206349206,0.0,0.0,7801.748571428572
Prepaid,7,63,63,0.0,0.0,0.0,0.0,0.8888888888888888,0.8888888888888888,0.0,0.0,7577.30365079365
Prepaid,8,63,63,0.0,0.0,0.0,0.0,0.8888888888888888,0.8888888888888888,0.0,0.0,8103.893015873016
