metric,channel,pre,campaign,post
spend,paid_search_brand,1055.3714285714284,2037.4999999999998,1055.6814285714286
spend,paid_social_meta,1970.0164285714288,3845.2757142857145,1907.2178571428572
spend,paid_search_nonbrand,1511.52,1524.304285714286,1622.5928571428574
spend,apple_search_ads,809.2271428571428,818.9314285714283,756.1957142857143
spend,microsoft_ads,625.7257142857144,602.5742857142858,597.4528571428572
spend,paid_social_reddit,479.29428571428576,520.7857142857141,481.85857142857134
spend,controls_total,3425.7671428571425,3466.595714285714,3458.1
impressions,paid_search_brand,75382.85714285714,145534.7142857143,75404.85714285714
impressions,paid_social_meta,231764.57142857142,452383.9285714286,224376.85714285713
impressions,paid_search_nonbrand,137409.0,138571.7142857143,147507.0
impressions,apple_search_ads,67434.85714285714,68243.14285714286,63015.57142857143
impressions,microsoft_ads,69524.14285714286,66951.71428571429,66382.28571428571
impressions,paid_social_reddit,87142.57142857143,94688.0,87609.42857142857
impressions,controls_total,361510.5714285714,368454.5714285714,364514.28571428574
clicks,paid_search_brand,4120.0,8088.428571428572,4132.285714285715
clicks,paid_social_meta,3246.6428571428573,6259.928571428572,3172.714285714286
clicks,paid_search_nonbrand,4232.785714285715,4472.142857142857,4686.0
clicks,apple_search_ads,2679.285714285714,2792.1428571428573,2570.285714285714
clicks,microsoft_ads,1924.5714285714287,1883.4285714285713,1906.7142857142858
clicks,paid_social_reddit,758.8571428571429,843.7142857142857,779.5714285714286
clicks,controls_total,9595.5,9991.42857142857,9942.57142857143
touches,paid_search_brand,241.35714285714286,248.07142857142858,241.0
touches,paid_social_meta,253.85714285714286,258.57142857142856,265.7857142857143
touches,paid_search_nonbrand,195.5,196.35714285714286,199.14285714285714
touches,apple_search_ads,88.14285714285714,90.14285714285714,85.5
touches,microsoft_ads,119.78571428571429,115.35714285714286,117.0
touches,paid_social_reddit,73.21428571428571,75.42857142857143,81.07142857142857
touches,controls_total,476.64285714285717,477.2857142857143,482.7142857142857
