date,affiliate,apple_search_ads,direct,email_lifecycle,microsoft_ads,organic_search,paid_search_brand,paid_search_nonbrand,paid_social_meta,paid_social_reddit,referral
2018-01-01,1,95,1,2,118,0,263,190,264,62,0
2018-01-02,0,97,0,1,121,0,272,213,226,67,0
2018-01-03,0,103,0,0,149,0,223,192,251,65,0
2018-01-04,1,74,1,2,132,0,233,184,256,62,0
2018-01-05,0,76,2,2,135,0,231,220,279,74,0
2018-01-06,0,89,0,2,133,0,232,201,277,65,0
2018-01-07,0,99,0,1,128,0,252,174,248,77,0
2018-01-08,0,105,0,1,111,0,258,222,264,97,0
2018-01-09,0,69,0,0,132,0,270,193,236,91,0
2018-01-10,0,86,0,0,138,0,254,194,237,77,1
2018-01-11,1,110,0,0,105,0,233,197,278,63,1
2018-01-12,0,86,2,0,128,0,257,218,273,74,0
2018-01-13,0,88,0,0,114,0,236,227,263,78,0
2018-01-14,0,87,0,0,118,0,248,184,242,53,0
2018-01-15,0,100,0,0,110,0,249,181,241,60,0
2018-01-16,0,85,5,0,102,0,222,189,261,76,0
2018-01-17,0,83,1,1,142,0,245,190,277,64,0
2018-01-18,0,104,0,1,129,0,222,183,265,78,0
2018-01-19,1,81,1,2,146,0,247,181,272,91,0
2018-01-20,0,89,0,0,120,0,230,201,254,61,0
2018-01-21,0,106,1,0,118,1,258,207,234,76,0
2018-01-22,1,112,0,0,110,0,209,187,256,79,0
2018-01-23,0,105,0,0,120,0,249,179,282,66,0
2018-01-24,0,80,0,0,114,0,242,170,270,86,0
2018-01-25,0,85,1,0,114,0,248,196,259,63,0
2018-01-26,0,89,0,0,115,0,241,207,257,66,0
2018-01-27,0,95,0,0,110,1,238,201,252,82,0
2018-01-28,0,89,0,1,113,0,273,184,244,77,0
2018-01-29,0,100,0,1,124,0,228,207,225,67,0
2018-01-30,0,113,1,0,107,0,258,178,260,84,0
2018-01-31,2,88,0,0,124,0,241,172,247,88,0
2018-02-01,0,86,0,0,121,0,205,197,278,72,0
2018-02-02,0,99,0,0,119,0,227,240,252,80,0
2018-02-03,0,81,0,0,119,0,245,203,231,71,0
2018-02-04,0,94,0,0,117,0,257,246,264,64,0
2018-02-05,0,105,1,0,107,0,228,180,270,72,0
2018-02-06,0,84,0,0,119,0,248,216,245,84,0
2018-02-07,1,89,0,0,152,0,274,201,268,77,0
2018-02-08,0,99,0,0,129,0,236,220,235,75,0
2018-02-09,1,90,0,0,121,0,239,197,245,89,0
2018-02-10,0,84,1,0,125,0,239,189,290,76,0
2018-02-11,0,89,0,1,113,0,222,209,292,88,0
2018-02-12,0,81,0,0,112,0,230,172,268,65,0
2018-02-13,0,88,1,0,125,0,245,181,264,76,0
2018-02-14,0,99,0,0,124,0,269,202,284,69,0
2018-02-15,0,91,1,0,111,0,232,188,259,77,0
2018-02-16,0,86,0,0,128,1,246,206,270,81,0
2018-02-17,0,85,0,0,134,1,230,215,248,79,0
2018-02-18,0,94,1,0,126,0,259,195,231,90,0
2018-02-19,0,95,0,0,132,0,246,198,226,83,0
2018-02-20,0,89,0,0,123,0,237,218,231,77,1
2018-02-21,0,74,1,2,125,0,238,190,279,69,0
2018-02-22,0,95,0,1,116,0,264,205,250,82,0
2018-02-23,0,89,0,0,118,0,238,205,279,67,0
2018-02-24,0,90,0,1,127,0,250,196,297,72,0
2018-02-25,0,96,1,0,121,0,240,183,269,73,0
2018-02-26,0,113,1,0,100,0,203,214,252,78,0
2018-02-27,0,101,0,0,152,0,215,164,246,80,0
2018-02-28,0,113,0,2,123,0,240,185,264,69,0
2018-03-01,1,113,1,0,144,0,253,211,230,82,0
2018-03-02,0,107,0,0,129,0,258,179,256,70,0
2018-03-03,0,109,0,1,123,0,235,197,255,76,0
2018-03-04,0,77,0,1,112,0,214,199,284,81,1
2018-03-05,0,74,0,1,117,0,234,216,270,82,0
2018-03-06,0,104,1,1,128,0,260,238,275,66,0
2018-03-07,1,90,1,0,145,0,256,187,237,85,0
2018-03-08,0,90,1,0,106,1,243,222,266,84,0
2018-03-09,0,92,0,0,146,0,235,186,272,71,0
2018-03-10,0,73,0,0,144,1,252,198,248,83,0
2018-03-11,0,90,0,0,110,0,225,186,235,69,0
2018-03-12,0,87,0,0,131,2,266,200,235,86,0
2018-03-13,0,92,0,0,119,0,235,189,257,78,0
2018-03-14,0,92,1,2,127,0,266,195,253,83,0
2018-03-15,0,85,0,1,114,0,236,182,247,73,0
2018-03-16,0,96,1,1,121,0,241,156,239,67,0
2018-03-17,0,91,0,1,115,1,230,191,286,86,0
2018-03-18,0,84,1,0,114,0,251,219,248,69,0
2018-03-19,0,85,1,1,132,0,233,200,233,90,0
2018-03-20,0,94,1,0,128,0,245,212,245,80,0
2018-03-21,0,98,0,0,113,0,218,193,246,62,0
2018-03-22,0,79,0,0,120,0,235,216,248,75,0
2018-03-23,0,89,0,0,145,0,255,208,276,71,0
2018-03-24,0,102,0,1,126,0,263,222,269,72,0
2018-03-25,0,84,1,0,106,0,212,203,251,58,0
2018-03-26,0,105,0,2,132,0,259,193,275,76,0
2018-03-27,0,86,0,0,113,0,220,193,280,66,0
2018-03-28,1,90,0,0,138,0,240,181,270,70,0
2018-03-29,1,76,0,0,122,1,246,194,242,78,0
2018-03-30,0,97,1,0,131,0,221,182,291,70,0
2018-03-31,0,76,0,0,107,0,235,203,246,81,0
2018-04-01,0,96,0,0,127,0,220,206,265,75,0
2018-04-02,0,98,0,0,129,0,243,171,290,76,0
2018-04-03,0,101,1,0,121,0,249,214,266,92,0
2018-04-04,0,87,0,0,121,0,253,192,264,65,0
2018-04-05,0,103,0,2,126,0,254,177,266,84,0
2018-04-06,0,78,0,1,122,0,229,180,276,67,0
2018-04-07,0,81,1,0,112,0,212,207,266,76,0
2018-04-08,0,72,1,0,122,0,247,215,270,90,0
2018-04-09,0,93,0,0,116,0,245,176,265,73,0
2018-04-10,0,88,0,0,128,0,233,187,277,93,0
2018-04-11,0,86,0,0,132,0,245,195,273,70,0
2018-04-12,0,84,0,1,113,0,229,189,240,76,0
2018-04-13,0,93,0,0,128,0,232,211,248,62,0
2018-04-14,0,111,0,0,120,0,232,198,257,72,0
2018-04-15,0,90,0,0,115,0,236,190,286,67,0
2018-04-16,0,73,0,0,131,0,222,186,234,67,0
2018-04-17,0,92,0,0,133,0,269,184,259,78,0
2018-04-18,0,82,0,1,122,0,256,207,230,72,0
2018-04-19,0,94,0,1,140,0,245,192,248,80,0
2018-04-20,0,94,0,0,112,0,235,185,242,67,0
2018-04-21,0,89,0,0,107,0,238,215,257,66,0
2018-04-22,0,83,1,0,122,0,235,201,289,76,0
2018-04-23,0,80,0,1,134,0,232,216,250,95,0
2018-04-24,0,87,0,0,112,0,243,190,276,68,0
2018-04-25,0,102,0,1,107,0,244,204,251,77,0
2018-04-26,0,107,0,0,141,0,225,192,268,66,0
2018-04-27,0,109,0,0,116,0,246,160,279,91,0
2018-04-28,0,89,0,0,123,0,259,185,262,91,0
2018-04-29,0,87,0,0,123,0,237,202,247,71,0
2018-04-30,0,62,0,1,126,0,226,197,270,86,0
2018-05-01,0,112,0,1,107,0,279,238,258,79,0
2018-05-02,0,86,0,0,113,0,242,213,263,70,0
2018-05-03,0,102,0,1,139,0,245,194,253,73,0
2018-05-04,0,84,0,0,127,0,265,192,267,74,0
2018-05-05,0,88,0,0,133,0,218,197,229,81,0
2018-05-06,0,111,0,1,111,0,237,208,294,87,0
2018-05-07,0,84,0,0,127,0,239,221,261,76,0
2018-05-08,0,81,0,0,114,0,232,207,241,81,0
2018-05-09,0,97,0,0,125,0,245,208,247,81,0
2018-05-10,0,102,0,0,134,0,247,187,273,90,0
2018-05-11,0,80,0,1,118,0,273,201,252,83,0
2018-05-12,0,83,0,0,129,0,251,194,264,86,0
2018-05-13,0,88,0,1,136,0,242,212,254,83,0
2018-05-14,0,102,0,0,113,0,253,196,267,88,0
2018-05-15,0,94,0,0,127,0,243,193,287,83,0
2018-05-16,0,88,0,0,103,1,250,189,261,72,0
2018-05-17,0,107,0,0,118,0,230,188,264,93,0
2018-05-18,0,73,0,0,116,0,227,212,279,77,0
2018-05-19,0,74,0,0,131,0,218,204,261,76,0
2018-05-20,0,80,0,0,115,0,214,234,244,79,0
2018-05-21,0,93,0,0,124,0,245,183,265,83,0
2018-05-22,0,89,0,0,113,0,245,208,253,85,0
2018-05-23,0,93,1,0,113,0,269,202,271,85,0
2018-05-24,0,91,0,0,126,0,261,202,249,69,0
2018-05-25,0,104,0,0,137,0,254,191,272,95,0
2018-05-26,0,75,0,0,106,0,254,182,264,76,0
2018-05-27,0,97,0,1,97,0,236,197,283,78,0
2018-05-28,0,88,0,0,134,0,253,185,251,85,0
2018-05-29,0,121,0,0,132,0,250,203,285,65,0
2018-05-30,0,88,0,0,111,0,255,205,231,65,0
2018-05-31,0,89,0,1,121,0,239,183,265,85,0
2018-06-01,0,111,1,1,114,0,208,186,266,79,0
2018-06-02,0,90,2,0,119,0,244,189,262,69,0
2018-06-03,0,86,0,0,118,0,236,204,271,78,0
2018-06-04,0,79,0,0,126,1,268,198,279,75,0
2018-06-05,0,87,1,1,122,0,252,205,255,82,0
2018-06-06,0,82,0,0,120,0,263,195,258,77,0
2018-06-07,0,100,2,0,125,1,229,190,248,73,0
2018-06-08,0,107,0,0,121,0,266,219,238,70,0
2018-06-09,0,92,2,0,123,0,245,226,263,84,0
2018-06-10,0,82,1,0,119,0,229,211,219,65,0
2018-06-11,0,82,1,0,135,1,258,180,271,76,0
2018-06-12,0,94,0,2,126,0,251,199,260,80,0
2018-06-13,0,106,2,0,113,1,254,196,247,72,0
2018-06-14,0,110,0,2,125,0,256,199,289,76,1
2018-06-15,0,101,1,0,131,0,263,197,263,92,0
2018-06-16,0,84,1,1,127,0,239,194,244,68,0
2018-06-17,0,97,0,2,103,0,253,214,236,70,0
2018-06-18,0,90,0,1,120,0,258,193,260,80,0
2018-06-19,0,97,1,0,131,0,244,200,247,68,0
2018-06-20,1,94,0,0,111,0,229,177,225,71,0
2018-06-21,0,86,1,0,144,0,232,201,270,70,0
2018-06-22,0,82,2,1,113,0,252,203,261,63,0
2018-06-23,0,102,1,1,120,0,233,178,250,79,0
2018-06-24,0,95,1,1,125,0,246,198,260,83,0
2018-06-25,0,84,0,0,123,0,237,227,254,81,0
2018-06-26,0,99,0,0,100,0,273,210,250,76,0
2018-06-27,0,85,0,0,152,0,231,187,242,81,0
2018-06-28,0,97,0,0,135,0,237,198,265,79,0
2018-06-29,0,82,0,0,114,0,240,194,266,65,0
2018-06-30,0,98,0,0,141,0,256,193,236,79,0
2018-07-01,0,96,0,0,118,0,255,165,274,73,0
2018-07-02,0,97,0,0,111,1,239,183,286,78,0
2018-07-03,0,82,0,0,120,0,249,213,261,87,0
2018-07-04,0,109,1,0,131,0,236,209,300,88,0
2018-07-05,0,88,0,1,131,0,256,214,256,83,0
2018-07-06,0,82,0,0,116,1,233,178,289,90,0
2018-07-07,0,95,0,0,127,0,245,195,270,74,0
2018-07-08,1,87,0,0,120,0,236,195,205,91,0
2018-07-09,0,90,0,0,120,0,252,211,250,94,0
2018-07-10,0,91,0,0,112,0,243,193,264,83,0
2018-07-11,0,92,0,0,128,0,219,198,263,78,0
2018-07-12,0,89,0,0,122,0,244,217,246,81,0
2018-07-13,0,93,0,0,125,0,239,182,274,84,0
2018-07-14,0,98,0,0,122,0,265,194,205,79,0
2018-07-15,0,90,0,1,121,0,253,222,256,68,0
2018-07-16,0,79,0,1,132,0,256,177,260,73,0
2018-07-17,0,85,0,0,102,0,239,196,260,59,0
2018-07-18,0,80,1,1,125,0,242,224,260,74,0
2018-07-19,0,95,0,0,110,0,217,200,260,76,0
2018-07-20,1,89,0,1,127,0,255,198,263,66,0
2018-07-21,0,91,0,0,131,0,249,185,252,80,0
2018-07-22,0,104,0,2,138,0,245,183,247,74,0
2018-07-23,0,87,0,0,98,0,243,204,275,78,0
2018-07-24,0,77,0,0,118,0,254,174,241,72,0
2018-07-25,0,95,1,1,117,0,222,197,260,83,0
2018-07-26,0,99,0,0,122,1,242,189,285,77,0
2018-07-27,1,106,0,1,124,0,256,167,259,78,0
2018-07-28,0,88,1,1,128,0,263,177,264,95,0
2018-07-29,0,100,0,0,129,0,236,189,240,60,0
2018-07-30,0,85,0,1,141,0,238,186,278,73,0
2018-07-31,0,117,1,0,143,0,236,181,267,62,0
2018-08-01,0,96,0,2,111,0,262,187,283,73,0
2018-08-02,0,95,0,0,108,0,261,196,236,81,0
2018-08-03,0,86,0,0,114,0,250,220,271,102,0
2018-08-04,0,84,0,1,104,0,263,213,272,85,0
2018-08-05,0,87,1,0,132,0,221,225,246,72,0
2018-08-06,0,89,0,1,126,0,253,193,247,62,0
2018-08-07,0,86,0,0,128,0,238,206,258,71,0
2018-08-08,0,98,0,1,109,1,265,208,272,87,0
2018-08-09,0,77,0,1,108,0,232,226,276,75,0
2018-08-10,0,89,0,1,131,0,229,191,245,59,0
2018-08-11,0,82,0,0,108,1,255,196,235,62,0
2018-08-12,0,116,0,0,125,0,222,190,283,77,0
2018-08-13,0,92,1,0,134,0,233,187,256,83,0
2018-08-14,0,93,0,0,116,0,258,201,268,70,0
2018-08-15,0,83,0,1,123,0,243,193,271,73,0
2018-08-16,0,90,0,1,119,1,231,214,295,76,0
2018-08-17,0,80,1,0,145,0,230,191,282,84,0
2018-08-18,1,95,0,0,131,0,227,210,265,73,0
2018-08-19,0,93,0,0,130,0,214,200,261,67,0
2018-08-20,0,94,0,1,159,0,229,190,245,87,0
2018-08-21,0,78,0,0,115,0,216,172,262,62,0
2018-08-22,0,78,0,0,121,0,258,211,276,80,0
2018-08-23,0,101,0,0,114,0,244,185,269,82,0
2018-08-24,0,95,0,0,109,0,231,199,284,71,0
2018-08-25,1,79,0,1,117,0,247,208,266,73,0
2018-08-26,0,103,1,0,124,0,246,174,244,70,0
2018-08-27,0,94,1,0,121,0,226,209,254,64,0
2018-08-28,0,93,0,1,137,0,233,180,242,86,0
2018-08-29,0,86,0,0,129,0,247,213,240,70,0
2018-08-30,0,82,0,0,150,0,225,188,295,60,0
2018-08-31,0,90,0,1,118,0,226,213,222,66,0
2018-09-01,0,84,0,0,131,0,258,189,251,79,0
2018-09-02,1,95,0,0,126,0,247,223,236,80,0
2018-09-03,0,101,0,0,115,1,247,211,247,88,0
2018-09-04,0,99,0,0,106,0,226,187,248,76,0
2018-09-05,0,86,0,2,141,0,236,194,241,77,0
2018-09-06,0,84,0,0,124,0,271,190,245,72,0
2018-09-07,0,98,0,0,102,0,228,199,256,73,0
2018-09-08,0,104,0,0,103,0,250,194,250,73,0
2018-09-09,0,111,0,1,121,0,242,195,266,82,0
2018-09-10,1,79,1,1,124,0,233,197,238,86,0
2018-09-11,0,80,2,1,140,0,265,175,263,76,0
2018-09-12,0,105,0,0,128,0,231,201,268,79,0
2018-09-13,0,91,1,1,108,0,248,191,273,75,0
2018-09-14,0,86,0,1,117,0,243,196,256,84,0
2018-09-15,0,74,0,0,132,0,218,196,262,72,0
2018-09-16,0,87,0,2,120,0,226,215,259,93,0
2018-09-17,0,99,0,0,134,0,263,178,245,71,0
2018-09-18,0,95,0,1,112,0,269,209,281,65,0
2018-09-19,0,101,0,0,111,1,273,208,256,70,0
2018-09-20,0,74,0,0,127,0,225,193,246,72,0
2018-09-21,0,92,0,0,109,0,270,215,279,89,0
2018-09-22,0,92,0,1,114,0,225,200,251,75,0
2018-09-23,0,90,0,0,118,0,241,214,249,79,0
2018-09-24,0,95,0,0,125,0,264,194,253,93,0
2018-09-25,0,91,0,0,120,0,245,186,217,77,0
2018-09-26,0,90,0,1,119,0,238,196,260,84,0
2018-09-27,0,81,0,2,121,0,250,193,264,75,0
2018-09-28,0,103,0,1,130,0,223,211,256,76,0
2018-09-29,0,93,0,0,111,0,276,190,282,90,0
2018-09-30,0,104,0,1,121,0,266,184,260,81,0
2018-10-01,0,94,0,0,129,0,274,203,219,59,0
2018-10-02,0,98,0,1,117,0,234,179,249,84,0
2018-10-03,0,94,0,0,131,1,230,195,247,73,0
2018-10-04,0,96,1,1,118,0,243,218,272,74,0
2018-10-05,0,95,0,0,148,0,239,197,272,75,0
2018-10-06,0,95,0,1,120,0,230,186,216,71,0
2018-10-07,0,101,0,0,115,0,234,184,242,81,0
2018-10-08,0,99,0,1,122,0,226,209,239,67,0
2018-10-09,0,94,0,0,117,0,246,209,270,85,0
2018-10-10,0,86,0,0,119,0,262,194,256,92,0
2018-10-11,0,85,0,2,113,0,262,210,275,77,0
2018-10-12,1,84,0,0,112,0,271,198,261,61,0
2018-10-13,0,85,0,0,108,0,241,212,256,83,0
2018-10-14,0,84,0,0,113,0,238,207,251,79,0
2018-10-15,1,96,0,2,113,0,240,170,255,49,0
2018-10-16,0,84,0,0,117,0,228,211,251,80,0
2018-10-17,0,95,0,0,114,0,234,177,250,83,0
2018-10-18,0,76,1,0,108,0,232,192,257,75,0
2018-10-19,0,97,0,0,110,0,237,197,269,60,0
2018-10-20,0,82,0,0,120,0,240,221,256,83,0
2018-10-21,0,85,0,0,107,2,245,180,262,78,0
2018-10-22,0,93,0,0,134,0,234,205,224,90,0
2018-10-23,0,73,0,0,103,0,223,185,252,93,0
2018-10-24,0,90,0,0,107,0,273,235,240,72,0
2018-10-25,0,90,0,1,121,0,245,209,273,71,0
2018-10-26,0,96,0,0,137,0,239,191,262,68,0
2018-10-27,0,90,0,0,141,2,242,193,276,64,0
2018-10-28,0,98,0,0,130,0,294,185,270,72,0
2018-10-29,0,78,0,0,113,0,255,193,260,76,0
2018-10-30,0,93,0,0,116,0,231,216,263,86,0
2018-10-31,0,108,0,1,111,0,240,184,252,77,0
2018-11-01,0,110,0,0,115,0,228,192,250,73,0
2018-11-02,0,83,0,0,109,1,230,219,258,83,0
2018-11-03,0,93,1,1,141,0,239,202,292,84,0
2018-11-04,0,114,0,2,122,0,259,174,277,77,0
2018-11-05,0,102,0,0,127,0,255,189,263,76,0
2018-11-06,0,92,1,1,112,0,253,210,248,70,0
2018-11-07,0,98,0,0,145,0,250,187,274,63,0
2018-11-08,0,78,0,0,121,0,220,191,239,76,0
2018-11-09,0,54,0,0,125,0,225,199,263,77,0
2018-11-10,0,115,2,0,112,1,239,177,264,73,0
2018-11-11,0,101,0,1,119,0,237,182,261,82,0
2018-11-12,0,109,0,1,118,0,230,218,263,78,0
2018-11-13,0,81,0,1,113,0,214,223,280,78,0
2018-11-14,0,92,0,1,133,0,223,207,245,81,0
2018-11-15,0,79,0,1,127,0,219,200,260,79,0
2018-11-16,0,105,0,0,130,0,234,194,260,79,0
2018-11-17,0,92,0,1,110,0,245,206,272,69,0
2018-11-18,0,90,0,1,105,0,251,194,275,86,0
2018-11-19,0,91,0,0,124,0,247,188,257,86,0
2018-11-20,0,90,0,2,120,0,233,198,270,84,0
2018-11-21,0,79,0,0,138,0,261,193,256,65,0
2018-11-22,0,81,0,2,120,0,252,200,258,75,0
2018-11-23,0,88,0,0,105,0,231,205,274,80,0
2018-11-24,0,97,0,0,130,1,233,201,271,77,0
2018-11-25,0,89,0,0,127,1,250,213,256,85,0
2018-11-26,1,90,0,1,121,0,257,202,276,67,0
2018-11-27,0,93,1,1,114,0,245,185,246,81,0
2018-11-28,0,98,0,0,125,0,238,220,272,84,0
2018-11-29,0,91,0,0,141,1,254,226,235,79,0
2018-11-30,0,76,0,0,125,0,249,193,272,88,0
2018-12-01,0,95,0,0,135,0,250,241,257,66,0
2018-12-02,0,88,0,0,115,0,222,211,271,80,0
2018-12-03,0,102,0,0,107,0,240,199,239,68,0
2018-12-04,0,97,0,1,112,0,216,187,258,72,0
2018-12-05,0,74,0,1,132,0,230,183,243,91,0
2018-12-06,0,91,0,0,122,0,224,191,258,63,0
2018-12-07,0,85,0,0,126,0,240,178,254,83,0
2018-12-08,0,86,0,2,122,2,252,181,254,72,0
2018-12-09,0,86,0,1,139,0,251,187,276,71,0
2018-12-10,0,90,0,0,117,0,238,184,257,93,0
2018-12-11,0,86,0,1,120,1,202,182,252,63,0
2018-12-12,0,77,0,0,132,0,231,188,248,92,0
2018-12-13,0,91,0,2,122,0,239,212,250,72,0
2018-12-14,0,83,0,1,133,0,240,220,270,96,0
2018-12-15,0,81,0,1,133,0,222,195,268,72,0
2018-12-16,0,91,0,1,123,0,220,184,257,83,0
2018-12-17,0,96,0,0,118,0,232,201,291,68,0
2018-12-18,0,93,0,0,106,0,263,181,282,80,0
2018-12-19,0,100,0,0,132,0,224,193,273,61,0
2018-12-20,0,78,1,0,123,0,235,194,262,83,0
2018-12-21,0,99,0,0,121,0,227,194,253,81,0
2018-12-22,0,99,0,0,117,0,226,171,251,74,0
2018-12-23,1,114,1,0,113,0,239,213,260,63,0
2018-12-24,0,82,4,0,132,0,237,202,246,88,0
2018-12-25,0,90,0,0,121,0,218,188,266,77,0
2018-12-26,0,85,0,0,121,0,257,196,282,85,0
2018-12-27,0,92,0,0,100,0,259,207,250,80,0
2018-12-28,0,94,0,1,111,0,232,182,258,77,0
2018-12-29,0,104,0,0,115,0,256,221,248,75,0
2018-12-30,0,88,0,0,100,0,246,200,258,69,0
2018-12-31,0,103,1,1,136,0,233,205,262,70,0
2019-01-01,0,97,0,0,121,0,229,196,236,63,0
2019-01-02,0,84,1,1,119,0,246,184,238,79,0
2019-01-03,1,98,0,0,104,0,231,194,260,74,0
2019-01-04,0,76,0,0,133,0,218,194,259,77,0
2019-01-05,0,96,0,0,115,0,233,237,234,75,0
2019-01-06,0,85,0,0,112,0,267,206,284,81,0
2019-01-07,0,89,0,0,135,0,189,217,249,75,0
2019-01-08,0,96,0,1,104,0,241,195,226,80,0
2019-01-09,0,107,0,0,110,0,208,207,265,92,0
2019-01-10,0,95,0,1,112,1,240,185,262,68,0
2019-01-11,0,88,1,0,152,0,230,184,246,64,0
2019-01-12,0,75,1,0,118,0,235,178,265,70,0
2019-01-13,0,81,0,0,98,0,234,195,294,85,0
2019-01-14,0,93,0,1,117,0,222,201,279,62,0
2019-01-15,0,100,0,2,116,0,272,193,299,72,0
2019-01-16,0,80,1,0,125,1,255,189,255,75,0
2019-01-17,0,92,0,0,118,0,234,203,275,63,0
2019-01-18,0,100,0,0,108,0,211,179,249,52,0
2019-01-19,0,84,0,0,106,0,249,184,236,69,0
2019-01-20,0,102,0,1,122,0,263,178,250,79,0
2019-01-21,0,110,0,0,97,0,238,228,237,87,0
2019-01-22,0,79,0,2,117,0,246,209,277,63,0
2019-01-23,0,89,1,0,116,0,198,213,235,76,0
2019-01-24,0,85,1,0,120,0,233,201,247,74,0
2019-01-25,0,85,0,0,116,0,243,182,243,78,0
2019-01-26,0,99,0,0,128,0,223,223,276,71,0
2019-01-27,0,83,1,1,125,0,242,222,295,70,0
2019-01-28,0,116,0,0,106,0,224,188,281,65,0
2019-01-29,0,87,0,2,120,0,254,194,256,67,0
2019-01-30,0,97,0,0,133,0,271,192,250,81,0
2019-01-31,0,97,1,0,103,0,278,195,270,76,0
2019-02-01,0,93,0,0,124,0,251,213,263,58,0
2019-02-02,0,89,0,1,132,0,233,195,266,66,0
2019-02-03,0,90,0,0,129,1,247,198,249,76,0
2019-02-04,0,90,0,0,114,0,243,190,250,91,0
2019-02-05,0,112,0,2,113,0,243,190,246,65,0
2019-02-06,0,99,0,0,129,1,245,203,247,76,0
2019-02-07,1,104,0,0,126,0,218,183,264,83,0
2019-02-08,0,94,0,0,131,0,256,182,257,68,0
2019-02-09,0,92,0,0,122,0,242,214,264,81,0
2019-02-10,0,82,0,1,117,0,239,195,274,73,0
2019-02-11,0,95,0,0,111,0,210,211,254,63,0
2019-02-12,0,88,0,0,117,1,213,178,276,97,0
2019-02-13,0,109,4,0,113,0,252,202,240,77,0
2019-02-14,0,99,0,0,115,0,248,204,246,80,0
2019-02-15,1,92,0,0,119,0,262,207,279,78,0
2019-02-16,0,95,0,0,116,0,262,210,262,81,0
2019-02-17,0,80,1,0,105,1,242,188,271,74,0
2019-02-18,0,87,2,0,124,0,279,180,267,77,0
2019-02-19,0,103,0,0,120,0,244,209,234,78,0
2019-02-20,1,80,0,1,102,0,227,171,232,88,0
2019-02-21,0,71,1,0,114,1,245,210,256,76,0
2019-02-22,0,81,1,0,134,0,208,201,240,75,0
2019-02-23,0,100,1,0,113,0,242,212,292,75,0
2019-02-24,0,72,1,0,123,0,254,182,242,66,0
2019-02-25,0,84,0,1,108,0,242,214,261,66,0
2019-02-26,0,88,1,0,120,0,210,175,267,68,0
2019-02-27,0,95,1,0,121,0,261,181,237,78,0
2019-02-28,0,86,0,2,129,0,235,211,254,72,0
2019-03-01,0,99,0,0,127,0,254,215,262,62,0
2019-03-02,0,95,1,0,130,0,248,182,262,65,0
2019-03-03,0,93,0,2,112,0,230,194,248,79,0
2019-03-04,1,74,0,0,111,1,262,188,278,78,0
2019-03-05,0,91,1,0,113,0,268,184,267,86,0
2019-03-06,0,86,1,0,124,1,280,193,265,69,0
2019-03-07,0,84,0,1,115,0,244,212,254,82,0
2019-03-08,0,89,0,2,110,0,233,216,250,81,0
2019-03-09,0,100,1,0,113,0,257,192,266,71,0
2019-03-10,0,100,0,0,108,0,230,206,255,62,0
2019-03-11,0,86,0,0,120,0,234,184,256,75,0
2019-03-12,0,112,1,0,113,1,229,194,254,66,0
2019-03-13,0,92,0,1,119,0,243,204,235,70,0
2019-03-14,0,79,2,1,139,0,269,192,255,87,0
2019-03-15,1,88,0,0,103,0,229,200,268,73,0
2019-03-16,0,86,0,0,113,0,260,187,261,73,0
2019-03-17,0,95,1,0,114,0,235,197,256,83,0
2019-03-18,0,77,0,0,131,0,226,201,256,74,0
2019-03-19,0,88,0,1,115,0,235,203,273,78,0
2019-03-20,0,85,0,0,124,0,258,184,287,78,0
2019-03-21,0,77,0,0,97,0,231,177,262,76,0
2019-03-22,0,81,0,1,105,0,221,208,292,62,0
2019-03-23,0,101,0,0,118,1,220,222,257,100,0
2019-03-24,0,87,0,0,131,0,229,179,243,70,0
2019-03-25,0,87,0,1,116,0,284,199,250,100,0
2019-03-26,0,112,0,1,101,0,259,203,269,69,0
2019-03-27,0,91,1,1,129,0,241,202,270,85,0
2019-03-28,0,75,0,0,118,0,238,204,257,84,0
2019-03-29,0,84,0,0,116,0,237,195,283,95,0
2019-03-30,0,78,0,0,117,0,241,209,267,89,0
2019-03-31,0,74,0,0,120,0,254,202,255,75,0
2019-04-01,0,90,0,1,92,0,254,202,258,79,0
2019-04-02,0,76,0,0,155,0,249,209,269,88,0
2019-04-03,0,87,0,0,126,0,247,194,247,65,0
2019-04-04,0,91,0,1,118,0,241,203,270,76,0
2019-04-05,0,92,0,0,115,0,263,205,258,64,0
2019-04-06,0,79,0,0,128,0,229,206,275,73,0
2019-04-07,0,90,0,1,100,0,236,183,252,67,0
2019-04-08,0,85,0,1,125,0,267,194,245,83,0
2019-04-09,0,90,0,0,105,0,241,186,231,65,0
2019-04-10,0,73,0,0,118,0,228,202,272,76,0
2019-04-11,0,88,0,0,123,0,261,203,262,67,0
2019-04-12,0,93,0,0,112,0,255,197,276,79,0
2019-04-13,0,91,0,1,115,0,275,168,270,81,0
2019-04-14,0,82,0,0,139,0,246,203,256,81,0
2019-04-15,0,85,0,0,105,0,246,201,251,72,0
2019-04-16,0,79,0,1,129,0,243,210,283,73,0
2019-04-17,0,96,0,0,143,0,210,225,247,84,0
2019-04-18,0,89,0,0,134,0,275,179,262,84,0
2019-04-19,0,95,0,0,126,0,243,207,256,92,0
2019-04-20,0,87,0,1,139,0,232,207,255,61,0
2019-04-21,0,79,0,0,113,0,247,199,259,75,0
2019-04-22,0,91,0,2,118,0,250,195,249,65,0
2019-04-23,0,96,0,0,121,0,274,204,272,64,0
2019-04-24,0,92,0,1,125,0,227,184,274,78,0
2019-04-25,0,104,0,1,124,0,238,186,269,77,0
2019-04-26,0,98,0,1,131,1,238,210,265,70,0
2019-04-27,0,77,0,0,123,0,258,195,250,70,0
2019-04-28,0,110,0,0,134,0,233,216,256,67,0
2019-04-29,0,107,0,0,140,0,246,189,298,84,0
2019-04-30,0,79,0,1,132,0,211,198,276,83,0
2019-05-01,0,93,0,0,109,0,231,187,233,72,0
2019-05-02,0,108,0,0,114,0,254,197,243,48,0
2019-05-03,0,100,0,0,115,0,231,215,262,96,0
2019-05-04,0,79,0,1,121,0,228,193,228,77,0
2019-05-05,0,88,0,1,109,0,236,214,260,80,0
2019-05-06,0,98,1,0,124,0,232,176,252,61,0
2019-05-07,0,72,0,0,114,0,237,197,253,79,0
2019-05-08,0,101,0,0,122,0,251,185,294,79,0
2019-05-09,0,102,0,0,123,0,213,177,263,73,0
2019-05-10,0,105,0,0,129,0,240,225,272,69,0
2019-05-11,0,89,0,0,112,0,261,167,284,65,0
2019-05-12,0,112,0,0,146,0,237,197,242,60,0
2019-05-13,0,76,0,1,144,0,241,217,277,67,0
2019-05-14,0,93,0,0,105,1,217,212,268,73,0
2019-05-15,0,81,0,0,105,0,244,178,281,57,0
2019-05-16,0,100,0,0,116,0,233,181,298,70,0
2019-05-17,0,93,0,0,150,0,253,204,290,71,0
2019-05-18,0,91,0,1,111,0,227,198,258,84,0
2019-05-19,0,96,0,0,135,0,250,219,273,89,0
2019-05-20,0,74,1,0,121,0,246,187,249,72,0
2019-05-21,0,89,0,1,123,0,281,201,259,63,0
2019-05-22,0,85,1,0,126,0,249,196,263,75,0
2019-05-23,0,85,0,1,110,0,240,212,294,79,0
2019-05-24,0,79,0,0,125,0,254,195,247,84,0
2019-05-25,0,110,0,0,108,0,249,190,249,78,0
2019-05-26,0,94,0,0,114,0,234,189,268,64,0
2019-05-27,0,86,0,1,124,0,261,194,248,91,0
2019-05-28,0,81,0,2,130,0,242,186,255,87,0
2019-05-29,0,98,0,0,131,0,238,201,281,78,0
2019-05-30,0,86,0,1,140,0,237,180,258,65,0
2019-05-31,0,106,1,0,122,0,235,202,284,64,0
2019-06-01,0,82,0,1,136,0,231,210,230,74,0
2019-06-02,0,101,0,0,128,0,268,210,287,72,0
2019-06-03,0,0,976,0,0,0,0,0,0,0,0
2019-06-04,0,0,1044,0,0,0,0,0,0,0,0
2019-06-05,0,0,976,0,0,0,0,0,0,0,0
2019-06-06,0,0,993,3,0,0,0,0,0,0,0
2019-06-07,0,0,961,0,0,0,0,0,0,0,0
2019-06-08,0,0,992,0,0,0,0,0,0,0,0
2019-06-09,0,0,1009,0,0,0,0,0,0,0,0
2019-06-10,0,0,973,1,0,0,0,0,0,0,0
2019-06-11,0,0,986,1,0,0,0,0,0,0,0
2019-06-12,0,0,936,0,0,0,0,0,0,0,0
2019-06-13,0,0,982,0,0,0,0,0,0,0,0
2019-06-14,0,0,961,1,0,0,0,0,0,0,0
2019-06-15,0,0,946,0,0,0,0,0,0,0,0
2019-06-16,0,0,997,1,0,0,0,0,0,0,0
2019-06-17,0,0,1025,0,0,0,0,0,0,0,0
2019-06-18,0,0,980,2,0,0,0,0,0,0,0
2019-06-19,0,0,963,1,0,0,0,0,0,0,0
2019-06-20,0,0,937,0,0,0,0,0,0,0,0
2019-06-21,0,0,1013,0,0,0,0,0,0,0,0
2019-06-22,0,0,1003,0,0,0,0,0,0,0,0
2019-06-23,0,0,1000,0,0,0,0,1,0,0,0
2019-06-24,0,82,2,0,118,0,240,194,242,81,0
2019-06-25,0,93,1,0,123,1,240,195,270,74,0
2019-06-26,0,88,0,1,118,0,250,222,267,83,0
2019-06-27,0,87,0,0,125,0,236,185,251,80,0
2019-06-28,0,86,0,0,139,0,239,222,268,97,0
2019-06-29,0,82,0,1,128,0,237,187,251,77,0
2019-06-30,0,85,0,0,111,0,245,222,255,76,0
2019-07-01,0,104,0,0,112,0,266,182,254,64,0
2019-07-02,0,88,0,0,115,1,228,195,251,77,0
2019-07-03,1,95,0,0,130,0,246,193,235,59,0
2019-07-04,0,75,0,0,99,0,243,225,268,75,0
2019-07-05,0,91,0,0,133,0,252,221,255,66,0
2019-07-06,0,96,0,0,131,0,230,195,293,68,0
2019-07-07,0,92,0,0,117,1,234,187,258,91,0
2019-07-08,0,83,0,0,127,1,239,196,249,76,0
2019-07-09,0,82,0,0,124,0,222,213,276,60,0
2019-07-10,0,90,1,0,134,0,247,199,263,80,0
2019-07-11,0,99,0,0,113,0,242,196,238,82,0
2019-07-12,0,79,1,1,107,0,246,167,237,74,0
2019-07-13,0,94,0,0,111,1,241,189,261,76,0
2019-07-14,0,80,0,2,127,0,236,219,268,68,0
2019-07-15,0,90,1,0,132,0,237,217,239,77,0
2019-07-16,0,100,0,0,134,0,208,182,247,79,0
2019-07-17,0,88,0,1,133,0,237,214,239,83,0
2019-07-18,0,85,0,1,97,0,270,187,280,71,0
2019-07-19,0,107,0,2,127,0,222,199,269,84,0
2019-07-20,0,92,0,0,126,0,220,178,233,80,0
2019-07-21,0,93,0,1,122,0,265,226,236,79,0
2019-07-22,0,102,0,0,117,0,260,199,260,82,0
2019-07-23,0,107,0,0,128,0,232,200,243,72,0
2019-07-24,0,84,0,0,129,0,259,201,251,66,0
2019-07-25,0,85,0,0,109,1,235,176,246,73,0
2019-07-26,0,92,0,0,133,0,234,193,267,72,0
2019-07-27,0,95,2,0,125,0,258,187,255,72,0
2019-07-28,0,74,0,0,132,0,237,183,283,68,0
2019-07-29,0,91,0,0,150,0,248,224,261,73,0
2019-07-30,0,88,2,0,114,0,261,195,232,82,0
2019-07-31,0,78,1,0,144,0,244,196,261,74,0
2019-08-01,0,79,0,0,114,0,209,194,268,72,0
2019-08-02,0,110,0,0,130,0,265,201,275,68,0
2019-08-03,0,96,0,0,115,0,250,186,270,69,0
2019-08-04,0,99,0,0,120,0,224,203,257,86,0
2019-08-05,0,89,0,0,109,0,246,241,272,88,0
2019-08-06,0,103,0,1,104,0,252,191,276,81,0
2019-08-07,0,97,0,0,117,0,250,185,260,54,0
2019-08-08,0,78,0,1,120,0,230,193,253,83,0
2019-08-09,0,86,0,0,120,0,245,226,217,87,0
2019-08-10,0,93,0,0,104,0,218,195,260,63,0
2019-08-11,0,110,2,1,119,0,247,217,277,59,0
2019-08-12,0,113,0,1,123,0,212,191,270,77,0
2019-08-13,0,80,1,1,118,0,223,163,247,89,0
2019-08-14,0,69,0,0,130,0,257,204,252,70,0
2019-08-15,0,95,1,0,121,1,230,183,285,66,0
2019-08-16,0,92,1,1,127,0,223,197,251,70,0
2019-08-17,0,81,0,0,121,0,244,190,253,78,0
2019-08-18,0,99,0,0,127,0,268,204,259,60,0
2019-08-19,0,104,1,0,108,0,247,205,260,72,0
2019-08-20,0,94,1,0,126,0,218,205,266,71,0
2019-08-21,0,89,0,0,122,1,206,208,247,68,0
2019-08-22,0,102,0,0,134,0,269,201,237,78,0
2019-08-23,0,92,0,2,89,0,264,215,270,85,0
2019-08-24,0,83,2,0,132,0,235,203,236,76,0
2019-08-25,0,108,0,1,124,0,247,195,241,76,0
2019-08-26,0,82,0,0,137,0,250,209,229,76,0
2019-08-27,0,107,0,1,120,0,249,190,270,98,0
2019-08-28,0,79,0,0,130,0,204,221,250,69,0
2019-08-29,0,99,1,0,120,1,243,202,249,87,0
2019-08-30,0,99,0,1,123,0,238,210,282,64,0
2019-08-31,0,100,0,0,118,0,245,224,271,94,0
2019-09-01,0,90,1,0,119,1,247,202,257,72,0
2019-09-02,0,81,1,1,105,0,232,194,283,82,0
2019-09-03,1,80,2,0,112,2,219,190,288,81,0
2019-09-04,0,97,0,0,122,0,273,190,262,78,0
2019-09-05,0,81,0,0,125,1,209,201,276,89,0
2019-09-06,0,99,0,0,134,1,264,222,281,69,0
2019-09-07,0,96,0,2,133,0,264,216,259,70,0
2019-09-08,0,101,0,2,121,0,248,193,252,81,0
2019-09-09,0,95,0,0,141,0,246,196,240,83,0
2019-09-10,0,95,1,0,106,0,271,207,271,79,0
2019-09-11,0,99,0,1,122,0,235,181,245,71,0
2019-09-12,0,90,0,0,126,1,219,203,270,67,0
2019-09-13,0,91,1,0,125,0,263,189,253,80,0
2019-09-14,0,81,0,0,129,0,239,196,250,70,0
2019-09-15,0,96,0,0,146,0,236,194,276,70,0
2019-09-16,0,81,0,1,99,0,241,177,239,73,0
2019-09-17,0,84,0,0,131,0,240,203,284,82,0
2019-09-18,0,82,0,1,143,0,217,209,237,75,0
2019-09-19,0,93,0,0,113,0,232,206,262,90,0
2019-09-20,0,79,0,0,115,0,256,193,287,70,0
2019-09-21,0,98,0,0,141,0,241,191,262,82,0
2019-09-22,0,108,0,0,112,0,256,188,251,70,0
2019-09-23,0,101,1,0,116,0,230,192,270,78,0
2019-09-24,0,98,0,1,124,0,238,206,226,80,0
2019-09-25,0,103,1,1,131,0,246,216,263,78,0
2019-09-26,0,79,0,0,150,1,245,205,253,87,0
2019-09-27,0,97,0,1,113,0,221,186,229,66,0
2019-09-28,0,91,0,1,129,0,245,226,244,60,0
2019-09-29,0,96,0,1,119,0,239,188,245,77,0
2019-09-30,0,99,0,0,116,0,250,200,240,69,0
2019-10-01,0,80,0,0,115,0,243,228,261,80,0
2019-10-02,0,91,0,1,122,0,274,193,233,85,0
2019-10-03,0,80,0,0,130,0,250,201,246,75,0
2019-10-04,0,101,0,0,128,0,241,196,240,70,0
2019-10-05,0,98,0,0,123,0,229,171,270,74,0
2019-10-06,0,86,0,1,118,0,255,196,230,76,0
2019-10-07,0,105,0,0,113,0,251,198,246,70,0
2019-10-08,0,87,1,0,107,0,229,204,249,86,0
2019-10-09,0,77,0,1,131,0,246,182,277,70,0
2019-10-10,0,96,0,0,134,0,243,186,258,67,0
2019-10-11,0,98,0,2,105,0,248,204,257,70,0
2019-10-12,0,83,0,0,122,0,233,190,227,71,0
2019-10-13,0,76,0,0,126,0,275,198,255,82,0
2019-10-14,0,89,0,1,115,0,256,184,261,74,0
2019-10-15,0,96,0,0,113,0,227,168,278,90,0
2019-10-16,0,89,0,0,137,1,217,202,247,80,0
2019-10-17,0,95,0,0,128,0,245,197,259,69,0
2019-10-18,0,90,0,0,142,0,246,187,272,78,0
2019-10-19,0,64,0,0,130,0,259,203,275,91,0
2019-10-20,0,101,0,0,130,0,222,191,232,83,0
2019-10-21,1,78,1,0,118,0,244,175,242,79,0
2019-10-22,0,96,1,0,107,0,251,191,251,67,0
2019-10-23,0,98,0,1,132,0,244,190,258,72,0
2019-10-24,0,97,0,0,124,1,254,211,267,82,0
2019-10-25,0,75,1,0,124,0,229,185,246,84,0
2019-10-26,0,108,1,1,126,0,253,190,240,81,0
2019-10-27,0,71,0,1,134,0,249,212,257,84,0
2019-10-28,0,86,0,1,115,1,248,198,263,97,0
2019-10-29,0,78,0,1,110,0,262,200,264,75,0
2019-10-30,0,77,0,1,116,0,243,194,263,77,0
2019-10-31,0,92,0,2,110,0,237,204,237,85,0
2019-11-01,1,79,0,1,109,0,252,209,275,67,0
2019-11-02,0,92,0,0,112,0,254,211,228,85,0
2019-11-03,0,92,0,2,103,0,269,173,266,68,0
2019-11-04,0,86,0,0,133,0,255,208,268,78,0
2019-11-05,0,81,0,0,124,0,243,223,267,64,0
2019-11-06,0,106,0,0,97,0,222,196,256,64,0
2019-11-07,0,86,0,0,121,0,258,216,236,57,0
2019-11-08,0,77,0,2,116,0,238,185,231,65,0
2019-11-09,0,89,0,1,119,0,260,201,244,90,0
2019-11-10,0,84,1,0,129,0,216,198,266,86,0
2019-11-11,0,92,0,0,123,0,266,194,260,68,0
2019-11-12,0,91,2,1,120,1,256,204,267,85,0
2019-11-13,0,80,2,0,120,0,235,178,250,77,0
2019-11-14,0,76,0,0,119,0,243,175,251,88,0
2019-11-15,1,86,0,1,110,1,254,199,270,73,0
2019-11-16,0,89,0,1,123,0,240,211,259,88,0
2019-11-17,0,84,0,0,133,0,250,205,236,78,0
2019-11-18,1,110,0,3,123,0,258,213,261,63,0
2019-11-19,1,87,0,0,115,0,225,194,281,76,0
2019-11-20,0,77,0,0,113,1,240,179,258,87,0
2019-11-21,0,86,0,1,102,1,207,209,270,70,0
2019-11-22,3,93,0,0,124,2,252,189,273,74,0
2019-11-23,0,99,0,0,134,0,257,206,274,78,0
2019-11-24,0,85,0,0,137,2,247,211,253,81,0
2019-11-25,1,86,0,0,121,1,235,166,253,69,0
2019-11-26,0,88,1,0,120,0,234,198,240,91,0
2019-11-27,2,81,2,0,151,1,248,174,242,72,0
2019-11-28,0,72,1,1,113,3,220,196,255,71,0
2019-11-29,0,97,2,0,125,3,251,194,237,69,0
2019-11-30,0,89,1,0,112,3,254,191,240,94,0
2019-12-01,2,88,2,0,122,1,271,194,249,75,0
2019-12-02,2,79,1,1,132,5,239,200,227,75,0
2019-12-03,5,94,2,0,115,2,257,210,267,71,0
2019-12-04,4,88,0,0,132,0,251,214,277,87,0
2019-12-05,2,91,2,0,140,2,241,198,292,71,0
2019-12-06,3,100,3,0,126,4,258,188,288,89,0
2019-12-07,5,84,1,0,118,4,228,191,236,77,0
2019-12-08,2,85,4,0,126,4,251,212,245,78,0
2019-12-09,0,89,3,0,117,1,266,218,253,80,0
2019-12-10,3,91,5,1,103,4,264,209,236,98,0
2019-12-11,0,100,5,0,133,2,218,214,268,76,0
2019-12-12,0,97,1,0,125,3,278,204,270,72,0
2019-12-13,3,96,4,0,115,5,252,188,279,76,1
2019-12-14,6,94,2,0,134,8,257,191,278,80,0
2019-12-15,4,95,6,0,122,0,255,181,258,76,0
2019-12-16,1,108,10,0,101,3,255,230,257,83,0
2019-12-17,2,93,3,1,117,6,250,187,255,88,0
2019-12-18,4,103,2,1,106,3,224,220,219,64,0
2019-12-19,3,89,5,3,122,3,267,197,263,72,0
2019-12-20,4,102,3,0,115,4,235,211,257,69,0
2019-12-21,5,90,7,0,112,4,248,215,288,84,0
2019-12-22,0,109,4,0,140,3,258,221,259,77,0
2019-12-23,3,106,7,1,115,4,250,199,259,73,0
2019-12-24,3,98,10,0,127,3,238,199,251,64,0
2019-12-25,4,81,10,0,121,5,253,206,254,78,0
2019-12-26,1,81,7,0,140,5,261,202,287,82,0
2019-12-27,4,95,4,1,105,3,239,212,264,87,0
2019-12-28,4,85,8,1,112,3,233,195,262,78,0
2019-12-29,4,76,14,0,125,4,254,193,263,70,0
2019-12-30,5,97,10,0,124,5,277,191,254,63,0
2019-12-31,1,83,8,1,130,21,278,192,304,74,0
2020-01-01,3,98,17,1,124,14,246,220,264,63,1
2020-01-02,2,82,29,2,101,6,286,213,292,72,0
2020-01-03,5,97,18,2,113,4,239,233,283,80,0
2020-01-04,3,109,23,6,130,9,267,223,269,76,0
2020-01-05,4,98,17,4,118,5,281,195,301,72,0
2020-01-06,9,81,26,8,140,12,266,208,240,80,0
2020-01-07,9,110,25,5,123,8,297,194,233,57,0
2020-01-08,3,75,16,2,134,10,259,200,246,58,1
2020-01-09,5,83,20,2,128,4,281,192,255,74,0
2020-01-10,4,91,16,4,143,8,256,211,244,87,0
2020-01-11,9,75,16,5,138,11,269,208,287,80,2
2020-01-12,3,118,18,4,133,7,263,193,260,72,0
2020-01-13,5,91,12,1,108,3,256,219,249,77,0
2020-01-14,4,93,20,7,136,2,269,197,274,81,1
2020-01-15,3,98,15,10,127,6,282,193,275,66,0
2020-01-16,3,94,24,6,141,10,280,208,282,81,0
2020-01-17,4,90,24,10,136,6,265,222,271,79,0
2020-01-18,1,78,21,13,125,6,284,194,271,65,0
2020-01-19,5,86,19,15,133,9,268,230,276,59,0
2020-01-20,1,83,9,17,134,3,282,217,248,87,0
2020-01-21,6,98,25,21,111,6,267,207,261,78,0
2020-01-22,4,100,20,14,114,7,241,204,264,68,1
2020-01-23,4,87,12,14,103,7,270,191,264,73,0
2020-01-24,2,100,20,12,137,5,265,191,288,78,0
2020-01-25,10,88,15,19,124,11,266,228,286,73,1
2020-01-26,3,99,10,10,124,2,292,214,265,79,0
2020-01-27,2,104,15,23,133,9,260,198,256,72,0
2020-01-28,3,114,8,20,137,12,244,214,264,75,0
2020-01-29,8,101,15,21,128,4,268,211,275,70,0
2020-01-30,3,91,15,25,126,8,277,211,286,83,1
2020-01-31,1,87,16,17,105,2,223,197,303,77,0
2020-02-01,2,98,13,19,116,7,270,194,248,61,1
2020-02-02,4,85,17,24,125,11,269,205,264,62,0
2020-02-03,3,99,18,24,124,12,251,210,277,62,1
2020-02-04,0,88,10,19,127,7,260,206,269,70,0
2020-02-05,2,94,16,24,118,4,261,237,258,69,0
2020-02-06,3,98,16,22,113,2,255,224,275,69,0
2020-02-07,1,88,12,27,142,4,272,193,273,83,0
2020-02-08,2,96,14,26,141,9,267,180,260,61,0
2020-02-09,1,89,9,29,123,5,269,182,249,78,0
2020-02-10,0,92,19,35,131,3,273,234,251,63,0
2020-02-11,1,91,9,33,139,3,266,221,272,70,0
2020-02-12,3,86,9,34,127,6,243,226,235,81,0
2020-02-13,1,92,21,42,130,4,238,192,261,79,0
2020-02-14,0,107,7,34,133,4,242,188,274,78,0
2020-02-15,1,76,15,43,118,2,250,172,266,84,0
2020-02-16,0,111,11,42,107,6,270,208,273,71,0
2020-02-17,0,103,18,44,122,4,284,199,287,77,0
2020-02-18,1,113,14,53,125,4,245,216,272,78,0
2020-02-19,1,83,11,58,134,6,257,221,245,80,0
2020-02-20,0,99,18,67,113,3,243,200,259,90,0
2020-02-21,3,93,12,69,126,1,269,195,270,85,0
2020-02-22,0,82,9,71,90,2,293,180,250,79,0
2020-02-23,1,93,9,80,112,1,237,192,240,82,0
2020-02-24,0,93,4,63,120,0,245,212,231,83,0
2020-02-25,1,98,9,78,123,3,284,200,269,69,0
2020-02-26,0,95,3,115,111,1,256,178,242,66,0
2020-02-27,0,90,5,126,114,0,250,202,246,72,0
2020-02-28,0,93,1,147,129,1,266,182,242,73,0
