design,outcome,start,estimate
channel,spend,2018-01-01,0.02787139753713308
channel,spend,2018-01-08,0.019069946104965745
channel,spend,2018-01-15,-0.06011527025494628
channel,spend,2018-01-22,-0.01848474423714586
channel,spend,2018-01-29,0.03082170883098895
channel,spend,2018-02-05,-0.028223630298203375
channel,spend,2018-02-12,0.018727560200308746
channel,spend,2018-02-19,0.05527637351455069
channel,spend,2018-02-26,-0.04023073361007003
channel,spend,2018-03-05,-0.024771200907182135
channel,spend,2018-03-12,0.03468909881499763
channel,spend,2018-03-19,-0.02562995326672418
channel,spend,2018-03-26,-0.06127333617785151
channel,spend,2018-04-02,-0.04364607848742309
channel,spend,2018-04-09,0.009265074875047893
channel,spend,2018-04-16,0.07888262213150177
channel,spend,2018-04-23,0.045410058521466276
channel,spend,2018-04-30,-0.06470597142024322
channel,spend,2018-05-07,-0.03939868145067714
channel,spend,2018-05-14,0.027374842583320628
channel,spend,2018-05-21,-0.010751750848057613
channel,spend,2018-05-28,0.03665787115490375
channel,spend,2018-06-04,0.0794951573648207
channel,spend,2018-06-11,-0.003331191590730423
channel,spend,2018-06-18,-0.06061988151746627
channel,spend,2018-06-25,-0.05733599383186286
channel,spend,2018-07-02,-0.020598896680717006
channel,spend,2018-07-09,-0.004760594718896994
channel,spend,2018-07-16,0.04400720398441989
channel,spend,2018-07-23,0.08162383948977402
channel,spend,2018-07-30,-0.04489651694883732
channel,spend,2018-08-06,-0.07224268975690294
channel,spend,2018-08-13,0.006465897105984499
channel,spend,2018-08-20,0.025433047670023263
channel,spend,2018-08-27,0.01954965656286313
channel,spend,2018-09-03,-0.02415216477776209
channel,spend,2018-09-10,-0.010694076053092092
channel,spend,2018-09-17,0.013074897925573415
channel,spend,2018-09-24,0.004215172189768652
channel,spend,2018-10-01,0.008283198829342248
channel,spend,2018-10-08,-0.01726965640460354
channel,spend,2018-10-15,-0.02713547122065701
channel,spend,2018-10-22,0.05141470400546797
channel,spend,2018-10-29,0.1314733350460595
channel,spend,2018-11-05,0.06458289002739294
channel,spend,2018-11-12,-0.06516259464203741
channel,spend,2018-11-19,-0.08667179818182386
channel,spend,2018-11-26,0.002343354869875588
channel,spend,2018-12-03,0.05864192052151999
channel,spend,2018-12-10,0.0030817379513490614
channel,spend,2018-12-17,-0.058951276882652434
channel,spend,2018-12-24,0.02265382543188531
channel,spend,2018-12-31,0.06397214224089158
channel,spend,2019-01-07,-0.041717281051535306
channel,spend,2019-04-01,-0.002948911505159998
channel,spend,2019-04-08,0.07087614447386535
channel,spend,2019-04-15,0.018044049310981043
channel,spend,2019-04-22,-0.06757324629186111
channel,spend,2019-06-24,-0.03302015625876565
channel,spend,2019-07-01,-0.09309307532454293
channel,spend,2019-07-08,-0.02600635817992747
channel,spend,2019-07-15,0.006212001890731586
channel,spend,2019-07-22,-0.060414645355325786
channel,spend,2019-07-29,0.007444023355854312
channel,spend,2019-08-05,0.07568551136478437
channel,spend,2019-08-12,0.0235555753286042
channel,spend,2019-08-19,-0.022966140417225136
channel,spend,2019-08-26,-0.02240889370433728
channel,spend,2019-09-02,0.025588557392466904
channel,spend,2019-09-09,0.05848852865150691
channel,spend,2019-09-16,0.018697906196465105
channel,spend,2019-09-23,-0.037035684420125864
channel,spend,2019-09-30,-0.06680526001098891
channel,spend,2019-10-07,-0.03575375817869046
channel,spend,2019-10-14,0.025165251699445272
channel,spend,2019-10-21,0.032228568222960205
channel,spend,2019-10-28,0.025603591165451526
channel,spend,2019-11-04,-0.015200781419309356
channel,spend,2019-11-11,-0.02002804601084298
channel,spend,2019-11-18,0.02401192059708812
channel,impressions,2018-01-01,0.027871969791563558
channel,impressions,2018-01-08,0.01907529806986251
channel,impressions,2018-01-15,-0.06010695990523294
channel,impressions,2018-01-22,-0.01847529694019509
channel,impressions,2018-01-29,0.030821631617237475
channel,impressions,2018-02-05,-0.02823468833814657
channel,impressions,2018-02-12,0.018728236903899492
channel,impressions,2018-02-19,0.05529053096021193
channel,impressions,2018-02-26,-0.04022915477744078
channel,impressions,2018-03-05,-0.02477028285054076
channel,impressions,2018-03-12,0.03469384097307356
channel,impressions,2018-03-19,-0.025634561379791723
channel,impressions,2018-03-26,-0.06128217949659394
channel,impressions,2018-04-02,-0.04364680127713827
channel,impressions,2018-04-09,0.00926959760247425
channel,impressions,2018-04-16,0.07887633579753897
channel,impressions,2018-04-23,0.04540612543060462
channel,impressions,2018-04-30,-0.06470474715694435
channel,impressions,2018-05-07,-0.039404941834740595
channel,impressions,2018-05-14,0.027371239834846867
channel,impressions,2018-05-21,-0.010744281537673704
channel,impressions,2018-05-28,0.03666341767996147
channel,impressions,2018-06-04,0.07949665493471304
channel,impressions,2018-06-11,-0.0033301962822171547
channel,impressions,2018-06-18,-0.06062810953344539
channel,impressions,2018-06-25,-0.05733679171791755
channel,impressions,2018-07-02,-0.020584854425877007
channel,impressions,2018-07-09,-0.004756303642399599
channel,impressions,2018-07-16,0.04400449454761617
channel,impressions,2018-07-23,0.0816195933261367
channel,impressions,2018-07-30,-0.04490961817332505
channel,impressions,2018-08-06,-0.07224709054230952
channel,impressions,2018-08-13,0.006475480329332679
channel,impressions,2018-08-20,0.025436147594842026
channel,impressions,2018-08-27,0.019551824053727046
channel,impressions,2018-09-03,-0.024151749951665403
channel,impressions,2018-09-10,-0.010701207022486146
channel,impressions,2018-09-17,0.01307381191318009
channel,impressions,2018-09-24,0.00421384068162037
channel,impressions,2018-10-01,0.008278610007752233
channel,impressions,2018-10-08,-0.01726755592318007
channel,impressions,2018-10-15,-0.0271305279031073
channel,impressions,2018-10-22,0.05142167531906975
channel,impressions,2018-10-29,0.1314742004660662
channel,impressions,2018-11-05,0.06457694316215461
channel,impressions,2018-11-12,-0.06516268214220146
channel,impressions,2018-11-19,-0.08666976482254048
channel,impressions,2018-11-26,0.0023438417959718632
channel,impressions,2018-12-03,0.05864137305426003
channel,impressions,2018-12-10,0.003081509503386022
channel,impressions,2018-12-17,-0.058948684149058385
channel,impressions,2018-12-24,0.02265854311276049
channel,impressions,2018-12-31,0.06396911058989004
channel,impressions,2019-01-07,-0.04172408076059507
channel,impressions,2019-04-01,-0.0029431582131741875
channel,impressions,2019-04-08,0.07087762292113864
channel,impressions,2019-04-15,0.01804173180952927
channel,impressions,2019-04-22,-0.06757980818537163
channel,impressions,2019-06-24,-0.03302068911772091
channel,impressions,2019-07-01,-0.09310007481460707
channel,impressions,2019-07-08,-0.02601035715732112
channel,impressions,2019-07-15,0.00621271573703698
channel,impressions,2019-07-22,-0.06041651299680366
channel,impressions,2019-07-29,0.007444152003298057
channel,impressions,2019-08-05,0.07569418563210781
channel,impressions,2019-08-12,0.023555353855861962
channel,impressions,2019-08-19,-0.02297624068352461
channel,impressions,2019-08-26,-0.022408193178662102
channel,impressions,2019-09-02,0.025600529501899158
channel,impressions,2019-09-09,0.05849449763569858
channel,impressions,2019-09-16,0.018697380297543868
channel,impressions,2019-09-23,-0.03703535600566792
channel,impressions,2019-09-30,-0.06680835960113767
channel,impressions,2019-10-07,-0.03575960280066158
channel,impressions,2019-10-14,0.025163383933650463
channel,impressions,2019-10-21,0.032229053400994113
channel,impressions,2019-10-28,0.02560643975053609
channel,impressions,2019-11-04,-0.015199830184034351
channel,impressions,2019-11-11,-0.02002822947855281
channel,impressions,2019-11-18,0.02401839315721106
channel,clicks,2018-01-01,0.01548416502888933
channel,clicks,2018-01-08,-0.011557400959248914
channel,clicks,2018-01-15,-0.05761835225721785
channel,clicks,2018-01-22,-0.013442756907327586
channel,clicks,2018-01-29,0.03430356614913316
channel,clicks,2018-02-05,-0.019740877980540514
channel,clicks,2018-02-12,0.017679606315013505
channel,clicks,2018-02-19,0.03701176344751178
channel,clicks,2018-02-26,-0.04952608068569236
channel,clicks,2018-03-05,-0.02317763733787898
channel,clicks,2018-03-12,0.026648132971055477
channel,clicks,2018-03-19,-0.016470740148333295
channel,clicks,2018-03-26,-0.06274693162003842
channel,clicks,2018-04-02,-0.04910663040933379
channel,clicks,2018-04-09,0.033111690496248646
channel,clicks,2018-04-16,0.08516767913738499
channel,clicks,2018-04-23,0.03439648293958489
channel,clicks,2018-04-30,-0.09303117435898701
channel,clicks,2018-05-07,-0.08001521763083447
channel,clicks,2018-05-14,0.050526952621775596
channel,clicks,2018-05-21,0.06147116544398357
channel,clicks,2018-05-28,0.052252076948030364
channel,clicks,2018-06-04,0.048589529117396016
channel,clicks,2018-06-11,0.002342301608268025
channel,clicks,2018-06-18,-0.04747541824032413
channel,clicks,2018-06-25,-0.07911413101573093
channel,clicks,2018-07-02,-0.04064817821632727
channel,clicks,2018-07-09,0.009150263059112443
channel,clicks,2018-07-16,0.07154015160630393
channel,clicks,2018-07-23,0.07464129944052868
channel,clicks,2018-07-30,-0.07267978912744165
channel,clicks,2018-08-06,-0.08954531731102944
channel,clicks,2018-08-13,-0.006894576533018556
channel,clicks,2018-08-20,0.038858895257092
channel,clicks,2018-08-27,0.02706322555780188
channel,clicks,2018-09-03,-0.025918192804054874
channel,clicks,2018-09-10,0.010288523445436109
channel,clicks,2018-09-17,0.015746070545047994
channel,clicks,2018-09-24,0.02188753408779224
channel,clicks,2018-10-01,0.0002296928323195201
channel,clicks,2018-10-08,-0.06626567864203955
channel,clicks,2018-10-15,-0.01665514678435429
channel,clicks,2018-10-22,0.07475384938136052
channel,clicks,2018-10-29,0.13988240627673285
channel,clicks,2018-11-05,0.08830751863661629
channel,clicks,2018-11-12,-0.07148458365173356
channel,clicks,2018-11-19,-0.10486149044259266
channel,clicks,2018-11-26,-0.0003257223470108325
channel,clicks,2018-12-03,0.0450200519606331
channel,clicks,2018-12-10,-0.008331458544956141
channel,clicks,2018-12-17,-0.048110886847112455
channel,clicks,2018-12-24,0.020907349295984232
channel,clicks,2018-12-31,0.04488730482163105
channel,clicks,2019-01-07,-0.0383001982247415
channel,clicks,2019-04-01,-0.00033781254698667074
channel,clicks,2019-04-08,0.015449284498631892
channel,clicks,2019-04-15,0.03362416711121062
channel,clicks,2019-04-22,-0.044089328896762606
channel,clicks,2019-06-24,-0.05825630305630087
channel,clicks,2019-07-01,-0.09956713209099886
channel,clicks,2019-07-08,-0.005140637621679791
channel,clicks,2019-07-15,0.02684992365795301
channel,clicks,2019-07-22,-0.06236028049417115
channel,clicks,2019-07-29,-0.02117535471061473
channel,clicks,2019-08-05,0.05826379157943011
channel,clicks,2019-08-12,0.01596053115664271
channel,clicks,2019-08-19,-0.04112552721983146
channel,clicks,2019-08-26,-0.007621444484242755
channel,clicks,2019-09-02,0.0582904573483363
channel,clicks,2019-09-09,0.040585832658177896
channel,clicks,2019-09-16,-0.0006488315265058258
channel,clicks,2019-09-23,0.00478024938711864
channel,clicks,2019-09-30,-0.024071171109936975
channel,clicks,2019-10-07,-0.06328247649986603
channel,clicks,2019-10-14,-0.023376880639589703
channel,clicks,2019-10-21,0.04102186591584393
channel,clicks,2019-10-28,0.04372958440008104
channel,clicks,2019-11-04,-0.02717305728110895
channel,clicks,2019-11-11,-0.019887213859415172
channel,clicks,2019-11-18,0.043933477066291436
channel,touches,2018-01-01,-0.01215144650756586
channel,touches,2018-01-08,-0.019618498453736078
channel,touches,2018-01-15,-0.04503323373966114
channel,touches,2018-01-22,-0.007255428307974386
channel,touches,2018-01-29,0.044214897125375546
channel,touches,2018-02-05,-0.028250318093282382
channel,touches,2018-02-12,-0.05794472855886103
channel,touches,2018-02-19,0.048793058380772934
channel,touches,2018-02-26,0.05013402233582694
channel,touches,2018-03-05,-0.032630380255955264
channel,touches,2018-03-12,-0.012580409984929547
channel,touches,2018-03-19,0.016366549878484647
channel,touches,2018-03-26,0.016953020150762464
channel,touches,2018-04-02,0.009087519873136279
channel,touches,2018-04-09,-0.021130460985673644
channel,touches,2018-04-16,-0.014101912405589744
channel,touches,2018-04-23,-0.011383329370415626
channel,touches,2018-04-30,0.00826043582488532
channel,touches,2018-05-07,0.03952111287826585
channel,touches,2018-05-14,0.010716113785452562
channel,touches,2018-05-21,0.01569564281304867
channel,touches,2018-05-28,0.010948707831015835
channel,touches,2018-06-04,-0.01877058146264226
channel,touches,2018-06-11,-0.027503184848147785
channel,touches,2018-06-18,-0.03027337815230662
channel,touches,2018-06-25,0.015222550303037909
channel,touches,2018-07-02,0.04715148776570245
channel,touches,2018-07-09,0.009435286305095696
channel,touches,2018-07-16,-0.010775844818928619
channel,touches,2018-07-23,-0.02726126475607389
channel,touches,2018-07-30,-0.03514957455216114
channel,touches,2018-08-06,0.0008359933973495989
channel,touches,2018-08-13,0.00799927344748718
channel,touches,2018-08-20,-0.0019763597567245012
channel,touches,2018-08-27,0.02532674079430387
channel,touches,2018-09-03,0.04437978826162405
channel,touches,2018-09-10,-0.011704887866474686
channel,touches,2018-09-17,-0.020616707992527763
channel,touches,2018-09-24,0.03264880790728618
channel,touches,2018-10-01,0.01715597891056825
channel,touches,2018-10-08,-0.03065336851675748
channel,touches,2018-10-15,-0.03452233918407758
channel,touches,2018-10-22,-0.029031817479309458
channel,touches,2018-10-29,-0.023800875698118076
channel,touches,2018-11-05,0.022188579505870925
channel,touches,2018-11-12,0.02572061087900523
channel,touches,2018-11-19,-0.02707815627830215
channel,touches,2018-11-26,-0.03662709985307463
channel,touches,2018-12-03,0.030224599741004828
channel,touches,2018-12-10,0.04129851785489609
channel,touches,2018-12-17,-0.033564260247733485
channel,touches,2018-12-24,0.0008544799430139968
channel,touches,2018-12-31,0.045218340304222567
channel,touches,2019-01-07,0.006767650670917937
channel,touches,2019-04-01,-0.052993386612480695
channel,touches,2019-04-08,-0.04082244295685617
channel,touches,2019-04-15,-0.019612984449584214
channel,touches,2019-04-22,0.008046066775293133
channel,touches,2019-06-24,-0.020325499687519972
channel,touches,2019-07-01,-0.027277550982535714
channel,touches,2019-07-08,0.02880499239850466
channel,touches,2019-07-15,0.011863998966812901
channel,touches,2019-07-22,-0.0071172726540411875
channel,touches,2019-07-29,-0.012331192415217572
channel,touches,2019-08-05,-0.03613496809768907
channel,touches,2019-08-12,-0.014545792285084066
channel,touches,2019-08-19,0.03181626474637479
channel,touches,2019-08-26,0.025667748188952445
channel,touches,2019-09-02,-0.017780440990899964
channel,touches,2019-09-09,-0.0037077673081215234
channel,touches,2019-09-16,0.05720638784450283
channel,touches,2019-09-23,0.012536430946693477
channel,touches,2019-09-30,-0.037165245562190106
channel,touches,2019-10-07,0.03819637814339636
channel,touches,2019-10-14,0.0504377974045211
channel,touches,2019-10-21,-0.015384764791594698
channel,touches,2019-10-28,-0.02973595935951215
channel,touches,2019-11-04,-0.016358442424466768
channel,touches,2019-11-11,0.00028605897282183004
channel,touches,2019-11-18,0.0019098780586906062
yoy,accounts,2018-12-31,1.0000000000000004
yoy,accounts,2019-01-07,2.0
yoy,accounts,2019-04-01,6.0
yoy,accounts,2019-04-08,-4.0
yoy,accounts,2019-04-15,-1.0
yoy,accounts,2019-04-22,4.0
yoy,accounts,2019-04-29,2.0
yoy,accounts,2019-05-06,0.0
yoy,accounts,2019-05-13,-1.0
yoy,accounts,2019-05-20,-8.000000000000002
yoy,accounts,2019-05-27,-9.0
yoy,accounts,2019-06-03,4.000000000000002
yoy,accounts,2019-06-10,9.999999999999998
yoy,accounts,2019-06-17,8.0
yoy,accounts,2019-06-24,3.0
yoy,accounts,2019-07-01,-9.0
yoy,accounts,2019-07-08,-10.0
yoy,accounts,2019-07-15,-3.885780586188048e-16
yoy,accounts,2019-07-22,2.9999999999999996
yoy,accounts,2019-07-29,7.0
yoy,accounts,2019-08-05,6.0
yoy,accounts,2019-08-12,-2.0000000000000004
yoy,accounts,2019-08-19,-2.0
yoy,accounts,2019-08-26,0.0
yoy,accounts,2019-09-02,1.0
yoy,accounts,2019-09-09,-3.0
yoy,accounts,2019-09-16,-4.0
yoy,accounts,2019-09-23,3.0
yoy,accounts,2019-09-30,6.0
yoy,accounts,2019-10-07,2.0
yoy,accounts,2019-10-14,-4.0
yoy,accounts,2019-10-21,-1.0000000000000004
yoy,accounts,2019-10-28,-1.0
yoy,accounts,2019-11-04,-6.0
yoy,accounts,2019-11-11,2.0
yoy,accounts,2019-11-18,5.0
yoy,accounts_by_existing_customers,2018-12-31,0.0
yoy,accounts_by_existing_customers,2019-01-07,2.0
yoy,accounts_by_existing_customers,2019-04-01,6.0
yoy,accounts_by_existing_customers,2019-04-08,-3.0
yoy,accounts_by_existing_customers,2019-04-15,-2.0
yoy,accounts_by_existing_customers,2019-04-22,3.0
yoy,accounts_by_existing_customers,2019-04-29,2.0
yoy,accounts_by_existing_customers,2019-05-06,0.0
yoy,accounts_by_existing_customers,2019-05-13,-1.0
yoy,accounts_by_existing_customers,2019-05-20,-7.0
yoy,accounts_by_existing_customers,2019-05-27,-7.0
yoy,accounts_by_existing_customers,2019-06-03,4.0
yoy,accounts_by_existing_customers,2019-06-10,9.0
yoy,accounts_by_existing_customers,2019-06-17,8.0
yoy,accounts_by_existing_customers,2019-06-24,2.0000000000000004
yoy,accounts_by_existing_customers,2019-07-01,-9.0
yoy,accounts_by_existing_customers,2019-07-08,-9.0
yoy,accounts_by_existing_customers,2019-07-15,-1.0
yoy,accounts_by_existing_customers,2019-07-22,1.0
yoy,accounts_by_existing_customers,2019-07-29,5.0
yoy,accounts_by_existing_customers,2019-08-05,6.0
yoy,accounts_by_existing_customers,2019-08-12,-3.885780586188048e-16
yoy,accounts_by_existing_customers,2019-08-19,-1.0000000000000004
yoy,accounts_by_existing_customers,2019-08-26,1.0
yoy,accounts_by_existing_customers,2019-09-02,3.0
yoy,accounts_by_existing_customers,2019-09-09,-1.0
yoy,accounts_by_existing_customers,2019-09-16,-4.0
yoy,accounts_by_existing_customers,2019-09-23,0.0
yoy,accounts_by_existing_customers,2019-09-30,4.0
yoy,accounts_by_existing_customers,2019-10-07,1.0
yoy,accounts_by_existing_customers,2019-10-14,-4.0
yoy,accounts_by_existing_customers,2019-10-21,1.0
yoy,accounts_by_existing_customers,2019-10-28,-1.0
yoy,accounts_by_existing_customers,2019-11-04,-7.0
yoy,accounts_by_existing_customers,2019-11-11,2.0
yoy,accounts_by_existing_customers,2019-11-18,4.999999999999999
yoy,settled_purchases,2018-12-31,-0.0010452264191735915
yoy,settled_purchases,2019-01-07,-0.0010227127805678903
yoy,settled_purchases,2019-04-01,0.016329968509779105
yoy,settled_purchases,2019-04-08,-0.0022971631853675144
yoy,settled_purchases,2019-04-15,-0.0032578473134072922
yoy,settled_purchases,2019-04-22,0.009194029878277303
yoy,settled_purchases,2019-04-29,0.009670127595671664
yoy,settled_purchases,2019-05-06,-0.0013793025766962238
yoy,settled_purchases,2019-05-13,-0.0054883783728544725
yoy,settled_purchases,2019-05-20,-0.003609714192986576
yoy,settled_purchases,2019-05-27,0.0020016872454160094
yoy,settled_purchases,2019-06-03,0.007043608032708371
yoy,settled_purchases,2019-06-10,-0.0048568373153222285
yoy,settled_purchases,2019-06-17,-0.0013624401763486797
yoy,settled_purchases,2019-06-24,0.0021359451744132093
yoy,settled_purchases,2019-07-01,-0.003871305779807927
yoy,settled_purchases,2019-07-08,0.013467745043741687
yoy,settled_purchases,2019-07-15,0.012086171845918776
yoy,settled_purchases,2019-07-22,-0.017381585239828447
yoy,settled_purchases,2019-07-29,-0.02163836420589898
yoy,settled_purchases,2019-08-05,-0.004999146223527312
yoy,settled_purchases,2019-08-12,0.0037739293897929324
yoy,settled_purchases,2019-08-19,0.01608860566342691
yoy,settled_purchases,2019-08-26,0.012371435972849482
yoy,settled_purchases,2019-09-02,-0.007171181305645328
yoy,settled_purchases,2019-09-09,-0.011154496926148005
yoy,settled_purchases,2019-09-16,-0.004173649359000605
yoy,purchase_volume,2018-12-31,0.0014330211291732739
yoy,purchase_volume,2019-01-07,-0.01230675632520793
yoy,purchase_volume,2019-04-01,0.002020266883359116
yoy,purchase_volume,2019-04-08,-0.012783164052986646
yoy,purchase_volume,2019-04-15,0.0008632848447814256
yoy,purchase_volume,2019-04-22,-0.0037104942923134963
yoy,purchase_volume,2019-04-29,0.012504936759767408
yoy,purchase_volume,2019-05-06,0.010965178859107203
yoy,purchase_volume,2019-05-13,-0.01034921914631682
yoy,purchase_volume,2019-05-20,-0.01372074640216055
yoy,purchase_volume,2019-05-27,0.003042420487446112
yoy,purchase_volume,2019-06-03,0.01702299145621762
yoy,purchase_volume,2019-06-10,-0.013877301299185466
yoy,purchase_volume,2019-06-17,-0.009561490370782319
yoy,purchase_volume,2019-06-24,-0.009033816356359367
yoy,purchase_volume,2019-07-01,-0.023073358312810925
yoy,purchase_volume,2019-07-08,0.028881732669324638
yoy,purchase_volume,2019-07-15,0.030893141578644357
yoy,purchase_volume,2019-07-22,-0.029588581386939136
yoy,purchase_volume,2019-07-29,-0.03425782240223069
yoy,purchase_volume,2019-08-05,0.0010459777649433862
yoy,purchase_volume,2019-08-12,0.02507485593033577
yoy,purchase_volume,2019-08-19,0.01907986490188058
yoy,purchase_volume,2019-08-26,-0.01059557435017408
yoy,purchase_volume,2019-09-02,-0.008233403436242015
yoy,purchase_volume,2019-09-09,0.01478053613745435
yoy,purchase_volume,2019-09-16,0.004844803640217825
yoy,interchange,2018-12-31,0.031039064484071153
yoy,interchange,2019-01-07,-0.004739141783272334
yoy,interchange,2019-04-01,-0.004388782881099257
yoy,interchange,2019-04-08,-0.014433387004124616
yoy,interchange,2019-04-15,0.012401285788719593
yoy,interchange,2019-04-22,0.02699522620815414
yoy,interchange,2019-04-29,0.013645835460918635
yoy,interchange,2019-05-06,-0.003513333400521798
yoy,interchange,2019-05-13,-0.023379104164189268
yoy,interchange,2019-05-20,-0.03380389073184202
yoy,interchange,2019-05-27,0.008568657151156744
yoy,interchange,2019-06-03,0.04130881792976606
yoy,interchange,2019-06-10,-0.011719482409140477
yoy,interchange,2019-06-17,-0.014056045376808142
yoy,interchange,2019-06-24,-0.00025018588283817175
yoy,interchange,2019-07-01,-0.031413141765527015
yoy,interchange,2019-07-08,0.011614891803618372
yoy,interchange,2019-07-15,0.03558342430803402
yoy,interchange,2019-07-22,-0.0220619038143695
yoy,interchange,2019-07-29,-0.04041099325630736
yoy,interchange,2019-08-05,0.0033059967760615985
yoy,interchange,2019-08-12,0.046423482984018334
yoy,interchange,2019-08-19,0.02995403467101884
yoy,interchange,2019-08-26,-0.018061458487271323
yoy,interchange,2019-09-02,-0.030506871546920496
yoy,interchange,2019-09-09,0.00044791809419677045
yoy,interchange,2019-09-16,-0.0001949064346630916
yoy,purchases_on_new_cards,2018-12-31,0.0979335130278529
yoy,purchases_on_new_cards,2019-01-07,-0.04377766847024083
yoy,purchases_on_new_cards,2019-04-01,0.19276381909547713
yoy,purchases_on_new_cards,2019-04-08,-0.04015899122807033
yoy,purchases_on_new_cards,2019-04-15,-0.4565217391304347
yoy,purchases_on_new_cards,2019-04-22,-0.44923143537562255
yoy,purchases_on_new_cards,2019-04-29,-0.031746031746031966
yoy,purchases_on_new_cards,2019-05-06,-0.14465408805031435
yoy,purchases_on_new_cards,2019-05-13,-0.47662826761187405
yoy,purchases_on_new_cards,2019-05-20,-0.32422145328719726
yoy,purchases_on_new_cards,2019-05-27,-0.10511627906976745
yoy,purchases_on_new_cards,2019-06-03,-0.21480614103564927
yoy,purchases_on_new_cards,2019-06-10,0.16004374772147287
yoy,purchases_on_new_cards,2019-06-17,0.7304106328109501
yoy,purchases_on_new_cards,2019-06-24,0.453044667704354
yoy,purchases_on_new_cards,2019-07-01,0.1577237927948833
yoy,purchases_on_new_cards,2019-07-08,-0.045695188935212856
yoy,purchases_on_new_cards,2019-07-15,0.06404087013843118
yoy,purchases_on_new_cards,2019-07-22,0.13175727706761098
yoy,purchases_on_new_cards,2019-07-29,0.07480029048656484
yoy,purchases_on_new_cards,2019-08-05,0.16281690140845057
yoy,purchases_on_new_cards,2019-08-12,-0.01993865030674842
yoy,purchases_on_new_cards,2019-08-19,-0.10613738738738701
yoy,purchases_on_new_cards,2019-08-26,-0.07206713333895615
yoy,purchases_on_new_cards,2019-09-02,0.008610765759543022
yoy,purchases_on_new_cards,2019-09-09,0.4108356290174476
yoy,purchases_on_new_cards,2019-09-16,0.5405405405405406
