client_id,purchase_days,median_gap_days,p90_gap_days,max_gap_days,last_purchase_day,terminal_silence_days,max_gap_incl_terminal,day_one_segment,day_one_product,day_one_max_limit,no_open_card
0,357,1.0,1.0,2.0,2019-10-31,0,2.0,"Credit, limit $10k+",Credit,17600.0,False
1,351,1.0,1.0,2.0,2019-10-31,0,2.0,"Credit, limit $10k+",Credit,10900.0,False
2,357,1.0,1.0,2.0,2019-10-31,0,2.0,"Credit, limit under $10k",Credit,7400.0,False
3,328,1.0,1.400000000000034,3.0,2019-10-31,0,3.0,Prepaid,Prepaid,,False
4,362,1.0,1.0,2.0,2019-10-31,0,2.0,Debit,Debit,,False
5,239,1.0,3.0,7.0,2019-10-31,0,7.0,Debit,Debit,,False
11,356,1.0,1.0,3.0,2019-10-31,0,3.0,"Credit, limit $10k+",Credit,18300.0,False
13,306,1.0,2.0,4.0,2019-10-30,1,4.0,"Credit, limit $10k+",Credit,10400.0,False
14,254,1.0,2.0,5.0,2019-10-31,0,5.0,"Credit, limit under $10k",Credit,5400.0,False
16,310,1.0,2.0,5.0,2019-10-31,0,5.0,Debit,Debit,,False
17,363,1.0,1.0,2.0,2019-10-31,0,2.0,"Credit, limit under $10k",Credit,2800.0,False
19,211,1.0,3.0,8.0,2019-10-31,0,8.0,Prepaid,Prepaid,,False
20,354,1.0,1.0,2.0,2019-10-31,0,2.0,Debit,Debit,,False
21,332,1.0,1.0,3.0,2019-10-30,1,3.0,Debit,Debit,,False
22,353,1.0,1.0,3.0,2019-10-31,0,3.0,"Credit, limit $10k+",Credit,13600.0,False
24,340,1.0,1.0,3.0,2019-10-31,0,3.0,Debit,Debit,,False
27,334,1.0,1.0,5.0,2019-10-31,0,5.0,"Credit, limit under $10k",Credit,9900.0,False
28,290,1.0,2.0,5.0,2019-10-31,0,5.0,Debit,Debit,,False
32,339,1.0,1.0,3.0,2019-10-31,0,3.0,Debit,Debit,,False
33,352,1.0,1.0,3.0,2019-10-31,0,3.0,Debit,Debit,,False
34,364,1.0,1.0,2.0,2019-10-31,0,2.0,Prepaid,Prepaid,,False
37,347,1.0,1.0,3.0,2019-10-31,0,3.0,Debit,Debit,,False
38,354,1.0,1.0,2.0,2019-10-31,0,2.0,Debit,Debit,,False
39,364,1.0,1.0,2.0,2019-10-31,0,2.0,Debit,Debit,,False
40,318,1.0,2.0,4.0,2019-10-31,0,4.0,"Credit, limit under $10k",Credit,8200.0,False
42,344,1.0,1.0,3.0,2019-10-31,0,3.0,"Credit, limit under $10k",Credit,6300.0,False
44,342,1.0,1.0,2.0,2019-10-31,0,2.0,"Credit, limit under $10k",Credit,3400.0,False
45,300,1.0,2.0,4.0,2019-10-30,1,4.0,Prepaid,Prepaid,,False
46,317,1.0,2.0,3.0,2019-10-31,0,3.0,Prepaid,Prepaid,,False
47,356,1.0,1.0,2.0,2019-10-31,0,2.0,Debit,Debit,,False
48,330,1.0,1.0,4.0,2019-10-31,0,4.0,Prepaid,Prepaid,,False
50,290,1.0,2.0,5.0,2019-10-31,0,5.0,Debit,Debit,,False
51,350,1.0,1.0,2.0,2019-10-31,0,2.0,"Credit, limit $10k+",Credit,12700.0,False
52,365,1.0,1.0,1.0,2019-10-31,0,1.0,Debit,Debit,,False
53,364,1.0,1.0,2.0,2019-10-31,0,2.0,"Credit, limit $10k+",Credit,14800.0,False
55,362,1.0,1.0,2.0,2019-10-31,0,2.0,Debit,Debit,,False
57,357,1.0,1.0,2.0,2019-10-31,0,2.0,Debit,Debit,,False
58,354,1.0,1.0,3.0,2019-10-30,1,3.0,Debit,Debit,,False
59,359,1.0,1.0,2.0,2019-10-31,0,2.0,"Credit, limit under $10k",Credit,9300.0,False
60,357,1.0,1.0,3.0,2019-10-31,0,3.0,Debit,Debit,,False
61,363,1.0,1.0,2.0,2019-10-31,0,2.0,Debit,Debit,,False
62,359,1.0,1.0,2.0,2019-10-31,0,2.0,Debit,Debit,,False
63,363,1.0,1.0,2.0,2019-10-31,0,2.0,Debit,Debit,,False
64,337,1.0,1.0,3.0,2019-10-31,0,3.0,"Credit, limit $10k+",Credit,12200.0,False
65,337,1.0,1.0,3.0,2019-10-31,0,3.0,Debit,Debit,,False
68,363,1.0,1.0,2.0,2019-10-31,0,2.0,"Credit, limit under $10k",Credit,9900.0,False
69,330,1.0,1.1999999999999886,3.0,2019-10-31,0,3.0,Debit,Debit,,False
73,322,1.0,2.0,3.0,2019-10-31,0,3.0,"Credit, limit $10k+",Credit,11900.0,False
74,310,1.0,2.0,4.0,2019-10-31,0,4.0,Debit,Debit,,False
75,359,1.0,1.0,2.0,2019-10-31,0,2.0,"Credit, limit under $10k",Credit,9500.0,False
77,358,1.0,1.0,2.0,2019-10-31,0,2.0,"Credit, limit $10k+",Credit,13700.0,False
79,300,1.0,2.0,4.0,2019-10-31,0,4.0,Debit,Debit,,False
80,324,1.0,2.0,4.0,2019-10-31,0,4.0,Debit,Debit,,False
81,365,1.0,1.0,1.0,2019-10-31,0,1.0,"Credit, limit $10k+",Credit,10600.0,False
84,361,1.0,1.0,2.0,2019-10-31,0,2.0,Debit,Debit,,False
86,353,1.0,1.0,3.0,2019-10-31,0,3.0,Debit,Debit,,False
87,364,1.0,1.0,2.0,2019-10-31,0,2.0,Prepaid,Prepaid,,False
89,355,1.0,1.0,2.0,2019-10-31,0,2.0,Debit,Debit,,False
90,343,1.0,1.0,4.0,2019-10-31,0,4.0,Debit,Debit,,False
92,362,1.0,1.0,2.0,2019-10-31,0,2.0,"Credit, limit under $10k",Credit,9000.0,False
94,362,1.0,1.0,2.0,2019-10-31,0,2.0,Debit,Debit,,False
96,365,1.0,1.0,1.0,2019-10-31,0,1.0,Debit,Debit,,False
98,365,1.0,1.0,1.0,2019-10-31,0,1.0,"Credit, limit under $10k",Credit,8700.0,False
100,290,1.0,2.0,3.0,2019-10-31,0,3.0,Debit,Debit,,False
103,237,1.0,3.0,6.0,2019-10-30,1,6.0,Debit,Debit,,False
104,349,1.0,1.0,3.0,2019-10-31,0,3.0,"Credit, limit under $10k",Credit,8000.0,False
106,361,1.0,1.0,2.0,2019-10-31,0,2.0,Debit,Debit,,False
107,222,1.0,3.0,7.0,2019-10-31,0,7.0,Debit,Debit,,False
110,289,1.0,2.0,4.0,2019-10-31,0,4.0,Debit,Debit,,False
112,365,1.0,1.0,1.0,2019-10-31,0,1.0,"Credit, limit under $10k",Credit,8900.0,False
113,284,1.0,2.0,4.0,2019-10-30,1,4.0,Debit,Debit,,False
114,365,1.0,1.0,1.0,2019-10-31,0,1.0,Debit,Debit,,False
115,340,1.0,1.0,3.0,2019-10-31,0,3.0,Debit,Debit,,False
116,360,1.0,1.0,2.0,2019-10-31,0,2.0,Debit,Debit,,False
118,291,1.0,2.0,3.0,2019-10-31,0,3.0,"Credit, limit under $10k",Credit,6700.0,False
119,323,1.0,2.0,3.0,2019-10-28,3,3.0,Debit,Debit,,False
120,241,1.0,3.0,6.0,2019-10-31,0,6.0,Debit,Debit,,False
121,354,1.0,1.0,2.0,2019-10-31,0,2.0,Debit,Debit,,False
122,344,1.0,1.0,2.0,2019-10-31,0,2.0,Debit,Debit,,False
123,362,1.0,1.0,2.0,2019-10-31,0,2.0,Debit,Debit,,False
124,348,1.0,1.0,3.0,2019-10-31,0,3.0,Debit,Debit,,False
125,306,1.0,2.0,4.0,2019-10-31,0,4.0,"Credit, limit under $10k",Credit,3600.0,False
126,355,1.0,1.0,2.0,2019-10-31,0,2.0,Debit,Debit,,False
127,357,1.0,1.0,2.0,2019-10-31,0,2.0,"Credit, limit $10k+",Credit,10600.0,False
128,321,1.0,2.0,5.0,2019-10-31,0,5.0,Debit,Debit,,False
132,219,1.0,3.0,6.0,2019-10-31,0,6.0,Debit,Debit,,False
133,334,1.0,1.0,3.0,2019-10-31,0,3.0,Debit,Debit,,False
134,342,1.0,1.0,2.0,2019-10-31,0,2.0,"Credit, limit $10k+",Credit,10400.0,False
135,361,1.0,1.0,2.0,2019-10-31,0,2.0,Debit,Debit,,False
137,365,1.0,1.0,1.0,2019-10-31,0,1.0,Debit,Debit,,False
138,327,1.0,2.0,3.0,2019-10-31,0,3.0,"Credit, limit under $10k",Credit,6900.0,False
140,356,1.0,1.0,2.0,2019-10-31,0,2.0,Debit,Debit,,False
141,359,1.0,1.0,2.0,2019-10-31,0,2.0,Debit,Debit,,False
142,361,1.0,1.0,2.0,2019-10-31,0,2.0,Debit,Debit,,False
144,365,1.0,1.0,1.0,2019-10-31,0,1.0,"Credit, limit $10k+",Credit,11600.0,False
145,321,1.0,2.0,3.0,2019-10-31,0,3.0,"Credit, limit under $10k",Credit,6000.0,False
146,314,1.0,2.0,5.0,2019-10-31,0,5.0,Debit,Debit,,False
147,284,1.0,2.0,4.0,2019-10-31,0,4.0,Debit,Debit,,False
148,357,1.0,1.0,2.0,2019-10-31,0,2.0,"Credit, limit $10k+",Credit,17400.0,False
149,328,1.0,2.0,3.0,2019-10-31,0,3.0,"Credit, limit $10k+",Credit,14200.0,False
150,357,1.0,1.0,2.0,2019-10-31,0,2.0,Debit,Debit,,False
152,343,1.0,1.0,2.0,2019-10-31,0,2.0,"Credit, limit $10k+",Credit,10300.0,False
153,214,1.0,3.0,6.0,2019-10-31,0,6.0,"Credit, limit $10k+",Credit,11200.0,False
154,360,1.0,1.0,2.0,2019-10-31,0,2.0,Debit,Debit,,False
155,327,1.0,2.0,3.0,2019-10-31,0,3.0,Prepaid,Prepaid,,False
156,361,1.0,1.0,2.0,2019-10-31,0,2.0,"Credit, limit under $10k",Credit,6900.0,False
157,353,1.0,1.0,3.0,2019-10-31,0,3.0,Debit,Debit,,False
160,345,1.0,1.0,2.0,2019-10-31,0,2.0,Debit,Debit,,False
161,360,1.0,1.0,2.0,2019-10-31,0,2.0,Debit,Debit,,False
162,325,1.0,1.6999999999999886,4.0,2019-10-31,0,4.0,Debit,Debit,,False
164,330,1.0,1.0,3.0,2019-10-31,0,3.0,Debit,Debit,,False
165,362,1.0,1.0,2.0,2019-10-31,0,2.0,Debit,Debit,,False
169,338,1.0,1.0,3.0,2019-10-31,0,3.0,Debit,Debit,,False
170,336,1.0,1.0,3.0,2019-10-31,0,3.0,"Credit, limit $10k+",Credit,11400.0,False
171,358,1.0,1.0,2.0,2019-10-31,0,2.0,Prepaid,Prepaid,,False
172,280,1.0,2.0,4.0,2019-10-31,0,4.0,Debit,Debit,,False
173,359,1.0,1.0,2.0,2019-10-31,0,2.0,Debit,Debit,,False
176,360,1.0,1.0,2.0,2019-10-31,0,2.0,Debit,Debit,,False
177,343,1.0,1.0,3.0,2019-10-31,0,3.0,Debit,Debit,,False
178,341,1.0,1.0,3.0,2019-10-31,0,3.0,Debit,Debit,,False
180,294,1.0,2.0,4.0,2019-10-31,0,4.0,"Credit, limit under $10k",Credit,6200.0,False
184,286,1.0,2.0,4.0,2019-10-31,0,4.0,Prepaid,Prepaid,,False
185,355,1.0,1.0,2.0,2019-10-31,0,2.0,"Credit, limit under $10k",Credit,6900.0,False
190,363,1.0,1.0,2.0,2019-10-31,0,2.0,Debit,Debit,,False
194,342,1.0,1.0,3.0,2019-10-31,0,3.0,Debit,Debit,,False
196,300,1.0,2.0,4.0,2019-10-30,1,4.0,"Credit, limit under $10k",Credit,4300.0,False
197,364,1.0,1.0,2.0,2019-10-31,0,2.0,Debit,Debit,,False
198,263,1.0,2.0,7.0,2019-10-31,0,7.0,"Credit, limit under $10k",Credit,8200.0,False
199,347,1.0,1.0,3.0,2019-10-31,0,3.0,Debit,Debit,,False
200,348,1.0,1.0,3.0,2019-10-31,0,3.0,"Credit, limit under $10k",Credit,1400.0,False
201,222,1.0,3.0,7.0,2019-10-31,0,7.0,"Credit, limit under $10k",Credit,6900.0,False
203,278,1.0,2.0,6.0,2019-10-31,0,6.0,"Credit, limit under $10k",Credit,7300.0,False
205,342,1.0,1.0,3.0,2019-10-31,0,3.0,Debit,Debit,,False
206,267,1.0,2.0,5.0,2019-10-31,0,5.0,"Credit, limit $10k+",Credit,11300.0,False
207,262,1.0,2.0,6.0,2019-10-31,0,6.0,Debit,Debit,,False
208,365,1.0,1.0,1.0,2019-10-31,0,1.0,Debit,Debit,,False
209,363,1.0,1.0,2.0,2019-10-31,0,2.0,"Credit, limit under $10k",Credit,2500.0,False
211,356,1.0,1.0,2.0,2019-10-31,0,2.0,Debit,Debit,,False
212,327,1.0,1.0,4.0,2019-10-31,0,4.0,Debit,Debit,,False
213,349,1.0,1.0,2.0,2019-10-31,0,2.0,"Credit, limit $10k+",Credit,20400.0,False
216,256,1.0,2.0,6.0,2019-10-28,3,6.0,Debit,Debit,,False
217,358,1.0,1.0,2.0,2019-10-31,0,2.0,"Credit, limit under $10k",Credit,6200.0,False
218,340,1.0,1.0,2.0,2019-10-31,0,2.0,Debit,Debit,,False
219,265,1.0,2.0,6.0,2019-10-31,0,6.0,"Credit, limit under $10k",Credit,7900.0,False
220,256,1.0,3.0,4.0,2019-10-31,0,4.0,"Credit, limit $10k+",Credit,17200.0,False
222,252,1.0,3.0,4.0,2019-10-31,0,4.0,Debit,Debit,,False
225,328,1.0,1.0,3.0,2019-10-31,0,3.0,Debit,Debit,,False
227,352,1.0,1.0,2.0,2019-10-31,0,2.0,Debit,Debit,,False
229,356,1.0,1.0,2.0,2019-10-31,0,2.0,"Credit, limit $10k+",Credit,16700.0,False
230,311,1.0,2.0,4.0,2019-10-31,0,4.0,"Credit, limit under $10k",Credit,4000.0,False
231,348,1.0,1.0,3.0,2019-10-31,0,3.0,"Credit, limit under $10k",Credit,8900.0,False
233,326,1.0,2.0,3.0,2019-10-31,0,3.0,"Credit, limit $10k+",Credit,13700.0,False
234,354,1.0,1.0,2.0,2019-10-31,0,2.0,Prepaid,Prepaid,,False
235,304,1.0,2.0,5.0,2019-10-31,0,5.0,Debit,Debit,,False
236,312,1.0,2.0,4.0,2019-10-31,0,4.0,Debit,Debit,,False
237,328,1.0,1.0,3.0,2019-10-30,1,3.0,Debit,Debit,,False
240,319,1.0,2.0,4.0,2019-10-31,0,4.0,Debit,Debit,,False
241,356,1.0,1.0,2.0,2019-10-31,0,2.0,Debit,Debit,,False
242,344,1.0,1.0,3.0,2019-10-31,0,3.0,Debit,Debit,,False
244,259,1.0,2.0,5.0,2019-10-31,0,5.0,"Credit, limit under $10k",Credit,7100.0,False
246,294,1.0,2.0,4.0,2019-10-31,0,4.0,"Credit, limit $10k+",Credit,25300.0,False
247,361,1.0,1.0,2.0,2019-10-31,0,2.0,Debit,Debit,,False
248,301,1.0,2.0,4.0,2019-10-31,0,4.0,Debit,Debit,,False
249,335,1.0,1.0,3.0,2019-10-31,0,3.0,"Credit, limit under $10k",Credit,9300.0,False
250,357,1.0,1.0,2.0,2019-10-31,0,2.0,"Credit, limit under $10k",Credit,8200.0,False
252,365,1.0,1.0,1.0,2019-10-31,0,1.0,"Credit, limit $10k+",Credit,10700.0,False
254,365,1.0,1.0,1.0,2019-10-31,0,1.0,Debit,Debit,,False
256,363,1.0,1.0,2.0,2019-10-31,0,2.0,"Credit, limit $10k+",Credit,12400.0,False
257,347,1.0,1.0,3.0,2019-10-31,0,3.0,Debit,Debit,,False
260,231,1.0,3.0,6.0,2019-10-31,0,6.0,Prepaid,Prepaid,,False
261,360,1.0,1.0,2.0,2019-10-31,0,2.0,"Credit, limit $10k+",Credit,14200.0,False
264,352,1.0,1.0,3.0,2019-10-31,0,3.0,"Credit, limit $10k+",Credit,10600.0,False
265,322,1.0,1.0,6.0,2019-10-30,1,6.0,"Credit, limit $10k+",Credit,12000.0,False
267,238,1.0,3.0,7.0,2019-10-31,0,7.0,Debit,Debit,,False
273,338,1.0,1.0,4.0,2019-10-31,0,4.0,"Credit, limit $10k+",Credit,14600.0,False
274,320,1.0,2.0,3.0,2019-10-31,0,3.0,"Credit, limit $10k+",Credit,10500.0,False
275,365,1.0,1.0,1.0,2019-10-31,0,1.0,Debit,Debit,,False
277,353,1.0,1.0,2.0,2019-10-31,0,2.0,"Credit, limit under $10k",Credit,8600.0,False
278,365,1.0,1.0,1.0,2019-10-31,0,1.0,"Credit, limit $10k+",Credit,58100.0,False
280,346,1.0,1.0,2.0,2019-10-31,0,2.0,Debit,Debit,,False
282,327,1.0,2.0,3.0,2019-10-31,0,3.0,Debit,Debit,,False
285,365,1.0,1.0,1.0,2019-10-31,0,1.0,"Credit, limit under $10k",Credit,7300.0,False
286,326,1.0,2.0,3.0,2019-10-31,0,3.0,Debit,Debit,,False
287,354,1.0,1.0,2.0,2019-10-31,0,2.0,Debit,Debit,,False
291,360,1.0,1.0,2.0,2019-10-31,0,2.0,"Credit, limit under $10k",Credit,9900.0,False
293,351,1.0,1.0,3.0,2019-10-30,1,3.0,Debit,Debit,,False
299,240,1.0,3.0,6.0,2019-10-30,1,6.0,Debit,Debit,,False
300,300,1.0,2.0,3.0,2019-10-31,0,3.0,Debit,Debit,,False
301,360,1.0,1.0,2.0,2019-10-31,0,2.0,"Credit, limit $10k+",Credit,21000.0,False
303,364,1.0,1.0,2.0,2019-10-31,0,2.0,"Credit, limit $10k+",Credit,14800.0,False
305,357,1.0,1.0,2.0,2019-10-31,0,2.0,Debit,Debit,,False
311,283,1.0,2.0,4.0,2019-10-31,0,4.0,Debit,Debit,,False
313,337,1.0,1.0,3.0,2019-10-31,0,3.0,"Credit, limit under $10k",Credit,8900.0,False
315,253,1.0,3.0,6.0,2019-10-30,1,6.0,Prepaid,Prepaid,,False
316,352,1.0,1.0,2.0,2019-10-31,0,2.0,"Credit, limit under $10k",Credit,1200.0,False
319,342,1.0,1.0,5.0,2019-10-31,0,5.0,"Credit, limit under $10k",Credit,6800.0,False
320,244,1.0,2.0,7.0,2019-10-31,0,7.0,Debit,Debit,,False
321,308,1.0,2.0,4.0,2019-10-30,1,4.0,Debit,Debit,,False
322,311,1.0,2.0,8.0,2019-10-31,0,8.0,Debit,Debit,,False
323,357,1.0,1.0,2.0,2019-10-31,0,2.0,Debit,Debit,,False
327,364,1.0,1.0,2.0,2019-10-31,0,2.0,Debit,Debit,,False
328,350,1.0,1.0,2.0,2019-10-31,0,2.0,Prepaid,Prepaid,,False
329,365,1.0,1.0,1.0,2019-10-31,0,1.0,"Credit, limit $10k+",Credit,12300.0,False
331,244,1.0,2.0,5.0,2019-10-31,0,5.0,Debit,Debit,,False
332,355,1.0,1.0,2.0,2019-10-31,0,2.0,"Credit, limit under $10k",Credit,7900.0,False
334,243,1.0,3.0,6.0,2019-10-31,0,6.0,"Credit, limit under $10k",Credit,9500.0,False
335,351,1.0,1.0,2.0,2019-10-31,0,2.0,Debit,Debit,,False
338,358,1.0,1.0,2.0,2019-10-31,0,2.0,Debit,Debit,,False
343,339,1.0,1.0,3.0,2019-10-31,0,3.0,"Credit, limit $10k+",Credit,12400.0,False
345,299,1.0,2.0,6.0,2019-10-31,0,6.0,"Credit, limit under $10k",Credit,7900.0,False
346,343,1.0,1.0,3.0,2019-10-31,0,3.0,Debit,Debit,,False
348,238,1.0,3.0,5.0,2019-10-31,0,5.0,Debit,Debit,,False
349,356,1.0,1.0,2.0,2019-10-31,0,2.0,"Credit, limit under $10k",Credit,3600.0,False
350,359,1.0,1.0,2.0,2019-10-31,0,2.0,"Credit, limit $10k+",Credit,12100.0,False
351,330,1.0,1.0,3.0,2019-10-31,0,3.0,Debit,Debit,,False
354,352,1.0,1.0,2.0,2019-10-31,0,2.0,Debit,Debit,,False
356,365,1.0,1.0,1.0,2019-10-31,0,1.0,Debit,Debit,,False
357,350,1.0,1.0,2.0,2019-10-31,0,2.0,"Credit, limit $10k+",Credit,14500.0,False
359,359,1.0,1.0,2.0,2019-10-31,0,2.0,"Credit, limit $10k+",Credit,13500.0,False
360,355,1.0,1.0,2.0,2019-10-31,0,2.0,Debit,Debit,,False
361,274,1.0,2.0,8.0,2019-10-31,0,8.0,Debit,Debit,,False
362,354,1.0,1.0,2.0,2019-10-31,0,2.0,Debit,Debit,,False
363,303,1.0,2.0,4.0,2019-10-31,0,4.0,"Credit, limit $10k+",Credit,18700.0,False
364,355,1.0,1.0,2.0,2019-10-30,1,2.0,"Credit, limit $10k+",Credit,11700.0,False
366,365,1.0,1.0,1.0,2019-10-31,0,1.0,"Credit, limit under $10k",Credit,9500.0,False
368,364,1.0,1.0,2.0,2019-10-31,0,2.0,Prepaid,Prepaid,,False
369,360,1.0,1.0,2.0,2019-10-31,0,2.0,Prepaid,Prepaid,,False
370,323,1.0,2.0,3.0,2019-10-31,0,3.0,Debit,Debit,,False
371,364,1.0,1.0,2.0,2019-10-31,0,2.0,Debit,Debit,,False
373,362,1.0,1.0,2.0,2019-10-31,0,2.0,Debit,Debit,,False
374,344,1.0,1.0,3.0,2019-10-31,0,3.0,Debit,Debit,,False
375,302,1.0,1.0,3.0,2019-09-30,31,31.0,Debit,Debit,,True
376,365,1.0,1.0,1.0,2019-10-31,0,1.0,"Credit, limit $10k+",Credit,25300.0,False
377,357,1.0,1.0,2.0,2019-10-31,0,2.0,Debit,Debit,,False
379,365,1.0,1.0,1.0,2019-10-31,0,1.0,Debit,Debit,,False
380,343,1.0,1.0,3.0,2019-10-31,0,3.0,"Credit, limit $10k+",Credit,10800.0,False
383,303,1.0,2.0,4.0,2019-10-31,0,4.0,"Credit, limit under $10k",Credit,8200.0,False
385,339,1.0,1.0,3.0,2019-10-31,0,3.0,Debit,Debit,,False
386,365,1.0,1.0,1.0,2019-10-31,0,1.0,Debit,Debit,,False
391,261,1.0,2.0,6.0,2019-10-30,1,6.0,Prepaid,Prepaid,,False
393,288,1.0,2.0,3.0,2019-10-31,0,3.0,Debit,Debit,,False
394,365,1.0,1.0,1.0,2019-10-31,0,1.0,Debit,Debit,,False
395,300,1.0,2.0,4.0,2019-10-31,0,4.0,"Credit, limit $10k+",Credit,16400.0,False
397,346,1.0,1.0,2.0,2019-10-31,0,2.0,Debit,Debit,,False
398,286,1.0,2.0,3.0,2019-10-29,2,3.0,Debit,Debit,,False
401,358,1.0,1.0,2.0,2019-10-31,0,2.0,Debit,Debit,,False
402,360,1.0,1.0,2.0,2019-10-31,0,2.0,Debit,Debit,,False
403,218,1.0,3.0,7.0,2019-10-31,0,7.0,Debit,Debit,,False
408,364,1.0,1.0,2.0,2019-10-31,0,2.0,"Credit, limit under $10k",Credit,6900.0,False
414,336,1.0,1.0,3.0,2019-10-31,0,3.0,Debit,Debit,,False
415,310,1.0,2.0,3.0,2019-10-31,0,3.0,Debit,Debit,,False
416,338,1.0,1.0,3.0,2019-10-31,0,3.0,Debit,Debit,,False
419,350,1.0,1.0,3.0,2019-10-31,0,3.0,Debit,Debit,,False
421,364,1.0,1.0,2.0,2019-10-31,0,2.0,Debit,Debit,,False
425,361,1.0,1.0,2.0,2019-10-31,0,2.0,Debit,Debit,,False
427,321,1.0,2.0,6.0,2019-10-31,0,6.0,Debit,Debit,,False
428,358,1.0,1.0,2.0,2019-10-31,0,2.0,"Credit, limit $10k+",Credit,14300.0,False
430,365,1.0,1.0,1.0,2019-10-31,0,1.0,"Credit, limit $10k+",Credit,17700.0,False
432,348,1.0,1.0,3.0,2019-10-31,0,3.0,Debit,Debit,,False
433,357,1.0,1.0,2.0,2019-10-31,0,2.0,Debit,Debit,,False
434,332,1.0,1.0,3.0,2019-10-31,0,3.0,"Credit, limit $10k+",Credit,15500.0,False
437,339,1.0,1.0,3.0,2019-10-31,0,3.0,Debit,Debit,,False
438,235,1.0,3.0,6.0,2019-10-31,0,6.0,Debit,Debit,,False
441,344,1.0,1.0,3.0,2019-10-31,0,3.0,Debit,Debit,,False
442,364,1.0,1.0,2.0,2019-10-31,0,2.0,Debit,Debit,,False
447,322,1.0,2.0,4.0,2019-10-31,0,4.0,Debit,Debit,,False
449,332,1.0,1.0,3.0,2019-10-31,0,3.0,"Credit, limit $10k+",Credit,12700.0,False
450,339,1.0,1.0,4.0,2019-10-31,0,4.0,Debit,Debit,,False
451,317,1.0,2.0,3.0,2019-10-31,0,3.0,Debit,Debit,,False
452,365,1.0,1.0,1.0,2019-10-31,0,1.0,Debit,Debit,,False
455,341,1.0,1.0,4.0,2019-10-31,0,4.0,Debit,Debit,,False
456,362,1.0,1.0,2.0,2019-10-31,0,2.0,"Credit, limit under $10k",Credit,5800.0,False
457,347,1.0,1.0,2.0,2019-10-31,0,2.0,"Credit, limit under $10k",Credit,7900.0,False
458,231,1.0,3.0,8.0,2019-10-31,0,8.0,Prepaid,Prepaid,,False
459,324,1.0,2.0,4.0,2019-10-31,0,4.0,"Credit, limit under $10k",Credit,6500.0,False
460,354,1.0,1.0,2.0,2019-10-31,0,2.0,Debit,Debit,,False
461,365,1.0,1.0,1.0,2019-10-31,0,1.0,Debit,Debit,,False
462,350,1.0,1.0,3.0,2019-10-31,0,3.0,Debit,Debit,,False
464,365,1.0,1.0,1.0,2019-10-31,0,1.0,"Credit, limit $10k+",Credit,18000.0,False
465,308,1.0,2.0,4.0,2019-10-31,0,4.0,Debit,Debit,,False
467,359,1.0,1.0,3.0,2019-10-31,0,3.0,"Credit, limit $10k+",Credit,14500.0,False
468,319,1.0,2.0,3.0,2019-10-30,1,3.0,Debit,Debit,,False
469,347,1.0,1.0,3.0,2019-10-30,1,3.0,Debit,Debit,,False
470,356,1.0,1.0,2.0,2019-10-31,0,2.0,Debit,Debit,,False
472,360,1.0,1.0,2.0,2019-10-31,0,2.0,"Credit, limit $10k+",Credit,11300.0,False
473,311,1.0,2.0,3.0,2019-10-31,0,3.0,"Credit, limit under $10k",Credit,7100.0,False
474,363,1.0,1.0,2.0,2019-10-31,0,2.0,"Credit, limit $10k+",Credit,16900.0,False
476,359,1.0,1.0,2.0,2019-10-31,0,2.0,Debit,Debit,,False
477,349,1.0,1.0,3.0,2019-10-30,1,3.0,Prepaid,Prepaid,,False
478,335,1.0,1.0,4.0,2019-10-31,0,4.0,Prepaid,Prepaid,,False
479,353,1.0,1.0,3.0,2019-10-31,0,3.0,Debit,Debit,,False
480,341,1.0,1.0,4.0,2019-10-30,1,4.0,"Credit, limit $10k+",Credit,30800.0,False
483,271,1.0,2.0,5.0,2019-10-28,3,5.0,"Credit, limit $10k+",Credit,10700.0,False
487,361,1.0,1.0,2.0,2019-10-31,0,2.0,Debit,Debit,,False
488,365,1.0,1.0,1.0,2019-10-31,0,1.0,Debit,Debit,,False
489,276,1.0,2.0,4.0,2019-10-31,0,4.0,Debit,Debit,,False
490,365,1.0,1.0,1.0,2019-10-31,0,1.0,Debit,Debit,,False
491,194,1.0,4.0,8.0,2019-10-30,1,8.0,Debit,Debit,,False
494,341,1.0,1.0,3.0,2019-10-31,0,3.0,"Credit, limit $10k+",Credit,13500.0,False
496,298,1.0,2.0,4.0,2019-10-29,2,4.0,"Credit, limit under $10k",Credit,6800.0,False
497,353,1.0,1.0,2.0,2019-10-31,0,2.0,Debit,Debit,,False
502,365,1.0,1.0,1.0,2019-10-31,0,1.0,"Credit, limit under $10k",Credit,7900.0,False
503,349,1.0,1.0,2.0,2019-10-31,0,2.0,Prepaid,Prepaid,,False
506,364,1.0,1.0,2.0,2019-10-31,0,2.0,"Credit, limit $10k+",Credit,14900.0,False
509,345,1.0,1.0,2.0,2019-10-31,0,2.0,Debit,Debit,,False
511,365,1.0,1.0,1.0,2019-10-31,0,1.0,Debit,Debit,,False
514,361,1.0,1.0,2.0,2019-10-31,0,2.0,Debit,Debit,,False
515,342,1.0,1.0,2.0,2019-10-31,0,2.0,Debit,Debit,,False
517,318,1.0,2.0,3.0,2019-10-31,0,3.0,"Credit, limit under $10k",Credit,5000.0,False
519,346,1.0,1.0,3.0,2019-10-31,0,3.0,Debit,Debit,,False
520,344,1.0,1.0,2.0,2019-10-31,0,2.0,Debit,Debit,,False
523,359,1.0,1.0,4.0,2019-10-31,0,4.0,"Credit, limit $10k+",Credit,13000.0,False
524,279,1.0,2.0,7.0,2019-10-30,1,7.0,Debit,Debit,,False
525,360,1.0,1.0,2.0,2019-10-31,0,2.0,Debit,Debit,,False
526,363,1.0,1.0,2.0,2019-10-31,0,2.0,Prepaid,Prepaid,,False
528,293,1.0,2.0,5.0,2019-10-31,0,5.0,Debit,Debit,,False
530,358,1.0,1.0,2.0,2019-10-31,0,2.0,Debit,Debit,,False
534,365,1.0,1.0,1.0,2019-10-31,0,1.0,Debit,Debit,,False
538,322,1.0,2.0,4.0,2019-10-31,0,4.0,Debit,Debit,,False
542,335,1.0,1.0,2.0,2019-10-31,0,2.0,"Credit, limit under $10k",Credit,5500.0,False
543,316,1.0,2.0,3.0,2019-10-30,1,3.0,Debit,Debit,,False
545,291,1.0,2.0,5.0,2019-10-31,0,5.0,Debit,Debit,,False
546,324,1.0,2.0,2.0,2019-10-31,0,2.0,Debit,Debit,,False
547,339,1.0,1.0,3.0,2019-10-31,0,3.0,Debit,Debit,,False
549,284,1.0,2.0,3.0,2019-10-31,0,3.0,Debit,Debit,,False
550,357,1.0,1.0,4.0,2019-10-31,0,4.0,"Credit, limit $10k+",Credit,11600.0,False
552,337,1.0,1.0,3.0,2019-10-31,0,3.0,Debit,Debit,,False
554,360,1.0,1.0,2.0,2019-10-31,0,2.0,Prepaid,Prepaid,,False
556,360,1.0,1.0,2.0,2019-10-31,0,2.0,Debit,Debit,,False
557,364,1.0,1.0,2.0,2019-10-31,0,2.0,Debit,Debit,,False
561,359,1.0,1.0,2.0,2019-10-31,0,2.0,"Credit, limit under $10k",Credit,9100.0,False
563,362,1.0,1.0,2.0,2019-10-31,0,2.0,Prepaid,Prepaid,,False
564,361,1.0,1.0,2.0,2019-10-31,0,2.0,"Credit, limit under $10k",Credit,9700.0,False
565,364,1.0,1.0,2.0,2019-10-31,0,2.0,Debit,Debit,,False
566,365,1.0,1.0,1.0,2019-10-31,0,1.0,"Credit, limit $10k+",Credit,12700.0,False
569,287,1.0,2.0,5.0,2019-10-31,0,5.0,"Credit, limit under $10k",Credit,5900.0,False
570,334,1.0,1.0,3.0,2019-10-31,0,3.0,Debit,Debit,,False
571,364,1.0,1.0,2.0,2019-10-31,0,2.0,Debit,Debit,,False
573,354,1.0,1.0,2.0,2019-10-31,0,2.0,"Credit, limit under $10k",Credit,3400.0,False
575,324,1.0,2.0,3.0,2019-10-31,0,3.0,"Credit, limit $10k+",Credit,17000.0,False
576,348,1.0,1.0,3.0,2019-10-31,0,3.0,"Credit, limit under $10k",Credit,8100.0,False
577,353,1.0,1.0,2.0,2019-10-31,0,2.0,"Credit, limit under $10k",Credit,8500.0,False
580,365,1.0,1.0,1.0,2019-10-31,0,1.0,"Credit, limit $10k+",Credit,12400.0,False
581,333,1.0,1.0,3.0,2019-10-31,0,3.0,Debit,Debit,,False
582,273,1.0,2.0,5.0,2019-10-31,0,5.0,Debit,Debit,,False
583,301,1.0,2.0,5.0,2019-10-31,0,5.0,Debit,Debit,,False
584,346,1.0,1.0,2.0,2019-10-31,0,2.0,Debit,Debit,,False
585,364,1.0,1.0,2.0,2019-10-31,0,2.0,Debit,Debit,,False
586,332,1.0,1.0,3.0,2019-10-31,0,3.0,"Credit, limit $10k+",Credit,20300.0,False
589,235,1.0,3.0,8.0,2019-10-28,3,8.0,Debit,Debit,,False
592,365,1.0,1.0,1.0,2019-10-31,0,1.0,Debit,Debit,,False
595,275,1.0,2.0,5.0,2019-10-31,0,5.0,Debit,Debit,,False
596,323,1.0,2.0,3.0,2019-10-31,0,3.0,"Credit, limit under $10k",Credit,5100.0,False
597,348,1.0,1.0,3.0,2019-10-31,0,3.0,Debit,Debit,,False
598,365,1.0,1.0,1.0,2019-10-31,0,1.0,Prepaid,Prepaid,,False
601,337,1.0,1.0,3.0,2019-10-31,0,3.0,"Credit, limit $10k+",Credit,10800.0,False
602,358,1.0,1.0,2.0,2019-10-31,0,2.0,Debit,Debit,,False
604,343,1.0,1.0,3.0,2019-10-31,0,3.0,Prepaid,Prepaid,,False
605,363,1.0,1.0,2.0,2019-10-31,0,2.0,Debit,Debit,,False
608,310,1.0,2.0,4.0,2019-10-28,3,4.0,Debit,Debit,,False
609,344,1.0,1.0,3.0,2019-10-31,0,3.0,"Credit, limit $10k+",Credit,10600.0,False
613,352,1.0,1.0,3.0,2019-10-31,0,3.0,"Credit, limit $10k+",Credit,12600.0,False
614,336,1.0,1.0,3.0,2019-10-31,0,3.0,Debit,Debit,,False
615,358,1.0,1.0,2.0,2019-10-31,0,2.0,Debit,Debit,,False
616,327,1.0,2.0,3.0,2019-10-31,0,3.0,"Credit, limit under $10k",Credit,4500.0,False
618,295,1.0,2.0,4.0,2019-10-30,1,4.0,Debit,Debit,,False
619,323,1.0,2.0,3.0,2019-10-31,0,3.0,Debit,Debit,,False
621,313,1.0,2.0,3.0,2019-10-30,1,3.0,Debit,Debit,,False
623,285,1.0,2.0,4.0,2019-10-31,0,4.0,Debit,Debit,,False
628,318,1.0,2.0,3.0,2019-10-31,0,3.0,Prepaid,Prepaid,,False
629,344,1.0,1.0,3.0,2019-10-31,0,3.0,"Credit, limit $10k+",Credit,20900.0,False
630,364,1.0,1.0,2.0,2019-10-31,0,2.0,Debit,Debit,,False
631,327,1.0,2.0,3.0,2019-10-31,0,3.0,Debit,Debit,,False
633,242,1.0,3.0,7.0,2019-10-31,0,7.0,Debit,Debit,,False
634,332,1.0,1.0,4.0,2019-10-31,0,4.0,"Credit, limit $10k+",Credit,11100.0,False
636,255,1.0,2.0,5.0,2019-10-30,1,5.0,Debit,Debit,,False
637,364,1.0,1.0,2.0,2019-10-31,0,2.0,"Credit, limit $10k+",Credit,28600.0,False
638,232,1.0,3.0,5.0,2019-10-31,0,5.0,Debit,Debit,,False
639,365,1.0,1.0,1.0,2019-10-31,0,1.0,Debit,Debit,,False
641,365,1.0,1.0,1.0,2019-10-31,0,1.0,Debit,Debit,,False
642,270,1.0,2.0,5.0,2019-10-31,0,5.0,Debit,Debit,,False
643,362,1.0,1.0,2.0,2019-10-31,0,2.0,"Credit, limit under $10k",Credit,500.0,False
644,291,1.0,2.0,6.0,2019-10-31,0,6.0,"Credit, limit under $10k",Credit,7700.0,False
646,343,1.0,1.0,3.0,2019-10-31,0,3.0,"Credit, limit $10k+",Credit,14500.0,False
647,343,1.0,1.0,3.0,2019-10-31,0,3.0,Debit,Debit,,False
648,337,1.0,1.0,3.0,2019-10-31,0,3.0,"Credit, limit under $10k",Credit,4100.0,False
649,350,1.0,1.0,2.0,2019-10-31,0,2.0,"Credit, limit $10k+",Credit,17400.0,False
650,273,1.0,2.0,5.0,2019-10-31,0,5.0,Debit,Debit,,False
652,358,1.0,1.0,2.0,2019-10-31,0,2.0,"Credit, limit $10k+",Credit,16500.0,False
655,360,1.0,1.0,2.0,2019-10-31,0,2.0,Debit,Debit,,False
657,299,1.0,2.0,4.0,2019-10-31,0,4.0,Debit,Debit,,False
658,361,1.0,1.0,2.0,2019-10-31,0,2.0,"Credit, limit $10k+",Credit,19300.0,False
659,355,1.0,1.0,2.0,2019-10-31,0,2.0,Prepaid,Prepaid,,False
660,308,1.0,2.0,3.0,2019-10-31,0,3.0,"Credit, limit $10k+",Credit,12000.0,False
661,297,1.0,2.0,5.0,2019-10-31,0,5.0,"Credit, limit under $10k",Credit,5300.0,False
662,365,1.0,1.0,1.0,2019-10-31,0,1.0,Debit,Debit,,False
663,359,1.0,1.0,2.0,2019-10-31,0,2.0,Debit,Debit,,False
665,363,1.0,1.0,2.0,2019-10-31,0,2.0,Debit,Debit,,False
667,360,1.0,1.0,2.0,2019-10-31,0,2.0,Debit,Debit,,False
668,356,1.0,1.0,2.0,2019-10-31,0,2.0,Debit,Debit,,False
669,353,1.0,1.0,2.0,2019-10-31,0,2.0,"Credit, limit under $10k",Credit,9900.0,False
671,321,1.0,2.0,4.0,2019-10-31,0,4.0,"Credit, limit under $10k",Credit,8700.0,False
672,363,1.0,1.0,2.0,2019-10-31,0,2.0,Debit,Debit,,False
674,363,1.0,1.0,2.0,2019-10-31,0,2.0,Debit,Debit,,False
675,352,1.0,1.0,3.0,2019-10-31,0,3.0,"Credit, limit under $10k",Credit,9700.0,False
676,361,1.0,1.0,2.0,2019-10-31,0,2.0,Debit,Debit,,False
677,336,1.0,1.0,3.0,2019-10-31,0,3.0,"Credit, limit $10k+",Credit,23100.0,False
678,309,1.0,2.0,4.0,2019-10-31,0,4.0,"Credit, limit under $10k",Credit,7300.0,False
679,296,1.0,2.0,4.0,2019-10-31,0,4.0,Debit,Debit,,False
683,330,1.0,1.0,3.0,2019-10-31,0,3.0,Debit,Debit,,False
684,321,1.0,2.0,3.0,2019-10-31,0,3.0,Debit,Debit,,False
688,365,1.0,1.0,1.0,2019-10-31,0,1.0,Debit,Debit,,False
692,339,1.0,1.0,3.0,2019-10-31,0,3.0,Debit,Debit,,False
696,363,1.0,1.0,2.0,2019-10-31,0,2.0,Prepaid,Prepaid,,False
697,260,1.0,2.0,5.0,2019-10-31,0,5.0,Debit,Debit,,False
699,359,1.0,1.0,2.0,2019-10-31,0,2.0,"Credit, limit under $10k",Credit,9500.0,False
702,358,1.0,1.0,3.0,2019-10-31,0,3.0,Prepaid,Prepaid,,False
704,365,1.0,1.0,1.0,2019-10-31,0,1.0,Debit,Debit,,False
705,365,1.0,1.0,1.0,2019-10-31,0,1.0,"Credit, limit under $10k",Credit,5200.0,False
706,311,1.0,2.0,4.0,2019-10-31,0,4.0,"Credit, limit $10k+",Credit,13700.0,False
708,335,1.0,1.0,3.0,2019-10-31,0,3.0,Prepaid,Prepaid,,False
709,354,1.0,1.0,3.0,2019-10-31,0,3.0,Debit,Debit,,False
711,330,1.0,1.0,2.0,2019-09-30,31,31.0,Debit,Debit,,True
712,332,1.0,1.0,3.0,2019-10-31,0,3.0,Debit,Debit,,False
714,339,1.0,1.0,3.0,2019-10-31,0,3.0,Prepaid,Prepaid,,False
716,346,1.0,1.0,3.0,2019-10-31,0,3.0,"Credit, limit under $10k",Credit,9800.0,False
719,350,1.0,1.0,3.0,2019-10-31,0,3.0,Debit,Debit,,False
720,223,1.0,3.0,7.0,2019-10-30,1,7.0,Debit,Debit,,False
721,348,1.0,1.0,2.0,2019-10-31,0,2.0,Debit,Debit,,False
723,347,1.0,1.0,2.0,2019-10-31,0,2.0,Prepaid,Prepaid,,False
724,279,1.0,2.0,5.0,2019-10-30,1,5.0,Debit,Debit,,False
726,332,1.0,1.0,3.0,2019-10-31,0,3.0,"Credit, limit under $10k",Credit,9000.0,False
727,351,1.0,1.0,2.0,2019-10-31,0,2.0,Debit,Debit,,False
728,302,1.0,2.0,5.0,2019-10-30,1,5.0,Debit,Debit,,False
729,339,1.0,1.0,3.0,2019-10-31,0,3.0,Debit,Debit,,False
731,253,1.0,2.0,5.0,2019-10-29,2,5.0,Debit,Debit,,False
732,260,1.0,2.0,5.0,2019-10-30,1,5.0,Prepaid,Prepaid,,False
733,363,1.0,1.0,2.0,2019-10-31,0,2.0,"Credit, limit $10k+",Credit,13400.0,False
734,355,1.0,1.0,3.0,2019-10-31,0,3.0,"Credit, limit under $10k",Credit,6300.0,False
737,361,1.0,1.0,2.0,2019-10-31,0,2.0,Debit,Debit,,False
738,349,1.0,1.0,2.0,2019-10-31,0,2.0,"Credit, limit $10k+",Credit,19600.0,False
742,326,1.0,2.0,3.0,2019-10-31,0,3.0,Prepaid,Prepaid,,False
743,285,1.0,2.0,5.0,2019-10-30,1,5.0,Debit,Debit,,False
744,335,1.0,1.0,3.0,2019-10-30,1,3.0,"Credit, limit under $10k",Credit,2200.0,False
746,354,1.0,1.0,2.0,2019-10-31,0,2.0,"Credit, limit under $10k",Credit,6800.0,False
747,341,1.0,1.0,4.0,2019-10-31,0,4.0,Debit,Debit,,False
748,310,1.0,2.0,4.0,2019-10-31,0,4.0,"Credit, limit $10k+",Credit,14400.0,False
750,277,1.0,2.0,4.0,2019-10-31,0,4.0,Debit,Debit,,False
751,285,1.0,2.0,5.0,2019-10-31,0,5.0,"Credit, limit $10k+",Credit,20100.0,False
752,270,1.0,2.0,5.0,2019-10-31,0,5.0,Debit,Debit,,False
753,324,1.0,1.8000000000000114,5.0,2019-10-30,1,5.0,Prepaid,Prepaid,,False
754,365,1.0,1.0,1.0,2019-10-31,0,1.0,Debit,Debit,,False
755,282,1.0,2.0,5.0,2019-10-31,0,5.0,Debit,Debit,,False
756,260,1.0,2.0,7.0,2019-10-29,2,7.0,Debit,Debit,,False
757,357,1.0,1.0,2.0,2019-10-31,0,2.0,Debit,Debit,,False
758,360,1.0,1.0,2.0,2019-10-31,0,2.0,"Credit, limit under $10k",Credit,7900.0,False
759,297,1.0,2.0,4.0,2019-10-31,0,4.0,"Credit, limit $10k+",Credit,15500.0,False
760,359,1.0,1.0,2.0,2019-10-31,0,2.0,"Credit, limit under $10k",Credit,9100.0,False
762,350,1.0,1.0,2.0,2019-10-31,0,2.0,Debit,Debit,,False
763,364,1.0,1.0,2.0,2019-10-31,0,2.0,"Credit, limit $10k+",Credit,24300.0,False
764,343,1.0,1.0,3.0,2019-10-31,0,3.0,"Credit, limit $10k+",Credit,13900.0,False
771,258,1.0,3.0,5.0,2019-10-31,0,5.0,Debit,Debit,,False
772,330,1.0,1.0,4.0,2019-10-31,0,4.0,Prepaid,Prepaid,,False
773,358,1.0,1.0,2.0,2019-10-31,0,2.0,Debit,Debit,,False
774,325,1.0,2.0,3.0,2019-10-31,0,3.0,Debit,Debit,,False
776,348,1.0,1.0,3.0,2019-10-31,0,3.0,Debit,Debit,,False
779,362,1.0,1.0,2.0,2019-10-31,0,2.0,"Credit, limit $10k+",Credit,14200.0,False
780,333,1.0,1.0,3.0,2019-10-31,0,3.0,Prepaid,Prepaid,,False
782,362,1.0,1.0,2.0,2019-10-31,0,2.0,Debit,Debit,,False
783,310,1.0,2.0,3.0,2019-10-31,0,3.0,Debit,Debit,,False
789,324,1.0,2.0,3.0,2019-10-31,0,3.0,Prepaid,Prepaid,,False
790,351,1.0,1.0,2.0,2019-10-31,0,2.0,Debit,Debit,,False
791,299,1.0,2.0,5.0,2019-10-31,0,5.0,Debit,Debit,,False
793,326,1.0,2.0,3.0,2019-10-31,0,3.0,"Credit, limit $10k+",Credit,16700.0,False
794,213,1.0,3.0,8.0,2019-10-31,0,8.0,Debit,Debit,,False
795,365,1.0,1.0,1.0,2019-10-31,0,1.0,Debit,Debit,,False
797,317,1.0,2.0,3.0,2019-10-31,0,3.0,Debit,Debit,,False
798,285,1.0,2.0,5.0,2019-10-31,0,5.0,Debit,Debit,,False
799,290,1.0,2.0,4.0,2019-10-31,0,4.0,"Credit, limit under $10k",Credit,7000.0,False
801,327,1.0,2.0,3.0,2019-10-31,0,3.0,Debit,Debit,,False
802,351,1.0,1.0,2.0,2019-10-31,0,2.0,"Credit, limit $10k+",Credit,18300.0,False
803,359,1.0,1.0,2.0,2019-10-31,0,2.0,"Credit, limit $10k+",Credit,15300.0,False
804,358,1.0,1.0,2.0,2019-10-31,0,2.0,Debit,Debit,,False
807,317,1.0,2.0,3.0,2019-10-31,0,3.0,Debit,Debit,,False
808,354,1.0,1.0,3.0,2019-10-31,0,3.0,Debit,Debit,,False
810,363,1.0,1.0,2.0,2019-10-31,0,2.0,"Credit, limit $10k+",Credit,10800.0,False
811,362,1.0,1.0,2.0,2019-10-31,0,2.0,"Credit, limit $10k+",Credit,24900.0,False
814,360,1.0,1.0,2.0,2019-10-31,0,2.0,Debit,Debit,,False
816,307,1.0,2.0,5.0,2019-10-31,0,5.0,Debit,Debit,,False
819,339,1.0,1.0,2.0,2019-10-31,0,2.0,"Credit, limit under $10k",Credit,8400.0,False
820,357,1.0,1.0,2.0,2019-10-31,0,2.0,"Credit, limit $10k+",Credit,15100.0,False
821,279,1.0,2.0,4.0,2019-10-31,0,4.0,Debit,Debit,,False
822,318,1.0,2.0,5.0,2019-10-31,0,5.0,"Credit, limit under $10k",Credit,8000.0,False
823,306,1.0,2.0,3.0,2019-10-31,0,3.0,"Credit, limit under $10k",Credit,8600.0,False
825,359,1.0,1.0,2.0,2019-10-30,1,2.0,Debit,Debit,,False
826,230,1.0,3.0,8.0,2019-10-31,0,8.0,"Credit, limit $10k+",Credit,13900.0,False
827,315,1.0,2.0,4.0,2019-10-31,0,4.0,Debit,Debit,,False
828,365,1.0,1.0,1.0,2019-10-31,0,1.0,"Credit, limit under $10k",Credit,8500.0,False
831,306,1.0,2.0,4.0,2019-10-31,0,4.0,"Credit, limit under $10k",Credit,8300.0,False
832,270,1.0,2.0,5.0,2019-10-31,0,5.0,Debit,Debit,,False
837,308,1.0,2.0,3.0,2019-10-31,0,3.0,"Credit, limit under $10k",Credit,6700.0,False
839,255,1.0,2.0,5.0,2019-10-30,1,5.0,Debit,Debit,,False
840,364,1.0,1.0,2.0,2019-10-31,0,2.0,Debit,Debit,,False
843,338,1.0,1.0,3.0,2019-10-31,0,3.0,Debit,Debit,,False
844,244,1.0,3.0,7.0,2019-10-31,0,7.0,"Credit, limit $10k+",Credit,10000.0,False
845,350,1.0,1.0,2.0,2019-10-31,0,2.0,Debit,Debit,,False
846,365,1.0,1.0,1.0,2019-10-31,0,1.0,"Credit, limit under $10k",Credit,0.0,False
847,357,1.0,1.0,2.0,2019-10-31,0,2.0,Prepaid,Prepaid,,False
848,321,1.0,2.0,4.0,2019-10-30,1,4.0,"Credit, limit $10k+",Credit,13700.0,False
849,337,1.0,1.0,4.0,2019-10-31,0,4.0,Debit,Debit,,False
850,363,1.0,1.0,2.0,2019-10-31,0,2.0,Debit,Debit,,False
851,314,1.0,2.0,3.0,2019-10-30,1,3.0,Debit,Debit,,False
852,362,1.0,1.0,2.0,2019-10-31,0,2.0,"Credit, limit $10k+",Credit,10300.0,False
855,348,1.0,1.0,3.0,2019-10-31,0,3.0,Debit,Debit,,False
856,360,1.0,1.0,2.0,2019-10-31,0,2.0,Debit,Debit,,False
858,353,1.0,1.0,3.0,2019-10-31,0,3.0,"Credit, limit $10k+",Credit,14600.0,False
859,355,1.0,1.0,2.0,2019-10-31,0,2.0,"Credit, limit under $10k",Credit,8800.0,False
860,362,1.0,1.0,2.0,2019-10-31,0,2.0,Debit,Debit,,False
862,362,1.0,1.0,2.0,2019-10-31,0,2.0,"Credit, limit under $10k",Credit,3800.0,False
863,332,1.0,1.0,3.0,2019-10-31,0,3.0,Debit,Debit,,False
865,361,1.0,1.0,2.0,2019-10-31,0,2.0,"Credit, limit under $10k",Credit,9200.0,False
866,349,1.0,1.0,2.0,2019-10-31,0,2.0,Debit,Debit,,False
868,355,1.0,1.0,3.0,2019-10-31,0,3.0,Debit,Debit,,False
869,315,1.0,2.0,3.0,2019-10-31,0,3.0,Prepaid,Prepaid,,False
870,358,1.0,1.0,2.0,2019-10-31,0,2.0,Debit,Debit,,False
871,363,1.0,1.0,2.0,2019-10-31,0,2.0,"Credit, limit under $10k",Credit,8600.0,False
872,362,1.0,1.0,2.0,2019-10-31,0,2.0,Debit,Debit,,False
875,214,1.0,3.0,7.0,2019-10-31,0,7.0,"Credit, limit $10k+",Credit,14300.0,False
876,326,1.0,1.6000000000000227,4.0,2019-10-30,1,4.0,Debit,Debit,,False
877,347,1.0,1.0,2.0,2019-10-31,0,2.0,"Credit, limit $10k+",Credit,12000.0,False
879,355,1.0,1.0,3.0,2019-10-31,0,3.0,Debit,Debit,,False
882,316,1.0,2.0,3.0,2019-10-31,0,3.0,Debit,Debit,,False
883,302,1.0,2.0,4.0,2019-10-31,0,4.0,"Credit, limit $10k+",Credit,12500.0,False
884,363,1.0,1.0,2.0,2019-10-31,0,2.0,Debit,Debit,,False
885,360,1.0,1.0,2.0,2019-10-31,0,2.0,"Credit, limit under $10k",Credit,9000.0,False
888,240,1.0,3.0,6.0,2019-10-29,2,6.0,Debit,Debit,,False
890,326,1.0,1.0,4.0,2019-10-31,0,4.0,"Credit, limit $10k+",Credit,16500.0,False
891,356,1.0,1.0,2.0,2019-10-31,0,2.0,Debit,Debit,,False
895,333,1.0,1.0,4.0,2019-10-31,0,4.0,Prepaid,Prepaid,,False
897,327,1.0,2.0,3.0,2019-10-31,0,3.0,Debit,Debit,,False
898,318,1.0,2.0,6.0,2019-10-31,0,6.0,Debit,Debit,,False
900,330,1.0,1.0,4.0,2019-10-31,0,4.0,"Credit, limit under $10k",Credit,4900.0,False
901,319,1.0,2.0,4.0,2019-10-31,0,4.0,Prepaid,Prepaid,,False
905,353,1.0,1.0,3.0,2019-10-31,0,3.0,Debit,Debit,,False
906,334,1.0,1.0,3.0,2019-10-31,0,3.0,"Credit, limit $10k+",Credit,13000.0,False
908,338,1.0,1.0,3.0,2019-10-31,0,3.0,Debit,Debit,,False
909,365,1.0,1.0,1.0,2019-10-31,0,1.0,Debit,Debit,,False
912,357,1.0,1.0,2.0,2019-10-31,0,2.0,"Credit, limit $10k+",Credit,19000.0,False
913,230,1.0,3.0,6.0,2019-10-31,0,6.0,Debit,Debit,,False
914,337,1.0,1.0,3.0,2019-10-31,0,3.0,Debit,Debit,,False
917,289,1.0,2.0,5.0,2019-10-30,1,5.0,Debit,Debit,,False
918,334,1.0,1.0,3.0,2019-10-31,0,3.0,Debit,Debit,,False
920,301,1.0,2.0,5.0,2019-10-31,0,5.0,"Credit, limit under $10k",Credit,8100.0,False
921,365,1.0,1.0,1.0,2019-10-31,0,1.0,Debit,Debit,,False
928,305,1.0,2.0,5.0,2019-10-31,0,5.0,Debit,Debit,,False
931,314,1.0,2.0,4.0,2019-10-31,0,4.0,Debit,Debit,,False
932,364,1.0,1.0,2.0,2019-10-31,0,2.0,Debit,Debit,,False
933,318,1.0,2.0,4.0,2019-10-31,0,4.0,Prepaid,Prepaid,,False
938,344,1.0,1.0,4.0,2019-10-31,0,4.0,"Credit, limit $10k+",Credit,12500.0,False
939,259,1.0,2.0,7.0,2019-10-31,0,7.0,"Credit, limit under $10k",Credit,9000.0,False
940,354,1.0,1.0,2.0,2019-10-31,0,2.0,Debit,Debit,,False
942,358,1.0,1.0,2.0,2019-10-30,1,2.0,Debit,Debit,,False
944,350,1.0,1.0,2.0,2019-10-31,0,2.0,Debit,Debit,,False
946,360,1.0,1.0,2.0,2019-10-31,0,2.0,Debit,Debit,,False
947,365,1.0,1.0,1.0,2019-10-31,0,1.0,Debit,Debit,,False
948,328,1.0,1.400000000000034,3.0,2019-10-31,0,3.0,"Credit, limit under $10k",Credit,7900.0,False
949,353,1.0,1.0,3.0,2019-10-31,0,3.0,Debit,Debit,,False
951,358,1.0,1.0,2.0,2019-10-31,0,2.0,Prepaid,Prepaid,,False
952,349,1.0,1.0,3.0,2019-10-31,0,3.0,Debit,Debit,,False
954,363,1.0,1.0,2.0,2019-10-31,0,2.0,Debit,Debit,,False
955,283,1.0,2.0,7.0,2019-10-31,0,7.0,Debit,Debit,,False
957,344,1.0,1.0,2.0,2019-10-31,0,2.0,Debit,Debit,,False
961,357,1.0,1.0,2.0,2019-10-31,0,2.0,"Credit, limit $10k+",Credit,18300.0,False
962,282,1.0,2.0,6.0,2019-10-31,0,6.0,Debit,Debit,,False
963,314,1.0,2.0,5.0,2019-10-31,0,5.0,"Credit, limit under $10k",Credit,6500.0,False
964,339,1.0,1.0,3.0,2019-10-31,0,3.0,Debit,Debit,,False
970,356,1.0,1.0,3.0,2019-10-31,0,3.0,"Credit, limit $10k+",Credit,10700.0,False
972,345,1.0,1.0,3.0,2019-10-31,0,3.0,Debit,Debit,,False
973,365,1.0,1.0,1.0,2019-10-31,0,1.0,"Credit, limit under $10k",Credit,8300.0,False
976,365,1.0,1.0,1.0,2019-10-31,0,1.0,Debit,Debit,,False
977,361,1.0,1.0,2.0,2019-10-30,1,2.0,"Credit, limit under $10k",Credit,8900.0,False
979,263,1.0,2.0,5.0,2019-10-31,0,5.0,"Credit, limit under $10k",Credit,8600.0,False
980,311,1.0,2.0,3.0,2019-10-31,0,3.0,"Credit, limit $10k+",Credit,14600.0,False
983,338,1.0,1.0,2.0,2019-10-31,0,2.0,Debit,Debit,,False
984,361,1.0,1.0,2.0,2019-10-31,0,2.0,Debit,Debit,,False
985,350,1.0,1.0,2.0,2019-10-31,0,2.0,"Credit, limit $10k+",Credit,13200.0,False
986,343,1.0,1.0,3.0,2019-10-31,0,3.0,"Credit, limit $10k+",Credit,18300.0,False
987,365,1.0,1.0,1.0,2019-10-31,0,1.0,Debit,Debit,,False
988,333,1.0,1.0,3.0,2019-10-31,0,3.0,"Credit, limit $10k+",Credit,13200.0,False
989,361,1.0,1.0,2.0,2019-10-31,0,2.0,"Credit, limit $10k+",Credit,21600.0,False
990,335,1.0,1.0,3.0,2019-10-30,1,3.0,Prepaid,Prepaid,,False
992,334,1.0,1.0,3.0,2019-10-31,0,3.0,"Credit, limit $10k+",Credit,13100.0,False
994,328,1.0,1.400000000000034,3.0,2019-10-31,0,3.0,Debit,Debit,,False
996,360,1.0,1.0,2.0,2019-10-31,0,2.0,"Credit, limit $10k+",Credit,12900.0,False
997,365,1.0,1.0,1.0,2019-10-31,0,1.0,"Credit, limit under $10k",Credit,5900.0,False
1002,195,1.0,3.0,6.0,2019-09-26,35,35.0,Debit,Debit,,True
1003,363,1.0,1.0,2.0,2019-10-31,0,2.0,"Credit, limit $10k+",Credit,21000.0,False
1006,357,1.0,1.0,2.0,2019-10-31,0,2.0,Debit,Debit,,False
1008,364,1.0,1.0,2.0,2019-10-31,0,2.0,"Credit, limit under $10k",Credit,5100.0,False
1009,324,1.0,2.0,3.0,2019-10-31,0,3.0,"Credit, limit under $10k",Credit,8500.0,False
1012,254,1.0,2.0,5.0,2019-10-31,0,5.0,Debit,Debit,,False
1016,169,2.0,4.0,11.0,2019-10-30,1,11.0,Debit,Debit,,False
1018,365,1.0,1.0,1.0,2019-10-31,0,1.0,Debit,Debit,,False
1019,328,1.0,2.0,3.0,2019-10-31,0,3.0,"Credit, limit under $10k",Credit,7300.0,False
1020,363,1.0,1.0,2.0,2019-10-31,0,2.0,Debit,Debit,,False
1022,357,1.0,1.0,2.0,2019-10-31,0,2.0,"Credit, limit $10k+",Credit,10300.0,False
1024,359,1.0,1.0,2.0,2019-10-31,0,2.0,"Credit, limit $10k+",Credit,16100.0,False
1026,355,1.0,1.0,2.0,2019-10-31,0,2.0,Prepaid,Prepaid,,False
1027,345,1.0,1.0,3.0,2019-10-31,0,3.0,Debit,Debit,,False
1028,360,1.0,1.0,2.0,2019-10-31,0,2.0,Debit,Debit,,False
1029,290,1.0,2.0,4.0,2019-10-31,0,4.0,Debit,Debit,,False
1030,340,1.0,1.0,3.0,2019-10-31,0,3.0,"Credit, limit $10k+",Credit,16500.0,False
1031,323,1.0,2.0,3.0,2019-10-31,0,3.0,"Credit, limit $10k+",Credit,15700.0,False
1034,363,1.0,1.0,2.0,2019-10-31,0,2.0,Debit,Debit,,False
1039,365,1.0,1.0,1.0,2019-10-31,0,1.0,Debit,Debit,,False
1041,314,1.0,2.0,5.0,2019-10-31,0,5.0,Debit,Debit,,False
1046,356,1.0,1.0,3.0,2019-10-31,0,3.0,"Credit, limit under $10k",Credit,9400.0,False
1047,358,1.0,1.0,2.0,2019-10-31,0,2.0,Debit,Debit,,False
1048,302,1.0,2.0,4.0,2019-10-31,0,4.0,"Credit, limit under $10k",Credit,3800.0,False
1050,364,1.0,1.0,2.0,2019-10-31,0,2.0,Debit,Debit,,False
1052,350,1.0,1.0,3.0,2019-10-31,0,3.0,Debit,Debit,,False
1053,358,1.0,1.0,2.0,2019-10-31,0,2.0,"Credit, limit under $10k",Credit,9200.0,False
1054,314,1.0,2.0,3.0,2019-10-30,1,3.0,Debit,Debit,,False
1058,361,1.0,1.0,2.0,2019-10-31,0,2.0,Debit,Debit,,False
1060,304,1.0,2.0,3.0,2019-10-31,0,3.0,"Credit, limit under $10k",Credit,9400.0,False
1063,362,1.0,1.0,2.0,2019-10-31,0,2.0,Debit,Debit,,False
1066,365,1.0,1.0,1.0,2019-10-31,0,1.0,Debit,Debit,,False
1067,362,1.0,1.0,2.0,2019-10-31,0,2.0,"Credit, limit $10k+",Credit,11200.0,False
1069,360,1.0,1.0,2.0,2019-10-31,0,2.0,Debit,Debit,,False
1070,344,1.0,1.0,3.0,2019-10-31,0,3.0,Debit,Debit,,False
1072,359,1.0,1.0,2.0,2019-10-30,1,2.0,Debit,Debit,,False
1073,339,1.0,1.0,3.0,2019-10-31,0,3.0,Debit,Debit,,False
1074,261,1.0,2.0,5.0,2019-10-31,0,5.0,Debit,Debit,,False
1075,365,1.0,1.0,1.0,2019-10-31,0,1.0,Debit,Debit,,False
1076,316,1.0,2.0,4.0,2019-10-30,1,4.0,Debit,Debit,,False
1077,365,1.0,1.0,1.0,2019-10-31,0,1.0,Prepaid,Prepaid,,False
1078,358,1.0,1.0,2.0,2019-10-31,0,2.0,Debit,Debit,,False
1079,360,1.0,1.0,2.0,2019-10-31,0,2.0,Debit,Debit,,False
1080,363,1.0,1.0,2.0,2019-10-31,0,2.0,"Credit, limit under $10k",Credit,5500.0,False
1081,364,1.0,1.0,2.0,2019-10-31,0,2.0,"Credit, limit $10k+",Credit,10400.0,False
1082,323,1.0,2.0,3.0,2019-10-31,0,3.0,"Credit, limit $10k+",Credit,10600.0,False
1083,365,1.0,1.0,1.0,2019-10-31,0,1.0,Debit,Debit,,False
1084,344,1.0,1.0,3.0,2019-10-31,0,3.0,"Credit, limit $10k+",Credit,20900.0,False
1086,260,1.0,2.0,5.0,2019-10-31,0,5.0,Debit,Debit,,False
1087,309,1.0,2.0,4.0,2019-10-31,0,4.0,Debit,Debit,,False
1088,324,1.0,1.8000000000000114,7.0,2019-10-31,0,7.0,"Credit, limit under $10k",Credit,7300.0,False
1089,330,1.0,1.0,3.0,2019-10-31,0,3.0,Prepaid,Prepaid,,False
1091,309,1.0,2.0,3.0,2019-10-30,1,3.0,Debit,Debit,,False
1094,287,1.0,2.0,6.0,2019-10-31,0,6.0,Debit,Debit,,False
1095,271,1.0,2.0,5.0,2019-10-31,0,5.0,Debit,Debit,,False
1096,365,1.0,1.0,1.0,2019-10-31,0,1.0,"Credit, limit under $10k",Credit,5500.0,False
1097,315,1.0,2.0,4.0,2019-10-31,0,4.0,Debit,Debit,,False
1098,365,1.0,1.0,1.0,2019-10-31,0,1.0,Debit,Debit,,False
1100,356,1.0,1.0,2.0,2019-10-31,0,2.0,Debit,Debit,,False
1102,365,1.0,1.0,1.0,2019-10-31,0,1.0,Debit,Debit,,False
1103,360,1.0,1.0,2.0,2019-10-31,0,2.0,"Credit, limit under $10k",Credit,5300.0,False
1104,358,1.0,1.0,2.0,2019-10-31,0,2.0,Debit,Debit,,False
1105,362,1.0,1.0,2.0,2019-10-31,0,2.0,Debit,Debit,,False
1106,359,1.0,1.0,2.0,2019-10-31,0,2.0,Debit,Debit,,False
1107,357,1.0,1.0,2.0,2019-10-31,0,2.0,"Credit, limit $10k+",Credit,10300.0,False
1114,327,1.0,2.0,4.0,2019-10-31,0,4.0,"Credit, limit $10k+",Credit,12500.0,False
1115,355,1.0,1.0,3.0,2019-10-31,0,3.0,"Credit, limit under $10k",Credit,3500.0,False
1116,365,1.0,1.0,1.0,2019-10-31,0,1.0,"Credit, limit $10k+",Credit,16100.0,False
1117,355,1.0,1.0,2.0,2019-10-31,0,2.0,Debit,Debit,,False
1118,355,1.0,1.0,2.0,2019-10-31,0,2.0,Debit,Debit,,False
1121,365,1.0,1.0,1.0,2019-10-31,0,1.0,Debit,Debit,,False
1123,303,1.0,2.0,5.0,2019-10-31,0,5.0,"Credit, limit under $10k",Credit,9000.0,False
1125,307,1.0,2.0,5.0,2019-10-31,0,5.0,Debit,Debit,,False
1127,364,1.0,1.0,2.0,2019-10-31,0,2.0,Debit,Debit,,False
1128,321,1.0,2.0,3.0,2019-10-31,0,3.0,Debit,Debit,,False
1129,365,1.0,1.0,1.0,2019-10-31,0,1.0,Debit,Debit,,False
1130,364,1.0,1.0,2.0,2019-10-31,0,2.0,Debit,Debit,,False
1131,344,1.0,1.0,3.0,2019-10-31,0,3.0,"Credit, limit $10k+",Credit,18200.0,False
1133,339,1.0,1.0,3.0,2019-10-31,0,3.0,Debit,Debit,,False
1135,365,1.0,1.0,1.0,2019-10-31,0,1.0,"Credit, limit $10k+",Credit,22400.0,False
1137,305,1.0,2.0,4.0,2019-10-31,0,4.0,"Credit, limit under $10k",Credit,7600.0,False
1138,365,1.0,1.0,1.0,2019-10-31,0,1.0,Prepaid,Prepaid,,False
1140,359,1.0,1.0,2.0,2019-10-31,0,2.0,"Credit, limit $10k+",Credit,17000.0,False
1141,350,1.0,1.0,3.0,2019-10-31,0,3.0,"Credit, limit under $10k",Credit,9400.0,False
1142,323,1.0,2.0,3.0,2019-10-31,0,3.0,Debit,Debit,,False
1144,365,1.0,1.0,1.0,2019-10-31,0,1.0,Debit,Debit,,False
1145,365,1.0,1.0,1.0,2019-10-31,0,1.0,Prepaid,Prepaid,,False
1147,365,1.0,1.0,1.0,2019-10-31,0,1.0,Debit,Debit,,False
1148,345,1.0,1.0,3.0,2019-10-30,1,3.0,"Credit, limit under $10k",Credit,9300.0,False
1150,363,1.0,1.0,2.0,2019-10-31,0,2.0,"Credit, limit $10k+",Credit,13200.0,False
1151,326,1.0,1.0,4.0,2019-10-30,1,4.0,"Credit, limit under $10k",Credit,100.0,False
1153,268,1.0,2.0,9.0,2019-10-31,0,9.0,Prepaid,Prepaid,,False
1155,360,1.0,1.0,2.0,2019-10-31,0,2.0,"Credit, limit under $10k",Credit,7100.0,False
1156,356,1.0,1.0,3.0,2019-10-31,0,3.0,"Credit, limit $10k+",Credit,57200.0,False
1163,255,1.0,2.700000000000017,5.0,2019-10-31,0,5.0,Prepaid,Prepaid,,False
1164,335,1.0,1.0,3.0,2019-10-31,0,3.0,Debit,Debit,,False
1166,355,1.0,1.0,2.0,2019-10-31,0,2.0,Debit,Debit,,False
1168,363,1.0,1.0,2.0,2019-10-31,0,2.0,Debit,Debit,,False
1169,365,1.0,1.0,1.0,2019-10-31,0,1.0,"Credit, limit $10k+",Credit,28300.0,False
1170,348,1.0,1.0,2.0,2019-10-31,0,2.0,"Credit, limit under $10k",Credit,7900.0,False
1171,301,1.0,2.0,5.0,2019-10-31,0,5.0,Prepaid,Prepaid,,False
1173,334,1.0,1.0,3.0,2019-10-30,1,3.0,"Credit, limit $10k+",Credit,11200.0,False
1176,362,1.0,1.0,2.0,2019-10-31,0,2.0,Debit,Debit,,False
1177,354,1.0,1.0,2.0,2019-10-31,0,2.0,"Credit, limit $10k+",Credit,26400.0,False
1179,273,1.0,2.0,8.0,2019-10-31,0,8.0,Debit,Debit,,False
1180,358,1.0,1.0,2.0,2019-10-31,0,2.0,"Credit, limit $10k+",Credit,11200.0,False
1181,342,1.0,1.0,3.0,2019-10-31,0,3.0,"Credit, limit $10k+",Credit,12000.0,False
1183,325,1.0,2.0,3.0,2019-10-31,0,3.0,Debit,Debit,,False
1184,351,1.0,1.0,2.0,2019-10-31,0,2.0,Debit,Debit,,False
1187,240,1.0,3.0,7.0,2019-10-31,0,7.0,"Credit, limit $10k+",Credit,12100.0,False
1189,307,1.0,2.0,4.0,2019-10-31,0,4.0,Debit,Debit,,False
1190,365,1.0,1.0,1.0,2019-10-31,0,1.0,Debit,Debit,,False
1192,327,1.0,2.0,3.0,2019-10-31,0,3.0,Debit,Debit,,False
1193,354,1.0,1.0,2.0,2019-10-31,0,2.0,Debit,Debit,,False
1194,365,1.0,1.0,1.0,2019-10-31,0,1.0,"Credit, limit $10k+",Credit,14100.0,False
1195,358,1.0,1.0,2.0,2019-10-31,0,2.0,Debit,Debit,,False
1196,350,1.0,1.0,3.0,2019-10-31,0,3.0,"Credit, limit $10k+",Credit,11100.0,False
1198,364,1.0,1.0,2.0,2019-10-31,0,2.0,Debit,Debit,,False
1201,305,1.0,2.0,4.0,2019-10-31,0,4.0,Debit,Debit,,False
1202,363,1.0,1.0,2.0,2019-10-31,0,2.0,"Credit, limit under $10k",Credit,0.0,False
1203,260,1.0,2.0,4.0,2019-10-31,0,4.0,Prepaid,Prepaid,,False
1204,318,1.0,2.0,4.0,2019-10-31,0,4.0,Debit,Debit,,False
1207,362,1.0,1.0,2.0,2019-10-31,0,2.0,"Credit, limit $10k+",Credit,22800.0,False
1208,352,1.0,1.0,3.0,2019-10-31,0,3.0,Debit,Debit,,False
1209,364,1.0,1.0,2.0,2019-10-31,0,2.0,Debit,Debit,,False
1210,345,1.0,1.0,2.0,2019-10-31,0,2.0,Debit,Debit,,False
1211,295,1.0,2.0,4.0,2019-10-31,0,4.0,"Credit, limit under $10k",Credit,8200.0,False
1213,321,1.0,2.0,3.0,2019-10-31,0,3.0,"Credit, limit $10k+",Credit,12300.0,False
1214,358,1.0,1.0,3.0,2019-10-31,0,3.0,Debit,Debit,,False
1217,301,1.0,2.0,4.0,2019-10-31,0,4.0,Debit,Debit,,False
1219,356,1.0,1.0,2.0,2019-10-31,0,2.0,Debit,Debit,,False
1221,347,1.0,1.0,3.0,2019-10-31,0,3.0,"Credit, limit under $10k",Credit,8500.0,False
1222,351,1.0,1.0,3.0,2019-10-31,0,3.0,Debit,Debit,,False
1223,205,1.0,2.0,22.0,2019-10-31,0,22.0,Debit,Debit,,False
1224,365,1.0,1.0,1.0,2019-10-31,0,1.0,"Credit, limit $10k+",Credit,14800.0,False
1225,364,1.0,1.0,2.0,2019-10-31,0,2.0,Debit,Debit,,False
1226,354,1.0,1.0,3.0,2019-10-31,0,3.0,"Credit, limit under $10k",Credit,9600.0,False
1227,354,1.0,1.0,3.0,2019-10-31,0,3.0,"Credit, limit $10k+",Credit,14600.0,False
1228,358,1.0,1.0,2.0,2019-10-31,0,2.0,Debit,Debit,,False
1229,332,1.0,1.0,3.0,2019-10-31,0,3.0,"Credit, limit $10k+",Credit,12600.0,False
1234,358,1.0,1.0,2.0,2019-10-31,0,2.0,Prepaid,Prepaid,,False
1236,350,1.0,1.0,3.0,2019-10-31,0,3.0,Debit,Debit,,False
1237,365,1.0,1.0,1.0,2019-10-31,0,1.0,"Credit, limit under $10k",Credit,8400.0,False
1238,352,1.0,1.0,3.0,2019-10-31,0,3.0,"Credit, limit $10k+",Credit,22500.0,False
1239,349,1.0,1.0,2.0,2019-10-31,0,2.0,"Credit, limit under $10k",Credit,9600.0,False
1240,355,1.0,1.0,2.0,2019-10-31,0,2.0,Debit,Debit,,False
1241,361,1.0,1.0,2.0,2019-10-31,0,2.0,Debit,Debit,,False
1242,331,1.0,1.0,3.0,2019-10-31,0,3.0,"Credit, limit under $10k",Credit,6200.0,False
1243,347,1.0,1.0,3.0,2019-10-31,0,3.0,Debit,Debit,,False
1245,357,1.0,1.0,2.0,2019-10-31,0,2.0,Debit,Debit,,False
1246,312,1.0,2.0,4.0,2019-10-31,0,4.0,Debit,Debit,,False
1247,347,1.0,1.0,2.0,2019-10-31,0,2.0,Debit,Debit,,False
1248,334,1.0,1.0,3.0,2019-10-31,0,3.0,"Credit, limit under $10k",Credit,9600.0,False
1250,364,1.0,1.0,2.0,2019-10-31,0,2.0,"Credit, limit under $10k",Credit,7500.0,False
1251,364,1.0,1.0,2.0,2019-10-31,0,2.0,Prepaid,Prepaid,,False
1253,365,1.0,1.0,1.0,2019-10-31,0,1.0,Debit,Debit,,False
1254,327,1.0,2.0,3.0,2019-10-31,0,3.0,Prepaid,Prepaid,,False
1256,365,1.0,1.0,1.0,2019-10-31,0,1.0,"Credit, limit $10k+",Credit,15700.0,False
1257,281,1.0,2.0,6.0,2019-10-30,1,6.0,Debit,Debit,,False
1258,345,1.0,1.0,3.0,2019-10-31,0,3.0,"Credit, limit under $10k",Credit,9600.0,False
1259,355,1.0,1.0,2.0,2019-10-31,0,2.0,Debit,Debit,,False
1260,299,1.0,2.0,4.0,2019-10-31,0,4.0,"Credit, limit under $10k",Credit,0.0,False
1261,324,1.0,1.0,4.0,2019-10-31,0,4.0,Debit,Debit,,False
1262,348,1.0,1.0,3.0,2019-10-31,0,3.0,Debit,Debit,,False
1263,341,1.0,1.0,3.0,2019-10-31,0,3.0,Debit,Debit,,False
1266,289,1.0,2.0,4.0,2019-10-31,0,4.0,Debit,Debit,,False
1267,277,1.0,2.0,6.0,2019-10-31,0,6.0,Debit,Debit,,False
1268,208,1.0,3.0,5.0,2019-10-31,0,5.0,Debit,Debit,,False
1269,356,1.0,1.0,2.0,2019-10-31,0,2.0,"Credit, limit $10k+",Credit,11300.0,False
1274,364,1.0,1.0,2.0,2019-10-31,0,2.0,Debit,Debit,,False
1276,268,1.0,2.0,5.0,2019-10-30,1,5.0,"Credit, limit $10k+",Credit,19000.0,False
1279,364,1.0,1.0,2.0,2019-10-31,0,2.0,Debit,Debit,,False
1281,245,1.0,2.0,7.0,2019-10-30,1,7.0,Prepaid,Prepaid,,False
1282,341,1.0,1.0,3.0,2019-10-31,0,3.0,Debit,Debit,,False
1283,352,1.0,1.0,3.0,2019-10-31,0,3.0,"Credit, limit $10k+",Credit,19500.0,False
1284,337,1.0,1.0,3.0,2019-10-31,0,3.0,Debit,Debit,,False
1285,348,1.0,1.0,3.0,2019-10-31,0,3.0,Debit,Debit,,False
1286,360,1.0,1.0,2.0,2019-10-31,0,2.0,Debit,Debit,,False
1288,349,1.0,1.0,2.0,2019-10-31,0,2.0,Debit,Debit,,False
1291,335,1.0,1.0,3.0,2019-10-31,0,3.0,"Credit, limit under $10k",Credit,1900.0,False
1293,365,1.0,1.0,1.0,2019-10-31,0,1.0,Debit,Debit,,False
1294,349,1.0,1.0,3.0,2019-10-31,0,3.0,Debit,Debit,,False
1295,365,1.0,1.0,1.0,2019-10-31,0,1.0,"Credit, limit under $10k",Credit,9900.0,False
1296,365,1.0,1.0,1.0,2019-10-31,0,1.0,Debit,Debit,,False
1298,308,1.0,2.0,3.0,2019-10-31,0,3.0,Debit,Debit,,False
1299,310,1.0,2.0,6.0,2019-10-30,1,6.0,"Credit, limit under $10k",Credit,8800.0,False
1300,361,1.0,1.0,2.0,2019-10-31,0,2.0,Debit,Debit,,False
1301,361,1.0,1.0,2.0,2019-10-31,0,2.0,Debit,Debit,,False
1302,357,1.0,1.0,2.0,2019-10-31,0,2.0,Debit,Debit,,False
1303,222,1.0,3.0,6.0,2019-10-26,5,6.0,Debit,Debit,,False
1305,349,1.0,1.0,2.0,2019-10-31,0,2.0,Debit,Debit,,False
1307,351,1.0,1.0,3.0,2019-10-31,0,3.0,"Credit, limit $10k+",Credit,29200.0,False
1313,364,1.0,1.0,2.0,2019-10-31,0,2.0,"Credit, limit under $10k",Credit,6000.0,False
1314,365,1.0,1.0,1.0,2019-10-31,0,1.0,Debit,Debit,,False
1315,361,1.0,1.0,2.0,2019-10-31,0,2.0,"Credit, limit $10k+",Credit,10600.0,False
1317,338,1.0,1.0,3.0,2019-10-31,0,3.0,Debit,Debit,,False
1323,354,1.0,1.0,3.0,2019-10-31,0,3.0,Debit,Debit,,False
1324,349,1.0,1.0,2.0,2019-10-31,0,2.0,"Credit, limit $10k+",Credit,12500.0,False
1326,333,1.0,1.0,3.0,2019-10-31,0,3.0,Debit,Debit,,False
1330,364,1.0,1.0,2.0,2019-10-31,0,2.0,Debit,Debit,,False
1331,322,1.0,2.0,4.0,2019-10-31,0,4.0,Prepaid,Prepaid,,False
1332,338,1.0,1.0,3.0,2019-10-31,0,3.0,Debit,Debit,,False
1334,313,1.0,2.0,4.0,2019-10-31,0,4.0,"Credit, limit $10k+",Credit,14400.0,False
1335,356,1.0,1.0,3.0,2019-10-31,0,3.0,Debit,Debit,,False
1340,365,1.0,1.0,1.0,2019-10-31,0,1.0,Debit,Debit,,False
1341,364,1.0,1.0,2.0,2019-10-31,0,2.0,Debit,Debit,,False
1344,357,1.0,1.0,2.0,2019-10-31,0,2.0,Debit,Debit,,False
1345,357,1.0,1.0,2.0,2019-10-31,0,2.0,Debit,Debit,,False
1347,325,1.0,1.6999999999999886,4.0,2019-10-31,0,4.0,"Credit, limit $10k+",Credit,13100.0,False
1348,361,1.0,1.0,2.0,2019-10-31,0,2.0,"Credit, limit under $10k",Credit,0.0,False
1352,260,1.0,2.0,4.0,2019-10-31,0,4.0,Debit,Debit,,False
1353,270,1.0,2.0,5.0,2019-10-30,1,5.0,Debit,Debit,,False
1356,343,1.0,1.0,3.0,2019-10-31,0,3.0,"Credit, limit under $10k",Credit,7900.0,False
1357,364,1.0,1.0,2.0,2019-10-31,0,2.0,"Credit, limit under $10k",Credit,8000.0,False
1358,315,1.0,2.0,4.0,2019-10-31,0,4.0,Prepaid,Prepaid,,False
1360,235,1.0,3.0,7.0,2019-10-31,0,7.0,"Credit, limit under $10k",Credit,9000.0,False
1361,327,1.0,2.0,3.0,2019-10-31,0,3.0,Debit,Debit,,False
1362,317,1.0,2.0,3.0,2019-10-31,0,3.0,"Credit, limit $10k+",Credit,33900.0,False
1364,224,1.0,3.0,5.0,2019-10-29,2,5.0,"Credit, limit under $10k",Credit,0.0,False
1366,348,1.0,1.0,3.0,2019-10-31,0,3.0,"Credit, limit $10k+",Credit,12400.0,False
1367,342,1.0,1.0,3.0,2019-10-31,0,3.0,Debit,Debit,,False
1369,365,1.0,1.0,1.0,2019-10-31,0,1.0,Debit,Debit,,False
1370,356,1.0,1.0,2.0,2019-10-31,0,2.0,Debit,Debit,,False
1371,357,1.0,1.0,2.0,2019-10-31,0,2.0,"Credit, limit $10k+",Credit,17300.0,False
1376,361,1.0,1.0,2.0,2019-10-31,0,2.0,"Credit, limit $10k+",Credit,13100.0,False
1378,363,1.0,1.0,2.0,2019-10-31,0,2.0,"Credit, limit $10k+",Credit,10100.0,False
1379,365,1.0,1.0,1.0,2019-10-31,0,1.0,Debit,Debit,,False
1381,356,1.0,1.0,2.0,2019-10-31,0,2.0,Debit,Debit,,False
1382,364,1.0,1.0,2.0,2019-10-31,0,2.0,Debit,Debit,,False
1383,358,1.0,1.0,2.0,2019-10-31,0,2.0,Debit,Debit,,False
1384,349,1.0,1.0,2.0,2019-10-31,0,2.0,Debit,Debit,,False
1385,364,1.0,1.0,2.0,2019-10-31,0,2.0,Prepaid,Prepaid,,False
1391,365,1.0,1.0,1.0,2019-10-31,0,1.0,Debit,Debit,,False
1393,351,1.0,1.0,2.0,2019-10-31,0,2.0,Debit,Debit,,False
1394,364,1.0,1.0,2.0,2019-10-31,0,2.0,Debit,Debit,,False
1397,338,1.0,1.0,3.0,2019-10-31,0,3.0,Debit,Debit,,False
1398,363,1.0,1.0,2.0,2019-10-31,0,2.0,Debit,Debit,,False
1403,364,1.0,1.0,2.0,2019-10-31,0,2.0,Debit,Debit,,False
1404,268,1.0,2.0,5.0,2019-10-31,0,5.0,Debit,Debit,,False
1405,361,1.0,1.0,2.0,2019-10-31,0,2.0,"Credit, limit $10k+",Credit,11600.0,False
1406,337,1.0,1.0,3.0,2019-10-30,1,3.0,"Credit, limit under $10k",Credit,6100.0,False
1407,365,1.0,1.0,1.0,2019-10-31,0,1.0,Debit,Debit,,False
1411,360,1.0,1.0,2.0,2019-10-31,0,2.0,Debit,Debit,,False
1412,362,1.0,1.0,2.0,2019-10-31,0,2.0,Debit,Debit,,False
1413,356,1.0,1.0,2.0,2019-10-31,0,2.0,"Credit, limit under $10k",Credit,6500.0,False
1416,354,1.0,1.0,2.0,2019-10-31,0,2.0,Debit,Debit,,False
1417,332,1.0,1.0,4.0,2019-10-31,0,4.0,"Credit, limit $10k+",Credit,14200.0,False
1421,236,1.0,3.0,6.0,2019-10-31,0,6.0,Debit,Debit,,False
1422,350,1.0,1.0,3.0,2019-10-31,0,3.0,Debit,Debit,,False
1424,345,1.0,1.0,2.0,2019-10-31,0,2.0,"Credit, limit under $10k",Credit,8000.0,False
1425,361,1.0,1.0,2.0,2019-10-31,0,2.0,Prepaid,Prepaid,,False
1427,334,1.0,1.0,3.0,2019-10-31,0,3.0,Debit,Debit,,False
1428,362,1.0,1.0,2.0,2019-10-31,0,2.0,Prepaid,Prepaid,,False
1429,354,1.0,1.0,2.0,2019-10-31,0,2.0,Debit,Debit,,False
1430,300,1.0,2.0,6.0,2019-10-31,0,6.0,Debit,Debit,,False
1432,362,1.0,1.0,2.0,2019-10-31,0,2.0,"Credit, limit $10k+",Credit,19400.0,False
1433,364,1.0,1.0,2.0,2019-10-31,0,2.0,Debit,Debit,,False
1434,233,1.0,3.0,5.0,2019-10-31,0,5.0,"Credit, limit $10k+",Credit,11300.0,False
1435,365,1.0,1.0,1.0,2019-10-31,0,1.0,"Credit, limit $10k+",Credit,23500.0,False
1437,365,1.0,1.0,1.0,2019-10-31,0,1.0,Debit,Debit,,False
1439,335,1.0,1.0,3.0,2019-10-31,0,3.0,Debit,Debit,,False
1442,363,1.0,1.0,2.0,2019-10-31,0,2.0,Debit,Debit,,False
1443,359,1.0,1.0,2.0,2019-10-31,0,2.0,"Credit, limit under $10k",Credit,8500.0,False
1444,362,1.0,1.0,2.0,2019-10-31,0,2.0,Debit,Debit,,False
1445,362,1.0,1.0,2.0,2019-10-31,0,2.0,"Credit, limit $10k+",Credit,10200.0,False
1446,327,1.0,2.0,4.0,2019-10-31,0,4.0,Debit,Debit,,False
1448,363,1.0,1.0,2.0,2019-10-31,0,2.0,"Credit, limit $10k+",Credit,13200.0,False
1449,338,1.0,1.0,3.0,2019-10-31,0,3.0,Debit,Debit,,False
1451,365,1.0,1.0,1.0,2019-10-31,0,1.0,Debit,Debit,,False
1452,357,1.0,1.0,3.0,2019-10-31,0,3.0,Debit,Debit,,False
1453,365,1.0,1.0,1.0,2019-10-31,0,1.0,Debit,Debit,,False
1455,340,1.0,1.0,3.0,2019-10-31,0,3.0,"Credit, limit under $10k",Credit,8000.0,False
1456,360,1.0,1.0,2.0,2019-10-31,0,2.0,Debit,Debit,,False
1458,298,1.0,2.0,5.0,2019-10-31,0,5.0,Debit,Debit,,False
1459,357,1.0,1.0,3.0,2019-10-31,0,3.0,"Credit, limit under $10k",Credit,7100.0,False
1461,352,1.0,1.0,3.0,2019-10-31,0,3.0,Debit,Debit,,False
1463,365,1.0,1.0,1.0,2019-10-31,0,1.0,Debit,Debit,,False
1464,355,1.0,1.0,2.0,2019-10-31,0,2.0,Debit,Debit,,False
1466,361,1.0,1.0,2.0,2019-10-31,0,2.0,"Credit, limit under $10k",Credit,9800.0,False
1467,351,1.0,1.0,2.0,2019-10-30,1,2.0,Debit,Debit,,False
1470,314,1.0,2.0,5.0,2019-10-29,2,5.0,Debit,Debit,,False
1471,347,1.0,1.0,2.0,2019-10-31,0,2.0,"Credit, limit under $10k",Credit,7900.0,False
1473,300,1.0,2.0,3.0,2019-10-31,0,3.0,Debit,Debit,,False
1475,364,1.0,1.0,2.0,2019-10-31,0,2.0,Debit,Debit,,False
1477,327,1.0,1.5,3.0,2019-10-31,0,3.0,"Credit, limit $10k+",Credit,12700.0,False
1478,337,1.0,1.0,3.0,2019-10-31,0,3.0,Debit,Debit,,False
1479,280,1.0,2.0,5.0,2019-10-30,1,5.0,"Credit, limit under $10k",Credit,2800.0,False
1482,347,1.0,1.0,2.0,2019-10-31,0,2.0,Debit,Debit,,False
1484,364,1.0,1.0,2.0,2019-10-31,0,2.0,"Credit, limit $10k+",Credit,17200.0,False
1485,359,1.0,1.0,2.0,2019-10-31,0,2.0,Debit,Debit,,False
1486,298,1.0,2.0,4.0,2019-10-31,0,4.0,"Credit, limit under $10k",Credit,9600.0,False
1487,365,1.0,1.0,1.0,2019-10-31,0,1.0,"Credit, limit $10k+",Credit,24200.0,False
1488,348,1.0,1.0,3.0,2019-10-31,0,3.0,Debit,Debit,,False
1490,356,1.0,1.0,2.0,2019-10-31,0,2.0,"Credit, limit $10k+",Credit,11400.0,False
1492,360,1.0,1.0,2.0,2019-10-31,0,2.0,Debit,Debit,,False
1493,322,1.0,2.0,4.0,2019-10-31,0,4.0,"Credit, limit $10k+",Credit,14400.0,False
1494,320,1.0,2.0,3.0,2019-10-31,0,3.0,Debit,Debit,,False
1495,358,1.0,1.0,3.0,2019-10-31,0,3.0,Prepaid,Prepaid,,False
1497,341,1.0,1.0,3.0,2019-10-31,0,3.0,Debit,Debit,,False
1498,342,1.0,1.0,3.0,2019-10-31,0,3.0,Prepaid,Prepaid,,False
1499,239,1.0,3.0,5.0,2019-10-31,0,5.0,"Credit, limit $10k+",Credit,23700.0,False
1500,352,1.0,1.0,2.0,2019-10-31,0,2.0,Debit,Debit,,False
1503,284,1.0,2.0,4.0,2019-10-30,1,4.0,"Credit, limit $10k+",Credit,12600.0,False
1504,341,1.0,1.0,2.0,2019-10-31,0,2.0,Debit,Debit,,False
1507,318,1.0,2.0,3.0,2019-10-31,0,3.0,Debit,Debit,,False
1508,317,1.0,2.0,3.0,2019-10-31,0,3.0,Debit,Debit,,False
1509,361,1.0,1.0,2.0,2019-10-31,0,2.0,"Credit, limit $10k+",Credit,12100.0,False
1511,352,1.0,1.0,2.0,2019-10-31,0,2.0,Debit,Debit,,False
1512,353,1.0,1.0,2.0,2019-10-31,0,2.0,Debit,Debit,,False
1513,364,1.0,1.0,2.0,2019-10-31,0,2.0,"Credit, limit $10k+",Credit,27200.0,False
1514,285,1.0,2.0,4.0,2019-10-31,0,4.0,Debit,Debit,,False
1515,309,1.0,2.0,4.0,2019-10-30,1,4.0,Prepaid,Prepaid,,False
1516,364,1.0,1.0,2.0,2019-10-31,0,2.0,Debit,Debit,,False
1517,348,1.0,1.0,3.0,2019-10-31,0,3.0,Debit,Debit,,False
1518,341,1.0,1.0,2.0,2019-10-31,0,2.0,"Credit, limit under $10k",Credit,9600.0,False
1519,350,1.0,1.0,2.0,2019-10-30,1,2.0,Debit,Debit,,False
1520,363,1.0,1.0,2.0,2019-10-31,0,2.0,"Credit, limit under $10k",Credit,9800.0,False
1521,264,1.0,2.0,6.0,2019-10-31,0,6.0,"Credit, limit under $10k",Credit,5000.0,False
1523,344,1.0,1.0,3.0,2019-10-30,1,3.0,Debit,Debit,,False
1525,354,1.0,1.0,2.0,2019-10-31,0,2.0,"Credit, limit under $10k",Credit,8200.0,False
1526,267,1.0,2.0,4.0,2019-10-31,0,4.0,"Credit, limit under $10k",Credit,7400.0,False
1527,320,1.0,2.0,5.0,2019-10-31,0,5.0,"Credit, limit under $10k",Credit,7100.0,False
1528,365,1.0,1.0,1.0,2019-10-31,0,1.0,Debit,Debit,,False
1529,365,1.0,1.0,1.0,2019-10-31,0,1.0,Debit,Debit,,False
1530,229,1.0,3.0,5.0,2019-10-29,2,5.0,"Credit, limit under $10k",Credit,500.0,False
1531,320,1.0,2.0,4.0,2019-10-30,1,4.0,"Credit, limit under $10k",Credit,7500.0,False
1533,336,1.0,1.0,4.0,2019-10-31,0,4.0,"Credit, limit $10k+",Credit,15300.0,False
1534,365,1.0,1.0,1.0,2019-10-31,0,1.0,Debit,Debit,,False
1535,338,1.0,1.0,3.0,2019-10-30,1,3.0,Debit,Debit,,False
1538,356,1.0,1.0,3.0,2019-10-31,0,3.0,Debit,Debit,,False
1540,365,1.0,1.0,1.0,2019-10-31,0,1.0,Debit,Debit,,False
1541,365,1.0,1.0,1.0,2019-10-31,0,1.0,"Credit, limit $10k+",Credit,10600.0,False
1542,277,1.0,2.0,5.0,2019-10-31,0,5.0,Prepaid,Prepaid,,False
1543,365,1.0,1.0,1.0,2019-10-31,0,1.0,"Credit, limit $10k+",Credit,29800.0,False
1544,364,1.0,1.0,2.0,2019-10-31,0,2.0,Debit,Debit,,False
1546,310,1.0,2.0,4.0,2019-10-31,0,4.0,"Credit, limit under $10k",Credit,6400.0,False
1549,275,1.0,2.0,6.0,2019-10-31,0,6.0,Debit,Debit,,False
1551,363,1.0,1.0,2.0,2019-10-31,0,2.0,Debit,Debit,,False
1552,345,1.0,1.0,2.0,2019-10-31,0,2.0,Debit,Debit,,False
1555,266,1.0,2.0,4.0,2019-10-31,0,4.0,Prepaid,Prepaid,,False
1556,260,1.0,2.0,8.0,2019-10-31,0,8.0,Prepaid,Prepaid,,False
1557,275,1.0,2.0,5.0,2019-10-31,0,5.0,Debit,Debit,,False
1558,364,1.0,1.0,2.0,2019-10-31,0,2.0,Debit,Debit,,False
1559,365,1.0,1.0,1.0,2019-10-31,0,1.0,Debit,Debit,,False
1560,263,1.0,2.0,7.0,2019-10-28,3,7.0,"Credit, limit $10k+",Credit,15500.0,False
1561,329,1.0,1.0,3.0,2019-10-31,0,3.0,Debit,Debit,,False
1562,286,1.0,2.0,4.0,2019-10-31,0,4.0,Debit,Debit,,False
1563,361,1.0,1.0,2.0,2019-10-31,0,2.0,Debit,Debit,,False
1564,331,1.0,1.0,3.0,2019-10-31,0,3.0,"Credit, limit under $10k",Credit,6100.0,False
1567,347,1.0,1.0,3.0,2019-10-31,0,3.0,Debit,Debit,,False
1568,346,1.0,1.0,2.0,2019-10-30,1,2.0,Debit,Debit,,False
1569,339,1.0,1.0,5.0,2019-10-31,0,5.0,"Credit, limit $10k+",Credit,10300.0,False
1571,298,1.0,2.0,4.0,2019-10-31,0,4.0,Debit,Debit,,False
1575,365,1.0,1.0,1.0,2019-10-31,0,1.0,Debit,Debit,,False
1576,362,1.0,1.0,2.0,2019-10-31,0,2.0,Debit,Debit,,False
1577,254,1.0,2.0,7.0,2019-10-30,1,7.0,Debit,Debit,,False
1579,342,1.0,1.0,3.0,2019-10-31,0,3.0,Debit,Debit,,False
1581,363,1.0,1.0,2.0,2019-10-31,0,2.0,"Credit, limit under $10k",Credit,9700.0,False
1582,348,1.0,1.0,2.0,2019-10-31,0,2.0,Debit,Debit,,False
1583,324,1.0,2.0,4.0,2019-10-31,0,4.0,Prepaid,Prepaid,,False
1584,279,1.0,2.0,5.0,2019-10-31,0,5.0,Debit,Debit,,False
1585,363,1.0,1.0,2.0,2019-10-31,0,2.0,Debit,Debit,,False
1586,358,1.0,1.0,2.0,2019-10-31,0,2.0,"Credit, limit $10k+",Credit,20700.0,False
1587,363,1.0,1.0,2.0,2019-10-31,0,2.0,"Credit, limit $10k+",Credit,30900.0,False
1589,279,1.0,2.0,3.0,2019-10-31,0,3.0,Debit,Debit,,False
1591,365,1.0,1.0,1.0,2019-10-31,0,1.0,Debit,Debit,,False
1594,347,1.0,1.0,2.0,2019-10-31,0,2.0,Debit,Debit,,False
1595,365,1.0,1.0,1.0,2019-10-31,0,1.0,Debit,Debit,,False
1596,362,1.0,1.0,2.0,2019-10-31,0,2.0,"Credit, limit under $10k",Credit,6600.0,False
1598,263,1.0,2.0,5.0,2019-10-31,0,5.0,"Credit, limit under $10k",Credit,5300.0,False
1600,351,1.0,1.0,2.0,2019-10-31,0,2.0,Debit,Debit,,False
1602,245,1.0,2.0,6.0,2019-10-29,2,6.0,"Credit, limit under $10k",Credit,6600.0,False
1603,354,1.0,1.0,2.0,2019-10-31,0,2.0,"Credit, limit $10k+",Credit,11200.0,False
1604,364,1.0,1.0,2.0,2019-10-31,0,2.0,Debit,Debit,,False
1605,347,1.0,1.0,2.0,2019-10-31,0,2.0,"Credit, limit under $10k",Credit,8700.0,False
1606,265,1.0,2.0,6.0,2019-10-30,1,6.0,Debit,Debit,,False
1609,321,1.0,2.0,3.0,2019-10-31,0,3.0,Debit,Debit,,False
1610,363,1.0,1.0,2.0,2019-10-31,0,2.0,"Credit, limit under $10k",Credit,6600.0,False
1613,352,1.0,1.0,3.0,2019-10-31,0,3.0,Prepaid,Prepaid,,False
1615,330,1.0,2.0,3.0,2019-10-31,0,3.0,Debit,Debit,,False
1616,359,1.0,1.0,2.0,2019-10-31,0,2.0,"Credit, limit $10k+",Credit,22900.0,False
1618,364,1.0,1.0,2.0,2019-10-31,0,2.0,Prepaid,Prepaid,,False
1619,290,1.0,2.0,5.0,2019-10-31,0,5.0,"Credit, limit under $10k",Credit,8300.0,False
1621,351,1.0,1.0,2.0,2019-10-31,0,2.0,Debit,Debit,,False
1622,342,1.0,1.0,2.0,2019-10-31,0,2.0,Debit,Debit,,False
1623,319,1.0,2.0,4.0,2019-10-31,0,4.0,"Credit, limit $10k+",Credit,13300.0,False
1626,364,1.0,1.0,2.0,2019-10-31,0,2.0,"Credit, limit under $10k",Credit,7200.0,False
1629,363,1.0,1.0,2.0,2019-10-31,0,2.0,Debit,Debit,,False
1633,340,1.0,1.0,3.0,2019-10-31,0,3.0,Debit,Debit,,False
1634,353,1.0,1.0,2.0,2019-10-31,0,2.0,Debit,Debit,,False
1635,362,1.0,1.0,2.0,2019-10-31,0,2.0,Debit,Debit,,False
1636,337,1.0,1.0,3.0,2019-10-31,0,3.0,Debit,Debit,,False
1638,359,1.0,1.0,2.0,2019-10-31,0,2.0,"Credit, limit $10k+",Credit,21300.0,False
1639,357,1.0,1.0,2.0,2019-10-31,0,2.0,Debit,Debit,,False
1640,234,1.0,3.0,7.0,2019-10-31,0,7.0,Debit,Debit,,False
1642,359,1.0,1.0,2.0,2019-10-31,0,2.0,Debit,Debit,,False
1644,361,1.0,1.0,2.0,2019-10-31,0,2.0,Debit,Debit,,False
1645,337,1.0,1.0,3.0,2019-10-31,0,3.0,Prepaid,Prepaid,,False
1646,360,1.0,1.0,2.0,2019-10-31,0,2.0,"Credit, limit under $10k",Credit,9000.0,False
1648,365,1.0,1.0,1.0,2019-10-31,0,1.0,Debit,Debit,,False
1649,160,2.0,5.0,11.0,2019-10-29,2,11.0,Prepaid,Prepaid,,False
1651,365,1.0,1.0,1.0,2019-10-31,0,1.0,Debit,Debit,,False
1652,331,1.0,1.0,3.0,2019-10-31,0,3.0,Debit,Debit,,False
1654,365,1.0,1.0,1.0,2019-10-31,0,1.0,"Credit, limit $10k+",Credit,14900.0,False
1656,316,1.0,2.0,3.0,2019-10-31,0,3.0,Debit,Debit,,False
1659,365,1.0,1.0,1.0,2019-10-31,0,1.0,Debit,Debit,,False
1660,329,1.0,1.3000000000000114,3.0,2019-10-31,0,3.0,Debit,Debit,,False
1662,365,1.0,1.0,1.0,2019-10-31,0,1.0,Debit,Debit,,False
1664,364,1.0,1.0,2.0,2019-10-31,0,2.0,"Credit, limit $10k+",Credit,19600.0,False
1666,361,1.0,1.0,2.0,2019-10-31,0,2.0,Debit,Debit,,False
1668,357,1.0,1.0,3.0,2019-10-31,0,3.0,Debit,Debit,,False
1669,307,1.0,2.0,4.0,2019-10-31,0,4.0,"Credit, limit $10k+",Credit,10300.0,False
1670,331,1.0,1.0,3.0,2019-10-31,0,3.0,Debit,Debit,,False
1671,316,1.0,2.0,3.0,2019-10-31,0,3.0,Debit,Debit,,False
1672,336,1.0,1.0,2.0,2019-10-30,1,2.0,Prepaid,Prepaid,,False
1674,245,1.0,3.0,6.0,2019-10-31,0,6.0,Debit,Debit,,False
1675,326,1.0,2.0,3.0,2019-10-31,0,3.0,Debit,Debit,,False
1676,344,1.0,1.0,3.0,2019-10-31,0,3.0,Debit,Debit,,False
1677,351,1.0,1.0,3.0,2019-10-31,0,3.0,Debit,Debit,,False
1678,351,1.0,1.0,2.0,2019-10-31,0,2.0,Debit,Debit,,False
1680,330,1.0,1.0,4.0,2019-10-31,0,4.0,Debit,Debit,,False
1682,337,1.0,1.0,4.0,2019-10-31,0,4.0,"Credit, limit $10k+",Credit,14300.0,False
1684,365,1.0,1.0,1.0,2019-10-31,0,1.0,"Credit, limit under $10k",Credit,5700.0,False
1685,317,1.0,2.0,4.0,2019-10-31,0,4.0,Debit,Debit,,False
1686,363,1.0,1.0,2.0,2019-10-31,0,2.0,"Credit, limit $10k+",Credit,16300.0,False
1687,365,1.0,1.0,1.0,2019-10-31,0,1.0,Debit,Debit,,False
1692,364,1.0,1.0,2.0,2019-10-31,0,2.0,Debit,Debit,,False
1693,322,1.0,2.0,3.0,2019-10-31,0,3.0,Debit,Debit,,False
1694,341,1.0,1.0,3.0,2019-10-31,0,3.0,"Credit, limit $10k+",Credit,16900.0,False
1695,263,1.0,2.0,5.0,2019-10-31,0,5.0,"Credit, limit under $10k",Credit,4100.0,False
1697,358,1.0,1.0,2.0,2019-10-31,0,2.0,Debit,Debit,,False
1699,363,1.0,1.0,2.0,2019-10-31,0,2.0,"Credit, limit $10k+",Credit,24600.0,False
1700,323,1.0,2.0,3.0,2019-10-30,1,3.0,"Credit, limit under $10k",Credit,4600.0,False
1702,330,1.0,1.0,3.0,2019-10-31,0,3.0,Prepaid,Prepaid,,False
1703,365,1.0,1.0,1.0,2019-10-31,0,1.0,"Credit, limit $10k+",Credit,10600.0,False
1709,302,1.0,2.0,4.0,2019-10-31,0,4.0,Debit,Debit,,False
1710,315,1.0,2.0,4.0,2019-10-31,0,4.0,Debit,Debit,,False
1712,365,1.0,1.0,1.0,2019-10-31,0,1.0,Debit,Debit,,False
1717,364,1.0,1.0,2.0,2019-10-31,0,2.0,Debit,Debit,,False
1718,365,1.0,1.0,1.0,2019-10-31,0,1.0,Debit,Debit,,False
1719,342,1.0,1.0,3.0,2019-10-31,0,3.0,Debit,Debit,,False
1720,333,1.0,1.0,4.0,2019-10-31,0,4.0,Debit,Debit,,False
1723,310,1.0,2.0,4.0,2019-10-31,0,4.0,Debit,Debit,,False
1725,353,1.0,1.0,2.0,2019-10-31,0,2.0,Prepaid,Prepaid,,False
1727,365,1.0,1.0,1.0,2019-10-31,0,1.0,Debit,Debit,,False
1728,273,1.0,2.0,5.0,2019-10-30,1,5.0,"Credit, limit under $10k",Credit,3800.0,False
1730,354,1.0,1.0,2.0,2019-10-31,0,2.0,Debit,Debit,,False
1731,240,1.0,2.200000000000017,6.0,2019-10-31,0,6.0,Debit,Debit,,False
1733,353,1.0,1.0,2.0,2019-10-31,0,2.0,Debit,Debit,,False
1735,329,1.0,1.3000000000000114,3.0,2019-10-31,0,3.0,Debit,Debit,,False
1736,364,1.0,1.0,2.0,2019-10-31,0,2.0,Debit,Debit,,False
1737,355,1.0,1.0,2.0,2019-10-31,0,2.0,Debit,Debit,,False
1740,238,1.0,1.0,2.0,2019-10-31,0,2.0,Debit,Debit,,False
1741,353,1.0,1.0,2.0,2019-10-31,0,2.0,"Credit, limit under $10k",Credit,7300.0,False
1742,340,1.0,1.0,3.0,2019-10-31,0,3.0,Debit,Debit,,False
1744,230,1.0,3.0,6.0,2019-10-31,0,6.0,Debit,Debit,,False
1746,275,1.0,2.0,6.0,2019-10-31,0,6.0,Debit,Debit,,False
1749,176,2.0,4.0,9.0,2019-10-30,1,9.0,Prepaid,Prepaid,,False
1750,349,1.0,1.0,2.0,2019-10-31,0,2.0,Prepaid,Prepaid,,False
1752,351,1.0,1.0,2.0,2019-10-31,0,2.0,Debit,Debit,,False
1753,346,1.0,1.0,3.0,2019-10-31,0,3.0,Debit,Debit,,False
1755,361,1.0,1.0,2.0,2019-10-31,0,2.0,Prepaid,Prepaid,,False
1756,284,1.0,2.0,4.0,2019-10-31,0,4.0,"Credit, limit $10k+",Credit,19100.0,False
1757,324,1.0,2.0,3.0,2019-10-31,0,3.0,"Credit, limit $10k+",Credit,13200.0,False
1758,362,1.0,1.0,2.0,2019-10-31,0,2.0,Debit,Debit,,False
1759,364,1.0,1.0,2.0,2019-10-31,0,2.0,"Credit, limit $10k+",Credit,11000.0,False
1762,334,1.0,1.0,3.0,2019-10-31,0,3.0,"Credit, limit $10k+",Credit,18400.0,False
1763,336,1.0,1.0,3.0,2019-10-31,0,3.0,Debit,Debit,,False
1764,293,1.0,2.0,4.0,2019-10-31,0,4.0,"Credit, limit under $10k",Credit,8900.0,False
1765,353,1.0,1.0,2.0,2019-10-31,0,2.0,Debit,Debit,,False
1766,258,1.0,2.0,5.0,2019-10-31,0,5.0,Debit,Debit,,False
1769,365,1.0,1.0,1.0,2019-10-31,0,1.0,"Credit, limit under $10k",Credit,9700.0,False
1770,343,1.0,1.0,2.0,2019-10-31,0,2.0,Debit,Debit,,False
1771,356,1.0,1.0,2.0,2019-10-31,0,2.0,Debit,Debit,,False
1772,364,1.0,1.0,2.0,2019-10-31,0,2.0,Prepaid,Prepaid,,False
1774,352,1.0,1.0,2.0,2019-10-31,0,2.0,"Credit, limit under $10k",Credit,8400.0,False
1775,364,1.0,1.0,2.0,2019-10-31,0,2.0,Debit,Debit,,False
1776,364,1.0,1.0,2.0,2019-10-31,0,2.0,"Credit, limit $10k+",Credit,13400.0,False
1777,364,1.0,1.0,2.0,2019-10-31,0,2.0,Debit,Debit,,False
1779,354,1.0,1.0,3.0,2019-10-31,0,3.0,Debit,Debit,,False
1781,284,1.0,2.0,4.0,2019-10-31,0,4.0,Debit,Debit,,False
1782,287,1.0,2.0,5.0,2019-10-31,0,5.0,Debit,Debit,,False
1783,346,1.0,1.0,3.0,2019-10-31,0,3.0,Debit,Debit,,False
1785,297,1.0,2.0,4.0,2019-10-31,0,4.0,Debit,Debit,,False
1786,364,1.0,1.0,2.0,2019-10-31,0,2.0,Debit,Debit,,False
1787,363,1.0,1.0,2.0,2019-10-31,0,2.0,"Credit, limit $10k+",Credit,11400.0,False
1788,358,1.0,1.0,2.0,2019-10-31,0,2.0,Debit,Debit,,False
1789,354,1.0,1.0,3.0,2019-10-31,0,3.0,Debit,Debit,,False
1791,286,1.0,2.0,6.0,2019-10-31,0,6.0,Debit,Debit,,False
1793,239,1.0,3.0,6.0,2019-10-31,0,6.0,Prepaid,Prepaid,,False
1794,344,1.0,1.0,2.0,2019-10-31,0,2.0,Debit,Debit,,False
1797,365,1.0,1.0,1.0,2019-10-31,0,1.0,Debit,Debit,,False
1799,364,1.0,1.0,2.0,2019-10-31,0,2.0,Prepaid,Prepaid,,False
1802,363,1.0,1.0,2.0,2019-10-31,0,2.0,Debit,Debit,,False
1805,332,1.0,1.0,3.0,2019-10-31,0,3.0,"Credit, limit under $10k",Credit,3800.0,False
1807,365,1.0,1.0,1.0,2019-10-31,0,1.0,"Credit, limit $10k+",Credit,13200.0,False
1808,337,1.0,1.0,4.0,2019-10-31,0,4.0,"Credit, limit under $10k",Credit,9100.0,False
1809,362,1.0,1.0,2.0,2019-10-31,0,2.0,Debit,Debit,,False
1810,340,1.0,1.0,3.0,2019-10-31,0,3.0,"Credit, limit under $10k",Credit,7900.0,False
1811,365,1.0,1.0,1.0,2019-10-31,0,1.0,Debit,Debit,,False
1812,353,1.0,1.0,2.0,2019-10-31,0,2.0,Debit,Debit,,False
1813,355,1.0,1.0,2.0,2019-10-31,0,2.0,"Credit, limit $10k+",Credit,13500.0,False
1815,348,1.0,1.0,3.0,2019-10-31,0,3.0,Debit,Debit,,False
1816,283,1.0,2.0,4.0,2019-10-31,0,4.0,"Credit, limit $10k+",Credit,10200.0,False
1817,364,1.0,1.0,2.0,2019-10-31,0,2.0,Debit,Debit,,False
1818,365,1.0,1.0,1.0,2019-10-31,0,1.0,Debit,Debit,,False
1820,232,1.0,3.0,5.0,2019-10-31,0,5.0,"Credit, limit under $10k",Credit,7900.0,False
1823,349,1.0,1.0,2.0,2019-10-31,0,2.0,"Credit, limit $10k+",Credit,14900.0,False
1825,358,1.0,1.0,2.0,2019-10-31,0,2.0,"Credit, limit $10k+",Credit,10200.0,False
1826,318,1.0,2.0,4.0,2019-10-31,0,4.0,Prepaid,Prepaid,,False
1827,348,1.0,1.0,3.0,2019-10-31,0,3.0,"Credit, limit $10k+",Credit,10400.0,False
1830,360,1.0,1.0,2.0,2019-10-31,0,2.0,"Credit, limit $10k+",Credit,10600.0,False
1833,351,1.0,1.0,3.0,2019-10-30,1,3.0,Debit,Debit,,False
1834,329,1.0,1.0,3.0,2019-10-31,0,3.0,Debit,Debit,,False
1837,337,1.0,1.0,3.0,2019-10-30,1,3.0,Debit,Debit,,False
1840,362,1.0,1.0,2.0,2019-10-31,0,2.0,"Credit, limit under $10k",Credit,4600.0,False
1842,359,1.0,1.0,2.0,2019-10-31,0,2.0,Debit,Debit,,False
1843,365,1.0,1.0,1.0,2019-10-31,0,1.0,"Credit, limit $10k+",Credit,12300.0,False
1844,347,1.0,1.0,3.0,2019-10-31,0,3.0,Debit,Debit,,False
1846,312,1.0,2.0,4.0,2019-10-31,0,4.0,"Credit, limit under $10k",Credit,6900.0,False
1849,355,1.0,1.0,2.0,2019-10-31,0,2.0,"Credit, limit $10k+",Credit,10600.0,False
1851,292,1.0,2.0,4.0,2019-10-31,0,4.0,Prepaid,Prepaid,,False
1852,364,1.0,1.0,2.0,2019-10-31,0,2.0,Debit,Debit,,False
1853,329,1.0,1.3000000000000114,3.0,2019-10-31,0,3.0,Debit,Debit,,False
1854,350,1.0,1.0,3.0,2019-10-31,0,3.0,"Credit, limit under $10k",Credit,7200.0,False
1855,332,1.0,1.0,4.0,2019-10-31,0,4.0,"Credit, limit $10k+",Credit,13400.0,False
1856,339,1.0,1.0,4.0,2019-10-31,0,4.0,Debit,Debit,,False
1857,360,1.0,1.0,2.0,2019-10-31,0,2.0,"Credit, limit $10k+",Credit,27700.0,False
1858,319,1.0,2.0,4.0,2019-10-31,0,4.0,"Credit, limit under $10k",Credit,8200.0,False
1859,345,1.0,1.0,3.0,2019-10-31,0,3.0,Prepaid,Prepaid,,False
1861,320,1.0,2.0,4.0,2019-10-31,0,4.0,"Credit, limit $10k+",Credit,17300.0,False
1862,362,1.0,1.0,2.0,2019-10-31,0,2.0,"Credit, limit $10k+",Credit,10200.0,False
1863,354,1.0,1.0,2.0,2019-10-31,0,2.0,Debit,Debit,,False
1871,329,1.0,1.0,5.0,2019-10-31,0,5.0,Debit,Debit,,False
1872,332,1.0,1.0,3.0,2019-10-30,1,3.0,Debit,Debit,,False
1873,364,1.0,1.0,2.0,2019-10-31,0,2.0,Debit,Debit,,False
1874,340,1.0,1.0,3.0,2019-10-31,0,3.0,"Credit, limit $10k+",Credit,12900.0,False
1875,332,1.0,1.0,3.0,2019-10-31,0,3.0,Debit,Debit,,False
1876,222,1.0,3.0,9.0,2019-10-29,2,9.0,Debit,Debit,,False
1877,361,1.0,1.0,2.0,2019-10-31,0,2.0,Debit,Debit,,False
1880,358,1.0,1.0,2.0,2019-10-31,0,2.0,Debit,Debit,,False
1881,364,1.0,1.0,2.0,2019-10-31,0,2.0,Debit,Debit,,False
1882,271,1.0,2.0,5.0,2019-10-31,0,5.0,Debit,Debit,,False
1885,363,1.0,1.0,2.0,2019-10-31,0,2.0,Prepaid,Prepaid,,False
1888,364,1.0,1.0,2.0,2019-10-31,0,2.0,Debit,Debit,,False
1891,341,1.0,1.0,3.0,2019-10-31,0,3.0,Debit,Debit,,False
1895,348,1.0,1.0,2.0,2019-10-31,0,2.0,Debit,Debit,,False
1896,358,1.0,1.0,2.0,2019-10-31,0,2.0,"Credit, limit $10k+",Credit,14000.0,False
1897,362,1.0,1.0,2.0,2019-10-31,0,2.0,Debit,Debit,,False
1898,356,1.0,1.0,2.0,2019-10-31,0,2.0,Debit,Debit,,False
1899,330,1.0,1.0,3.0,2019-10-31,0,3.0,Debit,Debit,,False
1901,347,1.0,1.0,3.0,2019-10-31,0,3.0,Prepaid,Prepaid,,False
1902,353,1.0,1.0,3.0,2019-10-31,0,3.0,"Credit, limit $10k+",Credit,12200.0,False
1903,364,1.0,1.0,2.0,2019-10-31,0,2.0,"Credit, limit $10k+",Credit,14900.0,False
1904,360,1.0,1.0,2.0,2019-10-31,0,2.0,Prepaid,Prepaid,,False
1905,247,1.0,3.0,5.0,2019-10-29,2,5.0,Debit,Debit,,False
1908,364,1.0,1.0,2.0,2019-10-31,0,2.0,Debit,Debit,,False
1909,365,1.0,1.0,1.0,2019-10-31,0,1.0,"Credit, limit under $10k",Credit,6100.0,False
1910,364,1.0,1.0,2.0,2019-10-31,0,2.0,Prepaid,Prepaid,,False
1913,356,1.0,1.0,2.0,2019-10-31,0,2.0,Debit,Debit,,False
1915,361,1.0,1.0,2.0,2019-10-31,0,2.0,"Credit, limit $10k+",Credit,14800.0,False
1916,279,1.0,2.0,5.0,2019-10-31,0,5.0,"Credit, limit under $10k",Credit,7400.0,False
1917,360,1.0,1.0,2.0,2019-10-31,0,2.0,Prepaid,Prepaid,,False
1918,319,1.0,2.0,4.0,2019-10-31,0,4.0,Debit,Debit,,False
1919,358,1.0,1.0,3.0,2019-10-31,0,3.0,Debit,Debit,,False
1920,364,1.0,1.0,2.0,2019-10-31,0,2.0,Debit,Debit,,False
1921,326,1.0,1.0,4.0,2019-10-31,0,4.0,"Credit, limit under $10k",Credit,2900.0,False
1923,324,1.0,2.0,4.0,2019-10-31,0,4.0,"Credit, limit $10k+",Credit,11400.0,False
1926,349,1.0,1.0,3.0,2019-10-31,0,3.0,"Credit, limit under $10k",Credit,4200.0,False
1928,348,1.0,1.0,2.0,2019-10-31,0,2.0,Debit,Debit,,False
1931,364,1.0,1.0,2.0,2019-10-31,0,2.0,Debit,Debit,,False
1936,353,1.0,1.0,2.0,2019-10-31,0,2.0,Debit,Debit,,False
1937,351,1.0,1.0,2.0,2019-10-31,0,2.0,"Credit, limit $10k+",Credit,16400.0,False
1940,346,1.0,1.0,3.0,2019-10-31,0,3.0,Debit,Debit,,False
1941,361,1.0,1.0,2.0,2019-10-31,0,2.0,Debit,Debit,,False
1942,335,1.0,1.0,3.0,2019-10-31,0,3.0,Debit,Debit,,False
1944,352,1.0,1.0,3.0,2019-10-31,0,3.0,"Credit, limit $10k+",Credit,11100.0,False
1945,262,1.0,2.0,5.0,2019-10-31,0,5.0,Debit,Debit,,False
1946,351,1.0,1.0,2.0,2019-10-31,0,2.0,Debit,Debit,,False
1954,364,1.0,1.0,2.0,2019-10-31,0,2.0,Debit,Debit,,False
1955,361,1.0,1.0,2.0,2019-10-31,0,2.0,Debit,Debit,,False
1956,336,1.0,1.0,3.0,2019-10-31,0,3.0,"Credit, limit $10k+",Credit,11500.0,False
1958,336,1.0,1.0,4.0,2019-10-31,0,4.0,Debit,Debit,,False
1959,261,1.0,2.0,4.0,2019-10-31,0,4.0,"Credit, limit $10k+",Credit,11100.0,False
1962,353,1.0,1.0,3.0,2019-10-31,0,3.0,Debit,Debit,,False
1963,365,1.0,1.0,1.0,2019-10-31,0,1.0,"Credit, limit $10k+",Credit,20700.0,False
1964,353,1.0,1.0,2.0,2019-10-31,0,2.0,"Credit, limit under $10k",Credit,9600.0,False
1966,364,1.0,1.0,2.0,2019-10-31,0,2.0,Debit,Debit,,False
1967,344,1.0,1.0,2.0,2019-10-30,1,2.0,Prepaid,Prepaid,,False
1969,365,1.0,1.0,1.0,2019-10-31,0,1.0,Debit,Debit,,False
1971,337,1.0,1.0,3.0,2019-10-31,0,3.0,Debit,Debit,,False
1972,343,1.0,1.0,3.0,2019-10-31,0,3.0,"Credit, limit under $10k",Credit,4900.0,False
1973,271,1.0,2.0,4.0,2019-10-31,0,4.0,Debit,Debit,,False
1975,339,1.0,1.0,3.0,2019-10-31,0,3.0,Debit,Debit,,False
1976,354,1.0,1.0,2.0,2019-10-31,0,2.0,Debit,Debit,,False
1977,356,1.0,1.0,2.0,2019-10-31,0,2.0,Debit,Debit,,False
1979,243,1.0,3.0,5.0,2019-10-31,0,5.0,Debit,Debit,,False
1980,260,1.0,2.0,5.0,2019-10-30,1,5.0,Debit,Debit,,False
1981,266,1.0,2.0,5.0,2019-10-30,1,5.0,Debit,Debit,,False
1983,357,1.0,1.0,2.0,2019-10-31,0,2.0,"Credit, limit $10k+",Credit,51900.0,False
1985,364,1.0,1.0,2.0,2019-10-31,0,2.0,Debit,Debit,,False
1986,312,1.0,2.0,4.0,2019-10-31,0,4.0,Debit,Debit,,False
1988,364,1.0,1.0,2.0,2019-10-31,0,2.0,Debit,Debit,,False
1989,363,1.0,1.0,2.0,2019-10-31,0,2.0,"Credit, limit $10k+",Credit,21200.0,False
1992,364,1.0,1.0,2.0,2019-10-31,0,2.0,Debit,Debit,,False
1993,336,1.0,1.0,3.0,2019-10-31,0,3.0,"Credit, limit $10k+",Credit,19500.0,False
1994,343,1.0,1.0,2.0,2019-10-31,0,2.0,"Credit, limit $10k+",Credit,21600.0,False
1995,358,1.0,1.0,2.0,2019-10-31,0,2.0,"Credit, limit under $10k",Credit,4000.0,False
1996,300,1.0,2.0,5.0,2019-10-31,0,5.0,Debit,Debit,,False
1997,342,1.0,1.0,4.0,2019-10-31,0,4.0,"Credit, limit $10k+",Credit,25600.0,False
1998,248,1.0,2.0,6.0,2019-10-31,0,6.0,Prepaid,Prepaid,,False
