first_touch_channel,customers,established,credit_led,mean_interchange,median_interchange,total_interchange,active_rate,credit_led_share,established_share
affiliate,192,68,24,172.83241023437498,0.0,33183.822765,0.359375,0.125,0.3541666666666667
paid_social_meta,162,75,41,259.2389674074074,0.0,41996.71272,0.46296296296296297,0.25308641975308643,0.46296296296296297
paid_search_brand,136,62,27,224.738921875,0.0,30564.493375,0.45588235294117646,0.19852941176470587,0.45588235294117646
organic_search,128,49,24,226.6917873828125,0.0,29016.548785,0.3828125,0.1875,0.3828125
paid_search_nonbrand,123,50,24,244.67303756097562,0.0,30094.783620000002,0.4065040650406504,0.1951219512195122,0.4065040650406504
microsoft_ads,78,32,17,189.46210596153847,0.0,14778.044265,0.41025641025641024,0.21794871794871795,0.41025641025641024
direct,66,30,18,224.39393704545455,0.0,14809.999845,0.45454545454545453,0.2727272727272727,0.45454545454545453
apple_search_ads,51,19,8,184.15271588235294,0.0,9391.78851,0.37254901960784315,0.1568627450980392,0.37254901960784315
paid_social_reddit,41,21,10,213.14855414634147,103.847905,8739.09072,0.5121951219512195,0.24390243902439024,0.5121951219512195
referral,17,16,6,371.5124914705882,345.7888,6315.712355,0.9411764705882353,0.35294117647058826,0.9411764705882353
