last_touch_channel,customers,established,credit_led,mean_interchange,active_rate
paid_search_brand,166,123,58,379.76898939759036,0.7469879518072289
direct,113,79,39,361.34932176991146,0.6991150442477876
organic_search,27,18,8,397.44325,0.6666666666666666
paid_social_meta,21,14,5,323.7245995238095,0.6666666666666666
paid_search_nonbrand,17,12,4,476.88938411764707,0.7058823529411765
microsoft_ads,6,4,3,387.6215208333333,0.6666666666666666
affiliate,2,1,0,62.9950175,0.5
apple_search_ads,2,2,1,562.64157,1.0
paid_social_reddit,2,2,2,1504.5137175,1.0
referral,2,2,0,442.76982499999997,1.0
