month,channel,spend
2016-01,apple_search_ads,9270.12
2016-01,microsoft_ads,6980.4800000000005
2016-01,paid_search_brand,12586.62
2016-01,paid_search_nonbrand,18751.47
2016-01,paid_social_meta,23564.91
2016-01,paid_social_reddit,5601.94
2016-02,apple_search_ads,9122.58
2016-02,microsoft_ads,6804.86
2016-02,paid_search_brand,11842.2
2016-02,paid_search_nonbrand,17757.93
2016-02,paid_social_meta,22478.64
2016-02,paid_social_reddit,5663.7
2016-03,apple_search_ads,9938.26
2016-03,microsoft_ads,7733.4
2016-03,paid_search_brand,13888.76
2016-03,paid_search_nonbrand,20010.57
2016-03,paid_social_meta,25145.34
2016-03,paid_social_reddit,6118.38
2016-04,apple_search_ads,9911.94
2016-04,microsoft_ads,7731.8
2016-04,paid_search_brand,13513.14
2016-04,paid_search_nonbrand,19934.64
2016-04,paid_social_meta,25221.81
2016-04,paid_social_reddit,6253.8
2016-05,apple_search_ads,10800.54
2016-05,microsoft_ads,8616.34
2016-05,paid_search_brand,14529.28
2016-05,paid_search_nonbrand,21431.01
2016-05,paid_social_meta,27186.78
2016-05,paid_social_reddit,6790.54
2016-06,apple_search_ads,10804.94
2016-06,microsoft_ads,8525.86
2016-06,paid_search_brand,14562.94
2016-06,paid_search_nonbrand,21648.989999999998
2016-06,paid_social_meta,28808.4
2016-06,paid_social_reddit,6586.4
2016-07,apple_search_ads,11471.34
2016-07,microsoft_ads,8896.22
2016-07,paid_search_brand,15786.96
2016-07,paid_search_nonbrand,23682.27
2016-07,paid_social_meta,28416.27
2016-07,paid_social_reddit,7082.86
2016-08,apple_search_ads,12511.9
2016-08,microsoft_ads,9899.8
2016-08,paid_search_brand,16316.7
2016-08,paid_search_nonbrand,24447.510000000002
2016-08,paid_social_meta,31054.98
2016-08,paid_social_reddit,7461.34
2016-09,apple_search_ads,12245.24
2016-09,microsoft_ads,9083.52
2016-09,paid_search_brand,16424.5
2016-09,paid_search_nonbrand,23654.61
2016-09,paid_social_meta,30925.170000000002
2016-09,paid_social_reddit,7579.4800000000005
2016-10,apple_search_ads,12730.84
2016-10,microsoft_ads,9982.98
2016-10,paid_search_brand,17417.12
2016-10,paid_search_nonbrand,25384.77
2016-10,paid_social_meta,32943.9
2016-10,paid_social_reddit,7843.86
2016-11,apple_search_ads,12713.1
2016-11,microsoft_ads,9981.119999999999
2016-11,paid_search_brand,17690.64
2016-11,paid_search_nonbrand,25406.4
2016-11,paid_social_meta,32999.67
2016-11,paid_social_reddit,7813.4
2016-12,apple_search_ads,13522.92
2016-12,microsoft_ads,10597.8
2016-12,paid_search_brand,18313.54
2016-12,paid_search_nonbrand,26580.42
2016-12,paid_social_meta,33952.53
2016-12,paid_social_reddit,8349.8
2017-01,apple_search_ads,13842.04
2017-01,microsoft_ads,10858.72
2017-01,paid_search_brand,19048.420000000002
2017-01,paid_search_nonbrand,28129.71
2017-01,paid_social_meta,35236.2
2017-01,paid_social_reddit,8506.24
2017-02,apple_search_ads,13400.8
2017-02,microsoft_ads,10360.38
2017-02,paid_search_brand,17839.32
2017-02,paid_search_nonbrand,25740.81
2017-02,paid_social_meta,33909.45
2017-02,paid_social_reddit,8017.48
2017-03,apple_search_ads,15011.16
2017-03,microsoft_ads,11445.12
2017-03,paid_search_brand,20052.96
2017-03,paid_search_nonbrand,29013.48
2017-03,paid_social_meta,37643.13
2017-03,paid_social_reddit,9002.74
2017-04,apple_search_ads,14685.94
2017-04,microsoft_ads,11451.5
2017-04,paid_search_brand,19428.6
2017-04,paid_search_nonbrand,28404.36
2017-04,paid_social_meta,36817.26
2017-04,paid_social_reddit,8944.42
2017-05,apple_search_ads,15680.2
2017-05,microsoft_ads,12275.68
2017-05,paid_search_brand,21638.78
2017-05,paid_search_nonbrand,30684.66
2017-05,paid_social_meta,39639.03
2017-05,paid_social_reddit,9776.34
2017-06,apple_search_ads,15384.22
2017-06,microsoft_ads,11964.1
2017-06,paid_search_brand,21161.18
2017-06,paid_search_nonbrand,30678.33
2017-06,paid_social_meta,38058.0
2017-06,paid_social_reddit,9420.039999999999
2017-07,apple_search_ads,15890.64
2017-07,microsoft_ads,12648.06
2017-07,paid_search_brand,21714.04
2017-07,paid_search_nonbrand,32702.49
2017-07,paid_social_meta,41460.39
2017-07,paid_social_reddit,9889.960000000001
2017-08,apple_search_ads,16749.36
2017-08,microsoft_ads,13117.6
2017-08,paid_search_brand,22405.18
2017-08,paid_search_nonbrand,32492.79
2017-08,paid_social_meta,42254.55
2017-08,paid_social_reddit,10697.44
2017-09,apple_search_ads,16385.34
2017-09,microsoft_ads,12841.68
2017-09,paid_search_brand,23296.62
2017-09,paid_search_nonbrand,31928.100000000002
2017-09,paid_social_meta,41365.68
2017-09,paid_social_reddit,10184.42
2017-10,apple_search_ads,18085.84
2017-10,microsoft_ads,14030.1
2017-10,paid_search_brand,23988.82
2017-10,paid_search_nonbrand,34292.61
2017-10,paid_social_meta,43558.53
2017-10,paid_social_reddit,10832.34
2017-11,apple_search_ads,17564.4
2017-11,microsoft_ads,13480.38
2017-11,paid_search_brand,23744.98
2017-11,paid_search_nonbrand,34015.08
2017-11,paid_social_meta,44180.79
2017-11,paid_social_reddit,10820.98
2017-12,apple_search_ads,18075.18
2017-12,microsoft_ads,13579.22
2017-12,paid_search_brand,24598.66
2017-12,paid_search_nonbrand,35557.26
2017-12,paid_social_meta,44652.75
2017-12,paid_social_reddit,10766.06
2018-01,apple_search_ads,19009.02
2018-01,microsoft_ads,14344.68
2018-01,paid_search_brand,26868.34
2018-01,paid_search_nonbrand,37368.33
2018-01,paid_social_meta,48008.4
2018-01,paid_social_reddit,11449.56
2018-02,apple_search_ads,16626.82
2018-02,microsoft_ads,13501.84
2018-02,paid_search_brand,23640.0
2018-02,paid_search_nonbrand,35058.9
2018-02,paid_social_meta,44920.26
2018-02,paid_social_reddit,10349.8
2018-03,apple_search_ads,19928.82
2018-03,microsoft_ads,14548.38
2018-03,paid_search_brand,27276.8
2018-03,paid_search_nonbrand,37617.63
2018-03,paid_social_meta,50320.229999999996
2018-03,paid_social_reddit,12104.14
2018-04,apple_search_ads,18882.5
2018-04,microsoft_ads,14434.9
2018-04,paid_search_brand,25843.28
2018-04,paid_search_nonbrand,39303.72
2018-04,paid_social_meta,48420.15
2018-04,paid_social_reddit,11921.18
2018-05,apple_search_ads,20542.079999999998
2018-05,microsoft_ads,15885.86
2018-05,paid_search_brand,27977.42
2018-05,paid_search_nonbrand,40304.28
2018-05,paid_social_meta,52216.95
2018-05,paid_social_reddit,12640.38
2018-06,apple_search_ads,19690.58
2018-06,microsoft_ads,14514.1
2018-06,paid_search_brand,26957.14
2018-06,paid_search_nonbrand,39522.27
2018-06,paid_social_meta,48861.09
2018-06,paid_social_reddit,12317.24
2018-07,apple_search_ads,20828.38
2018-07,microsoft_ads,16489.44
2018-07,paid_search_brand,28008.62
2018-07,paid_search_nonbrand,41869.02
2018-07,paid_social_meta,53836.11
2018-07,paid_social_reddit,12992.88
2018-08,apple_search_ads,21471.3
2018-08,microsoft_ads,16821.62
2018-08,paid_search_brand,29267.36
2018-08,paid_search_nonbrand,42551.64
2018-08,paid_social_meta,56429.07
2018-08,paid_social_reddit,13155.64
2018-09,apple_search_ads,20606.52
2018-09,microsoft_ads,16199.08
2018-09,paid_search_brand,28173.62
2018-09,paid_search_nonbrand,42028.53
2018-09,paid_social_meta,50540.22
2018-09,paid_social_reddit,13030.4
2018-10,apple_search_ads,22729.56
2018-10,microsoft_ads,17544.12
2018-10,paid_search_brand,30041.5
2018-10,paid_search_nonbrand,45638.52
2018-10,paid_social_meta,56322.93
2018-10,paid_social_reddit,13559.16
2018-11,apple_search_ads,21966.420000000002
2018-11,microsoft_ads,16770.78
2018-11,paid_search_brand,30923.52
2018-11,paid_search_nonbrand,42798.81
2018-11,paid_social_meta,57095.88
2018-11,paid_social_reddit,12839.24
2018-12,apple_search_ads,22875.36
2018-12,microsoft_ads,17836.18
2018-12,paid_search_brand,31611.78
2018-12,paid_search_nonbrand,43630.47
2018-12,paid_social_meta,58770.42
2018-12,paid_social_reddit,14216.02
2019-01,apple_search_ads,23479.92
2019-01,microsoft_ads,18465.88
2019-01,paid_search_brand,32950.58
2019-01,paid_search_nonbrand,47066.7
2019-01,paid_social_meta,61348.59
2019-01,paid_social_reddit,14746.539999999999
2019-02,apple_search_ads,21943.6
2019-02,microsoft_ads,16869.44
2019-02,paid_search_brand,29208.94
2019-02,paid_search_nonbrand,44104.35
2019-02,paid_social_meta,54858.06
2019-02,paid_social_reddit,13796.64
2019-03,apple_search_ads,24209.66
2019-03,microsoft_ads,18489.12
2019-03,paid_search_brand,46088.44
2019-03,paid_search_nonbrand,47897.58
2019-03,paid_social_meta,85764.57
2019-03,paid_social_reddit,15234.880000000001
2019-04,apple_search_ads,23542.34
2019-04,microsoft_ads,18827.92
2019-04,paid_search_brand,32759.32
2019-04,paid_search_nonbrand,46654.35
2019-04,paid_social_meta,59717.07
2019-04,paid_social_reddit,14515.56
2019-05,apple_search_ads,25541.84
2019-05,microsoft_ads,19564.22
2019-05,paid_search_brand,35011.56
2019-05,paid_search_nonbrand,47966.82
2019-05,paid_social_meta,63801.81
2019-05,paid_social_reddit,15261.16
2019-06,apple_search_ads,24170.5
2019-06,microsoft_ads,19013.52
2019-06,paid_search_brand,33105.26
2019-06,paid_search_nonbrand,47207.49
2019-06,paid_social_meta,60880.83
2019-06,paid_social_reddit,14371.22
2019-07,apple_search_ads,25360.14
2019-07,microsoft_ads,20164.84
2019-07,paid_search_brand,35564.02
2019-07,paid_search_nonbrand,52297.35
2019-07,paid_social_meta,67180.11
2019-07,paid_social_reddit,15840.82
2019-08,apple_search_ads,26502.06
2019-08,microsoft_ads,20763.08
2019-08,paid_search_brand,34481.6
2019-08,paid_search_nonbrand,49879.02
2019-08,paid_social_meta,64950.15
2019-08,paid_social_reddit,15704.64
2019-09,apple_search_ads,25437.2
2019-09,microsoft_ads,19866.7
2019-09,paid_search_brand,34445.14
2019-09,paid_search_nonbrand,51570.18
2019-09,paid_social_meta,64903.74
2019-09,paid_social_reddit,16011.98
2019-10,apple_search_ads,26598.28
2019-10,microsoft_ads,21371.579999999998
2019-10,paid_search_brand,36467.84
2019-10,paid_search_nonbrand,53104.95
2019-10,paid_social_meta,69251.58
2019-10,paid_social_reddit,16421.94
2019-11,apple_search_ads,26090.0
2019-11,microsoft_ads,20029.62
2019-11,paid_search_brand,35546.6
2019-11,paid_search_nonbrand,53554.92
2019-11,paid_social_meta,68283.24
2019-11,paid_social_reddit,16409.02
2019-12,apple_search_ads,28396.46
2019-12,microsoft_ads,21924.4
2019-12,paid_search_brand,38103.78
2019-12,paid_search_nonbrand,55629.36
2019-12,paid_social_meta,69157.11
2019-12,paid_social_reddit,17036.34
2020-01,apple_search_ads,28619.2
2020-01,microsoft_ads,21467.5
2020-01,paid_search_brand,38746.44
2020-01,paid_search_nonbrand,56799.63
2020-01,paid_social_meta,72969.21
2020-01,paid_social_reddit,17134.38
2020-02,apple_search_ads,27083.64
2020-02,microsoft_ads,20944.46
2020-02,paid_search_brand,36857.92
2020-02,paid_search_nonbrand,51741.72
2020-02,paid_social_meta,69400.08
2020-02,paid_social_reddit,16787.06
